[0m18:35:26.629965 [debug] [MainThread]: Sending event: {'category': 'dbt', 'action': 'invocation', 'label': 'start', 'context': [<snowplow_tracker.self_describing_json.SelfDescribingJson object at 0x000002BD3C3D8AD0>, <snowplow_tracker.self_describing_json.SelfDescribingJson object at 0x000002BD3E767ED0>, <snowplow_tracker.self_describing_json.SelfDescribingJson object at 0x000002BD3E767B10>]}


============================== 18:35:26.846943 | fcdb5927-5766-4eae-ba11-ba4088ad0f3a ==============================
[0m18:35:26.846943 [info ] [MainThread]: Running with dbt=1.11.7
[0m18:35:26.848054 [debug] [MainThread]: running dbt with arguments {'version_check': 'True', 'no_print': 'None', 'static_parser': 'True', 'target_path': 'None', 'warn_error_options': 'WarnErrorOptionsV2(error=[], warn=[], silence=[])', 'printer_width': '80', 'write_json': 'True', 'introspect': 'True', 'log_cache_events': 'False', 'empty': 'None', 'cache_selected_only': 'False', 'fail_fast': 'False', 'debug': 'False', 'log_format': 'default', 'profiles_dir': 'C:\\Users\\Admin\\.dbt', 'send_anonymous_usage_stats': 'True', 'quiet': 'False', 'warn_error': 'None', 'partial_parse': 'True', 'indirect_selection': 'eager', 'use_colors': 'True', 'invocation_command': 'dbt debug', 'use_experimental_parser': 'False', 'log_path': 'C:\\Users\\Admin\\workspace\\DE_2025\\Project3_Covid19_JW\\dbt_project\\logs'}
[0m18:35:27.370163 [info ] [MainThread]: dbt version: 1.11.7
[0m18:35:27.371144 [info ] [MainThread]: python version: 3.13.12
[0m18:35:27.371922 [info ] [MainThread]: python path: C:\Users\Admin\workspace\DE_2025\Project3_Covid19_JW\.venv\Scripts\python.exe
[0m18:35:27.372754 [info ] [MainThread]: os info: Windows-10-10.0.19045-SP0
[0m18:35:48.415324 [debug] [MainThread]: Snowflake adapter: Setting snowflake.connector to ERROR (file logging only)
[0m18:35:48.416033 [debug] [MainThread]: Snowflake adapter: Setting botocore to ERROR (file logging only)
[0m18:35:48.416581 [debug] [MainThread]: Snowflake adapter: Setting boto3 to ERROR (file logging only)
[0m18:35:48.731358 [info ] [MainThread]: Using profiles dir at C:\Users\Admin\.dbt
[0m18:35:48.732204 [info ] [MainThread]: Using profiles.yml file at C:\Users\Admin\.dbt\profiles.yml
[0m18:35:48.732964 [info ] [MainThread]: Using dbt_project.yml file at C:\Users\Admin\workspace\DE_2025\Project3_Covid19_JW\dbt_project\dbt_project.yml
[0m18:35:48.754516 [info ] [MainThread]: adapter type: snowflake
[0m18:35:48.755594 [info ] [MainThread]: adapter version: 1.11.3
[0m18:35:48.967048 [info ] [MainThread]: Configuration:
[0m18:35:48.968019 [info ] [MainThread]:   profiles.yml file [[32mOK found and valid[0m]
[0m18:35:48.969461 [info ] [MainThread]:   dbt_project.yml file [[32mOK found and valid[0m]
[0m18:35:48.970595 [info ] [MainThread]: Required dependencies:
[0m18:35:48.971463 [debug] [MainThread]: Executing "git --help"
[0m18:35:49.018785 [debug] [MainThread]: STDOUT: "b"usage: git [-v | --version] [-h | --help] [-C <path>] [-c <name>=<value>]\n           [--exec-path[=<path>]] [--html-path] [--man-path] [--info-path]\n           [-p | --paginate | -P | --no-pager] [--no-replace-objects] [--bare]\n           [--git-dir=<path>] [--work-tree=<path>] [--namespace=<name>]\n           [--config-env=<name>=<envvar>] <command> [<args>]\n\nThese are common Git commands used in various situations:\n\nstart a working area (see also: git help tutorial)\n   clone     Clone a repository into a new directory\n   init      Create an empty Git repository or reinitialize an existing one\n\nwork on the current change (see also: git help everyday)\n   add       Add file contents to the index\n   mv        Move or rename a file, a directory, or a symlink\n   restore   Restore working tree files\n   rm        Remove files from the working tree and from the index\n\nexamine the history and state (see also: git help revisions)\n   bisect    Use binary search to find the commit that introduced a bug\n   diff      Show changes between commits, commit and working tree, etc\n   grep      Print lines matching a pattern\n   log       Show commit logs\n   show      Show various types of objects\n   status    Show the working tree status\n\ngrow, mark and tweak your common history\n   branch    List, create, or delete branches\n   commit    Record changes to the repository\n   merge     Join two or more development histories together\n   rebase    Reapply commits on top of another base tip\n   reset     Reset current HEAD to the specified state\n   switch    Switch branches\n   tag       Create, list, delete or verify a tag object signed with GPG\n\ncollaborate (see also: git help workflows)\n   fetch     Download objects and refs from another repository\n   pull      Fetch from and integrate with another repository or a local branch\n   push      Update remote refs along with associated objects\n\n'git help -a' and 'git help -g' list available subcommands and some\nconcept guides. See 'git help <command>' or 'git help <concept>'\nto read about a specific subcommand or concept.\nSee 'git help git' for an overview of the system.\n""
[0m18:35:49.019963 [debug] [MainThread]: STDERR: "b''"
[0m18:35:49.020999 [info ] [MainThread]:  - git [[32mOK found[0m]

[0m18:35:49.022101 [info ] [MainThread]: Connection:
[0m18:35:49.023000 [info ] [MainThread]:   account: nfsqmyv-ce67328
[0m18:35:49.023840 [info ] [MainThread]:   user: WILMERSAENZ81
[0m18:35:49.025023 [info ] [MainThread]:   database: COVID_DB
[0m18:35:49.026337 [info ] [MainThread]:   warehouse: COMPUTE_WH
[0m18:35:49.027541 [info ] [MainThread]:   role: ACCOUNTADMIN
[0m18:35:49.028800 [info ] [MainThread]:   schema: RAW
[0m18:35:49.029645 [info ] [MainThread]:   authenticator: None
[0m18:35:49.030499 [info ] [MainThread]:   oauth_client_id: None
[0m18:35:49.031376 [info ] [MainThread]:   query_tag: None
[0m18:35:49.032464 [info ] [MainThread]:   client_session_keep_alive: False
[0m18:35:49.033676 [info ] [MainThread]:   host: None
[0m18:35:49.034781 [info ] [MainThread]:   port: None
[0m18:35:49.035857 [info ] [MainThread]:   proxy_host: None
[0m18:35:49.036833 [info ] [MainThread]:   proxy_port: None
[0m18:35:49.037719 [info ] [MainThread]:   protocol: None
[0m18:35:49.038849 [info ] [MainThread]:   connect_retries: 1
[0m18:35:49.039851 [info ] [MainThread]:   connect_timeout: None
[0m18:35:49.040879 [info ] [MainThread]:   retry_on_database_errors: False
[0m18:35:49.041873 [info ] [MainThread]:   retry_all: False
[0m18:35:49.042957 [info ] [MainThread]:   insecure_mode: False
[0m18:35:49.043978 [info ] [MainThread]:   reuse_connections: True
[0m18:35:49.044916 [info ] [MainThread]:   s3_stage_vpce_dns_name: None
[0m18:35:49.045937 [info ] [MainThread]:   platform_detection_timeout_seconds: 0.0
[0m18:35:49.047400 [info ] [MainThread]: Registered adapter: snowflake=1.11.3
[0m18:35:49.678166 [debug] [MainThread]: Acquiring new snowflake connection 'debug'
[0m18:35:53.268844 [debug] [MainThread]: Using snowflake connection "debug"
[0m18:35:53.269363 [debug] [MainThread]: On debug: select 1 as id
[0m18:35:53.269764 [debug] [MainThread]: Opening a new connection, currently in state init
[0m18:35:54.473859 [debug] [MainThread]: Snowflake adapter: Error running SQL: select 1 as id
[0m18:35:54.474435 [debug] [MainThread]: Snowflake adapter: Rolling back transaction.
[0m18:35:54.475180 [info ] [MainThread]:   Connection test: [[31mERROR[0m]

[0m18:35:54.476210 [info ] [MainThread]: [31m1 check failed:[0m
[0m18:35:54.476873 [info ] [MainThread]: dbt was unable to connect to the specified database.
The database returned the following error:

  >Database Error
  250001 (08001): Failed to connect to DB: nfsqmyv-ce67328.snowflakecomputing.com:443. Incorrect username or password was specified.

Check your database credentials and try again. For more information, visit:
https://docs.getdbt.com/docs/configure-your-profile


[0m18:35:54.478785 [debug] [MainThread]: Command `dbt debug` failed at 18:35:54.478607 after 28.04 seconds
[0m18:35:54.479220 [debug] [MainThread]: Connection 'debug' was left open.
[0m18:35:54.479646 [debug] [MainThread]: On debug: No close available on handle
[0m18:35:54.480095 [debug] [MainThread]: Sending event: {'category': 'dbt', 'action': 'invocation', 'label': 'end', 'context': [<snowplow_tracker.self_describing_json.SelfDescribingJson object at 0x000002BD537CD350>, <snowplow_tracker.self_describing_json.SelfDescribingJson object at 0x000002BD534331D0>, <snowplow_tracker.self_describing_json.SelfDescribingJson object at 0x000002BD531E7130>]}
[0m18:35:54.480556 [debug] [MainThread]: Flushing usage events
[0m18:35:54.691728 [debug] [MainThread]: An error was encountered while trying to flush usage events
[0m18:39:35.754042 [debug] [MainThread]: Sending event: {'category': 'dbt', 'action': 'invocation', 'label': 'start', 'context': [<snowplow_tracker.self_describing_json.SelfDescribingJson object at 0x0000016526D54C20>, <snowplow_tracker.self_describing_json.SelfDescribingJson object at 0x0000016524898910>, <snowplow_tracker.self_describing_json.SelfDescribingJson object at 0x000001652782C910>]}


============================== 18:39:35.762132 | f0f932f6-f18f-4995-bae7-46d0671ab683 ==============================
[0m18:39:35.762132 [info ] [MainThread]: Running with dbt=1.11.7
[0m18:39:35.763839 [debug] [MainThread]: running dbt with arguments {'version_check': 'True', 'no_print': 'None', 'static_parser': 'True', 'target_path': 'None', 'warn_error_options': 'WarnErrorOptionsV2(error=[], warn=[], silence=[])', 'printer_width': '80', 'write_json': 'True', 'empty': 'None', 'log_cache_events': 'False', 'introspect': 'True', 'cache_selected_only': 'False', 'log_format': 'default', 'debug': 'False', 'fail_fast': 'False', 'profiles_dir': 'C:\\Users\\Admin\\.dbt', 'send_anonymous_usage_stats': 'True', 'quiet': 'False', 'warn_error': 'None', 'partial_parse': 'True', 'indirect_selection': 'eager', 'invocation_command': 'dbt debug', 'use_colors': 'True', 'use_experimental_parser': 'False', 'log_path': 'C:\\Users\\Admin\\workspace\\DE_2025\\Project3_Covid19_JW\\dbt_project\\logs'}
[0m18:39:35.813849 [info ] [MainThread]: dbt version: 1.11.7
[0m18:39:35.816038 [info ] [MainThread]: python version: 3.13.12
[0m18:39:35.817379 [info ] [MainThread]: python path: C:\Users\Admin\workspace\DE_2025\Project3_Covid19_JW\.venv\Scripts\python.exe
[0m18:39:35.819217 [info ] [MainThread]: os info: Windows-10-10.0.19045-SP0
[0m18:39:37.820481 [debug] [MainThread]: Snowflake adapter: Setting snowflake.connector to ERROR (file logging only)
[0m18:39:37.821220 [debug] [MainThread]: Snowflake adapter: Setting botocore to ERROR (file logging only)
[0m18:39:37.821795 [debug] [MainThread]: Snowflake adapter: Setting boto3 to ERROR (file logging only)
[0m18:39:37.968218 [info ] [MainThread]: Using profiles dir at C:\Users\Admin\.dbt
[0m18:39:37.969301 [info ] [MainThread]: Using profiles.yml file at C:\Users\Admin\.dbt\profiles.yml
[0m18:39:37.970355 [info ] [MainThread]: Using dbt_project.yml file at C:\Users\Admin\workspace\DE_2025\Project3_Covid19_JW\dbt_project\dbt_project.yml
[0m18:39:37.972643 [info ] [MainThread]: adapter type: snowflake
[0m18:39:37.974048 [info ] [MainThread]: adapter version: 1.11.3
[0m18:39:38.218648 [info ] [MainThread]: Configuration:
[0m18:39:38.220439 [info ] [MainThread]:   profiles.yml file [[32mOK found and valid[0m]
[0m18:39:38.221499 [info ] [MainThread]:   dbt_project.yml file [[32mOK found and valid[0m]
[0m18:39:38.222577 [info ] [MainThread]: Required dependencies:
[0m18:39:38.223653 [debug] [MainThread]: Executing "git --help"
[0m18:39:38.281830 [debug] [MainThread]: STDOUT: "b"usage: git [-v | --version] [-h | --help] [-C <path>] [-c <name>=<value>]\n           [--exec-path[=<path>]] [--html-path] [--man-path] [--info-path]\n           [-p | --paginate | -P | --no-pager] [--no-replace-objects] [--bare]\n           [--git-dir=<path>] [--work-tree=<path>] [--namespace=<name>]\n           [--config-env=<name>=<envvar>] <command> [<args>]\n\nThese are common Git commands used in various situations:\n\nstart a working area (see also: git help tutorial)\n   clone     Clone a repository into a new directory\n   init      Create an empty Git repository or reinitialize an existing one\n\nwork on the current change (see also: git help everyday)\n   add       Add file contents to the index\n   mv        Move or rename a file, a directory, or a symlink\n   restore   Restore working tree files\n   rm        Remove files from the working tree and from the index\n\nexamine the history and state (see also: git help revisions)\n   bisect    Use binary search to find the commit that introduced a bug\n   diff      Show changes between commits, commit and working tree, etc\n   grep      Print lines matching a pattern\n   log       Show commit logs\n   show      Show various types of objects\n   status    Show the working tree status\n\ngrow, mark and tweak your common history\n   branch    List, create, or delete branches\n   commit    Record changes to the repository\n   merge     Join two or more development histories together\n   rebase    Reapply commits on top of another base tip\n   reset     Reset current HEAD to the specified state\n   switch    Switch branches\n   tag       Create, list, delete or verify a tag object signed with GPG\n\ncollaborate (see also: git help workflows)\n   fetch     Download objects and refs from another repository\n   pull      Fetch from and integrate with another repository or a local branch\n   push      Update remote refs along with associated objects\n\n'git help -a' and 'git help -g' list available subcommands and some\nconcept guides. See 'git help <command>' or 'git help <concept>'\nto read about a specific subcommand or concept.\nSee 'git help git' for an overview of the system.\n""
[0m18:39:38.283259 [debug] [MainThread]: STDERR: "b''"
[0m18:39:38.284431 [info ] [MainThread]:  - git [[32mOK found[0m]

[0m18:39:38.285755 [info ] [MainThread]: Connection:
[0m18:39:38.286779 [info ] [MainThread]:   account: nfsqmyv-ce67328
[0m18:39:38.287846 [info ] [MainThread]:   user: WILMERSAENZ81
[0m18:39:38.288826 [info ] [MainThread]:   database: COVID_DB
[0m18:39:38.289839 [info ] [MainThread]:   warehouse: COMPUTE_WH
[0m18:39:38.290849 [info ] [MainThread]:   role: ACCOUNTADMIN
[0m18:39:38.291895 [info ] [MainThread]:   schema: RAW
[0m18:39:38.292905 [info ] [MainThread]:   authenticator: None
[0m18:39:38.293696 [info ] [MainThread]:   oauth_client_id: None
[0m18:39:38.294442 [info ] [MainThread]:   query_tag: None
[0m18:39:38.295180 [info ] [MainThread]:   client_session_keep_alive: False
[0m18:39:38.295931 [info ] [MainThread]:   host: None
[0m18:39:38.296661 [info ] [MainThread]:   port: None
[0m18:39:38.297767 [info ] [MainThread]:   proxy_host: None
[0m18:39:38.299228 [info ] [MainThread]:   proxy_port: None
[0m18:39:38.300710 [info ] [MainThread]:   protocol: None
[0m18:39:38.301597 [info ] [MainThread]:   connect_retries: 1
[0m18:39:38.302514 [info ] [MainThread]:   connect_timeout: None
[0m18:39:38.303588 [info ] [MainThread]:   retry_on_database_errors: False
[0m18:39:38.304512 [info ] [MainThread]:   retry_all: False
[0m18:39:38.305367 [info ] [MainThread]:   insecure_mode: False
[0m18:39:38.306361 [info ] [MainThread]:   reuse_connections: True
[0m18:39:38.307414 [info ] [MainThread]:   s3_stage_vpce_dns_name: None
[0m18:39:38.308543 [info ] [MainThread]:   platform_detection_timeout_seconds: 0.0
[0m18:39:38.310091 [info ] [MainThread]: Registered adapter: snowflake=1.11.3
[0m18:39:39.025958 [debug] [MainThread]: Acquiring new snowflake connection 'debug'
[0m18:39:39.169383 [debug] [MainThread]: Using snowflake connection "debug"
[0m18:39:39.170008 [debug] [MainThread]: On debug: select 1 as id
[0m18:39:39.170476 [debug] [MainThread]: Opening a new connection, currently in state init
[0m18:39:40.380871 [debug] [MainThread]: SQL status: SUCCESS 1 in 1.210 seconds
[0m18:39:40.382133 [info ] [MainThread]:   Connection test: [[32mOK connection ok[0m]

[0m18:39:40.383080 [info ] [MainThread]: [32mAll checks passed![0m
[0m18:39:40.384743 [debug] [MainThread]: Command `dbt debug` succeeded at 18:39:40.384569 after 4.87 seconds
[0m18:39:40.385224 [debug] [MainThread]: Connection 'debug' was left open.
[0m18:39:40.385639 [debug] [MainThread]: On debug: Close
[0m18:39:40.563453 [debug] [MainThread]: Sending event: {'category': 'dbt', 'action': 'invocation', 'label': 'end', 'context': [<snowplow_tracker.self_describing_json.SelfDescribingJson object at 0x000001653CCBCB00>, <snowplow_tracker.self_describing_json.SelfDescribingJson object at 0x000001653C94E9F0>, <snowplow_tracker.self_describing_json.SelfDescribingJson object at 0x000001653C73FF00>]}
[0m18:39:40.564050 [debug] [MainThread]: Flushing usage events
[0m18:39:40.774514 [debug] [MainThread]: An error was encountered while trying to flush usage events
[0m19:20:57.442989 [debug] [MainThread]: Sending event: {'category': 'dbt', 'action': 'invocation', 'label': 'start', 'context': [<snowplow_tracker.self_describing_json.SelfDescribingJson object at 0x0000029EB9380C20>, <snowplow_tracker.self_describing_json.SelfDescribingJson object at 0x0000029EB6EC8910>, <snowplow_tracker.self_describing_json.SelfDescribingJson object at 0x0000029EB9E58910>]}


============================== 19:20:57.450346 | 28f8a1d8-7456-43a3-9b65-76e9103da21f ==============================
[0m19:20:57.450346 [info ] [MainThread]: Running with dbt=1.11.7
[0m19:20:57.451574 [debug] [MainThread]: running dbt with arguments {'static_parser': 'True', 'no_print': 'None', 'version_check': 'True', 'target_path': 'None', 'warn_error_options': 'WarnErrorOptionsV2(error=[], warn=[], silence=[])', 'printer_width': '80', 'write_json': 'True', 'introspect': 'True', 'log_cache_events': 'False', 'empty': 'False', 'cache_selected_only': 'False', 'log_format': 'default', 'debug': 'False', 'fail_fast': 'False', 'partial_parse': 'True', 'send_anonymous_usage_stats': 'True', 'quiet': 'False', 'warn_error': 'None', 'profiles_dir': 'C:\\Users\\Admin\\.dbt', 'indirect_selection': 'eager', 'invocation_command': 'dbt run --select staging', 'use_colors': 'True', 'use_experimental_parser': 'False', 'log_path': 'C:\\Users\\Admin\\workspace\\DE_2025\\Project3_Covid19_JW\\dbt_project\\logs'}
[0m19:20:58.890924 [debug] [MainThread]: Snowflake adapter: Setting snowflake.connector to ERROR (file logging only)
[0m19:20:58.891610 [debug] [MainThread]: Snowflake adapter: Setting botocore to ERROR (file logging only)
[0m19:20:58.892152 [debug] [MainThread]: Snowflake adapter: Setting boto3 to ERROR (file logging only)
[0m19:20:59.251937 [debug] [MainThread]: Sending event: {'category': 'dbt', 'action': 'project_id', 'label': '28f8a1d8-7456-43a3-9b65-76e9103da21f', 'context': [<snowplow_tracker.self_describing_json.SelfDescribingJson object at 0x0000029EB97CAEA0>]}
[0m19:20:59.342591 [debug] [MainThread]: Sending event: {'category': 'dbt', 'action': 'adapter_info', 'label': '28f8a1d8-7456-43a3-9b65-76e9103da21f', 'context': [<snowplow_tracker.self_describing_json.SelfDescribingJson object at 0x0000029ECED5D370>]}
[0m19:20:59.344363 [info ] [MainThread]: Registered adapter: snowflake=1.11.3
[0m19:20:59.970071 [debug] [MainThread]: checksum: b80718358155fc17c3559352095564dd56ada1cc1a1c0ef2e62c857e71583775, vars: {}, profile: , target: , version: 1.11.7
[0m19:20:59.971412 [info ] [MainThread]: Unable to do partial parsing because saved manifest not found. Starting full parse.
[0m19:20:59.972170 [debug] [MainThread]: Sending event: {'category': 'dbt', 'action': 'partial_parser', 'label': '28f8a1d8-7456-43a3-9b65-76e9103da21f', 'context': [<snowplow_tracker.self_describing_json.SelfDescribingJson object at 0x0000029ECED6D350>]}
[0m19:21:03.476989 [warn ] [MainThread]: [[33mWARNING[0m][MissingArgumentsPropertyInGenericTestDeprecation]: Deprecated
functionality
Found top-level arguments to test `accepted_values` defined on
'mart_data_freshness' in package 'covid_pipeline' (models\marts\schema.yml).
Arguments to generic tests should be nested under the `arguments` property.
[0m19:21:03.478115 [debug] [MainThread]: Sending event: {'category': 'dbt', 'action': 'deprecation', 'label': '28f8a1d8-7456-43a3-9b65-76e9103da21f', 'property_': 'warn', 'context': [<snowplow_tracker.self_describing_json.SelfDescribingJson object at 0x0000029ECF24AB70>]}
[0m19:21:03.827170 [debug] [MainThread]: Sending event: {'category': 'dbt', 'action': 'load_project', 'label': '28f8a1d8-7456-43a3-9b65-76e9103da21f', 'context': [<snowplow_tracker.self_describing_json.SelfDescribingJson object at 0x0000029ECF505A90>]}
[0m19:21:03.952276 [debug] [MainThread]: Wrote artifact WritableManifest to C:\Users\Admin\workspace\DE_2025\Project3_Covid19_JW\dbt_project\target\manifest.json
[0m19:21:03.971820 [debug] [MainThread]: Wrote artifact SemanticManifest to C:\Users\Admin\workspace\DE_2025\Project3_Covid19_JW\dbt_project\target\semantic_manifest.json
[0m19:21:04.116838 [debug] [MainThread]: Sending event: {'category': 'dbt', 'action': 'resource_counts', 'label': '28f8a1d8-7456-43a3-9b65-76e9103da21f', 'context': [<snowplow_tracker.self_describing_json.SelfDescribingJson object at 0x0000029ECF693E10>]}
[0m19:21:04.117513 [info ] [MainThread]: Found 10 models, 16 data tests, 3 sources, 523 macros
[0m19:21:04.118358 [debug] [MainThread]: Sending event: {'category': 'dbt', 'action': 'runnable_timing', 'label': '28f8a1d8-7456-43a3-9b65-76e9103da21f', 'context': [<snowplow_tracker.self_describing_json.SelfDescribingJson object at 0x0000029ECF4993D0>]}
[0m19:21:04.120944 [info ] [MainThread]: 
[0m19:21:04.121808 [info ] [MainThread]: Concurrency: 4 threads (target='dev')
[0m19:21:04.122583 [info ] [MainThread]: 
[0m19:21:04.123749 [debug] [MainThread]: Acquiring new snowflake connection 'master'
[0m19:21:04.130290 [debug] [ThreadPool]: Acquiring new snowflake connection 'list_COVID_DB'
[0m19:21:04.237894 [debug] [ThreadPool]: Using snowflake connection "list_COVID_DB"
[0m19:21:04.238436 [debug] [ThreadPool]: On list_COVID_DB: show terse schemas in database COVID_DB
    limit 10000
/* {"app": "dbt", "dbt_version": "1.11.7", "profile_name": "covid_pipeline", "target_name": "dev", "connection_name": "list_COVID_DB"} */
[0m19:21:04.238887 [debug] [ThreadPool]: Opening a new connection, currently in state init
[0m19:21:05.166814 [debug] [ThreadPool]: SQL status: SUCCESS 6 in 0.928 seconds
[0m19:21:05.170466 [debug] [ThreadPool]: Acquiring new snowflake connection 'list_COVID_DB_INTERMEDIATE'
[0m19:21:05.179096 [debug] [ThreadPool]: Acquiring new snowflake connection 'list_COVID_DB_MARTS'
[0m19:21:05.185447 [debug] [ThreadPool]: Using snowflake connection "list_COVID_DB_INTERMEDIATE"
[0m19:21:05.187965 [debug] [ThreadPool]: Using snowflake connection "list_COVID_DB_MARTS"
[0m19:21:05.188656 [debug] [ThreadPool]: On list_COVID_DB_INTERMEDIATE: show objects in COVID_DB.INTERMEDIATE
    limit 10000
    

/* {"app": "dbt", "dbt_version": "1.11.7", "profile_name": "covid_pipeline", "target_name": "dev", "connection_name": "list_COVID_DB_INTERMEDIATE"} */;
[0m19:21:05.189125 [debug] [ThreadPool]: On list_COVID_DB_MARTS: show objects in COVID_DB.MARTS
    limit 10000
    

/* {"app": "dbt", "dbt_version": "1.11.7", "profile_name": "covid_pipeline", "target_name": "dev", "connection_name": "list_COVID_DB_MARTS"} */;
[0m19:21:05.189687 [debug] [ThreadPool]: Acquiring new snowflake connection 'list_COVID_DB_STAGING'
[0m19:21:05.190266 [debug] [ThreadPool]: Opening a new connection, currently in state init
[0m19:21:05.190869 [debug] [ThreadPool]: Opening a new connection, currently in state init
[0m19:21:05.193147 [debug] [ThreadPool]: Using snowflake connection "list_COVID_DB_STAGING"
[0m19:21:05.198114 [debug] [ThreadPool]: On list_COVID_DB_STAGING: show objects in COVID_DB.STAGING
    limit 10000
    

/* {"app": "dbt", "dbt_version": "1.11.7", "profile_name": "covid_pipeline", "target_name": "dev", "connection_name": "list_COVID_DB_STAGING"} */;
[0m19:21:05.198737 [debug] [ThreadPool]: Opening a new connection, currently in state init
[0m19:21:05.941506 [debug] [ThreadPool]: SQL status: SUCCESS 0 in 0.751 seconds
[0m19:21:05.950751 [debug] [ThreadPool]: SQL status: SUCCESS 0 in 0.760 seconds
[0m19:21:06.452229 [debug] [ThreadPool]: SQL status: SUCCESS 0 in 1.253 seconds
[0m19:21:06.454595 [debug] [MainThread]: Sending event: {'category': 'dbt', 'action': 'runnable_timing', 'label': '28f8a1d8-7456-43a3-9b65-76e9103da21f', 'context': [<snowplow_tracker.self_describing_json.SelfDescribingJson object at 0x0000029ECF63B800>]}
[0m19:21:06.462923 [debug] [Thread-3 (]: Began running node model.covid_pipeline.stg_population
[0m19:21:06.464445 [debug] [Thread-4 (]: Began running node model.covid_pipeline.stg_vaccinations
[0m19:21:06.463972 [info ] [Thread-3 (]: 2 of 3 START sql view model STAGING.stg_population ............................. [RUN]
[0m19:21:06.465166 [debug] [Thread-2 (]: Began running node model.covid_pipeline.stg_covid_cases
[0m19:21:06.466391 [debug] [Thread-3 (]: Acquiring new snowflake connection 'model.covid_pipeline.stg_population'
[0m19:21:06.465788 [info ] [Thread-4 (]: 3 of 3 START sql view model STAGING.stg_vaccinations ........................... [RUN]
[0m19:21:06.467676 [debug] [Thread-3 (]: Began compiling node model.covid_pipeline.stg_population
[0m19:21:06.467194 [info ] [Thread-2 (]: 1 of 3 START sql view model STAGING.stg_covid_cases ............................ [RUN]
[0m19:21:06.468497 [debug] [Thread-4 (]: Acquiring new snowflake connection 'model.covid_pipeline.stg_vaccinations'
[0m19:21:06.478054 [debug] [Thread-3 (]: Writing injected SQL for node "model.covid_pipeline.stg_population"
[0m19:21:06.478878 [debug] [Thread-2 (]: Acquiring new snowflake connection 'model.covid_pipeline.stg_covid_cases'
[0m19:21:06.479477 [debug] [Thread-4 (]: Began compiling node model.covid_pipeline.stg_vaccinations
[0m19:21:06.480242 [debug] [Thread-2 (]: Began compiling node model.covid_pipeline.stg_covid_cases
[0m19:21:06.484468 [debug] [Thread-4 (]: Writing injected SQL for node "model.covid_pipeline.stg_vaccinations"
[0m19:21:06.488815 [debug] [Thread-2 (]: Writing injected SQL for node "model.covid_pipeline.stg_covid_cases"
[0m19:21:06.492892 [debug] [Thread-2 (]: Began executing node model.covid_pipeline.stg_covid_cases
[0m19:21:06.493788 [debug] [Thread-3 (]: Began executing node model.covid_pipeline.stg_population
[0m19:21:06.533974 [debug] [Thread-4 (]: Began executing node model.covid_pipeline.stg_vaccinations
[0m19:21:06.560919 [debug] [Thread-3 (]: Writing runtime sql for node "model.covid_pipeline.stg_population"
[0m19:21:06.561724 [debug] [Thread-2 (]: Writing runtime sql for node "model.covid_pipeline.stg_covid_cases"
[0m19:21:06.564868 [debug] [Thread-4 (]: Writing runtime sql for node "model.covid_pipeline.stg_vaccinations"
[0m19:21:06.571278 [debug] [Thread-3 (]: Using snowflake connection "model.covid_pipeline.stg_population"
[0m19:21:06.572278 [debug] [Thread-3 (]: On model.covid_pipeline.stg_population: create or replace   view COVID_DB.STAGING.stg_population
  
  
  
  
  as (
    -- Staging: US Census 2023 county population estimates
-- Static dataset — one row per county.

with source as (
    select * from COVID_DB.RAW.raw_population
),

cleaned as (
    select
        lpad(fips, 5, '0')          as county_fips,
        lpad(state, 2, '0')         as state_fips,
        lpad(county, 3, '0')        as county_code,
        trim(name)                   as county_name,
        try_to_number(pop)           as population,

        current_timestamp() as _loaded_at

    from source
    where fips is not null
      and pop is not null
)

select * from cleaned
  )
/* {"app": "dbt", "dbt_version": "1.11.7", "profile_name": "covid_pipeline", "target_name": "dev", "node_id": "model.covid_pipeline.stg_population"} */;
[0m19:21:06.574483 [debug] [Thread-2 (]: Using snowflake connection "model.covid_pipeline.stg_covid_cases"
[0m19:21:06.575050 [debug] [Thread-3 (]: Opening a new connection, currently in state init
[0m19:21:06.576470 [debug] [Thread-4 (]: Using snowflake connection "model.covid_pipeline.stg_vaccinations"
[0m19:21:06.577103 [debug] [Thread-2 (]: On model.covid_pipeline.stg_covid_cases: create or replace   view COVID_DB.STAGING.stg_covid_cases
  
  
  
  
  as (
    -- Staging: CDC COVID-19 cases
-- Light cleaning only — no business logic here.
-- One row per case record from the CDC SODA API.

with source as (
    select * from COVID_DB.RAW.raw_covid_cases
),

cleaned as (
    select
        -- Build a 5-digit FIPS key for joining
        lpad(state_fips_code, 2, '0') || lpad(county_fips_code, 3, '0') as county_fips,
        lpad(state_fips_code, 2, '0')                                    as state_fips,

        -- Normalize month to a proper date (first day of the month)
        try_to_date(case_month, 'YYYY-MM')                               as case_month,

        -- Demographic fields
        nullif(trim(age_group), '')    as age_group,
        nullif(trim(sex), '')          as sex,
        nullif(trim(race), '')         as race,
        nullif(trim(ethnicity), '')    as ethnicity,

        -- Outcome fields
        nullif(trim(outcome), '')         as outcome,
        nullif(trim(hospitalization), '') as hospitalization,

        -- Derived flags for easier aggregation
        case when lower(outcome) = 'death' then 1 else 0 end         as is_death,
        case when lower(hospitalization) = 'yes' then 1 else 0 end   as is_hospitalized,

        current_timestamp() as _loaded_at

    from source
    where state_fips_code is not null
      and case_month is not null
)

select * from cleaned
  )
/* {"app": "dbt", "dbt_version": "1.11.7", "profile_name": "covid_pipeline", "target_name": "dev", "node_id": "model.covid_pipeline.stg_covid_cases"} */;
[0m19:21:06.578023 [debug] [Thread-4 (]: On model.covid_pipeline.stg_vaccinations: create or replace   view COVID_DB.STAGING.stg_vaccinations
  
  
  
  
  as (
    -- Staging: CDC COVID-19 vaccinations by county
-- Light cleaning only — cast types, normalize FIPS, drop junk rows.

with source as (
    select * from COVID_DB.RAW.raw_vaccinations
),

cleaned as (
    select
        lpad(fips, 5, '0')                    as county_fips,
        nullif(trim(recip_county), '')         as county_name,
        upper(trim(recip_state))               as state_abbrev,
        try_to_date(date)                      as vaccination_date,

        try_to_number(administered_dose1_recip)  as dose1_cumulative,
        try_to_number(series_complete_yes)        as series_complete_cumulative,
        try_to_number(booster_doses)              as booster_cumulative,
        try_to_number(census2019)                 as census2019_pop,

        current_timestamp() as _loaded_at

    from source
    where fips is not null
      and fips not in ('UNK', 'UNKNOWN', '')
      and date is not null
)

select * from cleaned
  )
/* {"app": "dbt", "dbt_version": "1.11.7", "profile_name": "covid_pipeline", "target_name": "dev", "node_id": "model.covid_pipeline.stg_vaccinations"} */;
[0m19:21:06.578612 [debug] [Thread-2 (]: Opening a new connection, currently in state init
[0m19:21:06.579870 [debug] [Thread-4 (]: Opening a new connection, currently in state init
[0m19:21:07.366938 [debug] [Thread-2 (]: Snowflake adapter: Snowflake query id: 01c36815-0004-e8ee-000c-2d7e000cb2fa
[0m19:21:07.367467 [debug] [Thread-2 (]: Snowflake adapter: Snowflake error: 000904 (42000): SQL compilation error: error line 31 at position 20
invalid identifier 'OUTCOME'
[0m19:21:07.389882 [debug] [Thread-2 (]: Database Error in model stg_covid_cases (models\staging\stg_covid_cases.sql)
  000904 (42000): SQL compilation error: error line 31 at position 20
  invalid identifier 'OUTCOME'
  compiled code at target\run\covid_pipeline\models\staging\stg_covid_cases.sql
[0m19:21:07.401520 [debug] [Thread-2 (]: Sending event: {'category': 'dbt', 'action': 'run_model', 'label': '28f8a1d8-7456-43a3-9b65-76e9103da21f', 'context': [<snowplow_tracker.self_describing_json.SelfDescribingJson object at 0x0000029EB9783F70>]}
[0m19:21:07.402367 [error] [Thread-2 (]: 1 of 3 ERROR creating sql view model STAGING.stg_covid_cases ................... [[31mERROR[0m in 0.91s]
[0m19:21:07.403497 [debug] [Thread-2 (]: Finished running node model.covid_pipeline.stg_covid_cases
[0m19:21:07.404209 [debug] [Thread-8 (]: Marking all children of 'model.covid_pipeline.stg_covid_cases' to be skipped because of status 'error'.  Reason: Database Error in model stg_covid_cases (models\staging\stg_covid_cases.sql)
  000904 (42000): SQL compilation error: error line 31 at position 20
  invalid identifier 'OUTCOME'
  compiled code at target\run\covid_pipeline\models\staging\stg_covid_cases.sql.
[0m19:21:07.728683 [debug] [Thread-3 (]: SQL status: SUCCESS 1 in 1.152 seconds
[0m19:21:07.751054 [debug] [Thread-3 (]: Sending event: {'category': 'dbt', 'action': 'run_model', 'label': '28f8a1d8-7456-43a3-9b65-76e9103da21f', 'context': [<snowplow_tracker.self_describing_json.SelfDescribingJson object at 0x0000029ECF5AD950>]}
[0m19:21:07.751792 [info ] [Thread-3 (]: 2 of 3 OK created sql view model STAGING.stg_population ........................ [[32mSUCCESS 1[0m in 1.28s]
[0m19:21:07.752844 [debug] [Thread-3 (]: Finished running node model.covid_pipeline.stg_population
[0m19:21:08.345961 [debug] [Thread-4 (]: SQL status: SUCCESS 1 in 1.766 seconds
[0m19:21:08.348081 [debug] [Thread-4 (]: Sending event: {'category': 'dbt', 'action': 'run_model', 'label': '28f8a1d8-7456-43a3-9b65-76e9103da21f', 'context': [<snowplow_tracker.self_describing_json.SelfDescribingJson object at 0x0000029ED0C43F50>]}
[0m19:21:08.348760 [info ] [Thread-4 (]: 3 of 3 OK created sql view model STAGING.stg_vaccinations ...................... [[32mSUCCESS 1[0m in 1.88s]
[0m19:21:08.349735 [debug] [Thread-4 (]: Finished running node model.covid_pipeline.stg_vaccinations
[0m19:21:08.351455 [debug] [MainThread]: Connection 'master' was properly closed.
[0m19:21:08.351825 [debug] [MainThread]: Connection 'list_COVID_DB' was left open.
[0m19:21:08.352169 [debug] [MainThread]: On list_COVID_DB: Close
[0m19:21:08.466462 [debug] [MainThread]: Connection 'list_COVID_DB_INTERMEDIATE' was left open.
[0m19:21:08.466926 [debug] [MainThread]: On list_COVID_DB_INTERMEDIATE: Close
[0m19:21:08.597908 [debug] [MainThread]: Connection 'list_COVID_DB_MARTS' was left open.
[0m19:21:08.598720 [debug] [MainThread]: On list_COVID_DB_MARTS: Close
[0m19:21:08.739021 [debug] [MainThread]: Connection 'list_COVID_DB_STAGING' was left open.
[0m19:21:08.739563 [debug] [MainThread]: On list_COVID_DB_STAGING: Close
[0m19:21:08.874137 [debug] [MainThread]: Connection 'model.covid_pipeline.stg_population' was left open.
[0m19:21:08.874706 [debug] [MainThread]: On model.covid_pipeline.stg_population: Close
[0m19:21:08.985277 [debug] [MainThread]: Connection 'model.covid_pipeline.stg_vaccinations' was left open.
[0m19:21:08.985833 [debug] [MainThread]: On model.covid_pipeline.stg_vaccinations: Close
[0m19:21:09.728607 [debug] [MainThread]: Connection 'model.covid_pipeline.stg_covid_cases' was left open.
[0m19:21:09.729073 [debug] [MainThread]: On model.covid_pipeline.stg_covid_cases: Close
[0m19:21:09.845413 [info ] [MainThread]: 
[0m19:21:09.846129 [info ] [MainThread]: Finished running 3 view models in 0 hours 0 minutes and 5.72 seconds (5.72s).
[0m19:21:09.847504 [debug] [MainThread]: Command end result
[0m19:21:09.884001 [debug] [MainThread]: Wrote artifact WritableManifest to C:\Users\Admin\workspace\DE_2025\Project3_Covid19_JW\dbt_project\target\manifest.json
[0m19:21:09.888059 [debug] [MainThread]: Wrote artifact SemanticManifest to C:\Users\Admin\workspace\DE_2025\Project3_Covid19_JW\dbt_project\target\semantic_manifest.json
[0m19:21:09.897664 [debug] [MainThread]: Wrote artifact RunExecutionResult to C:\Users\Admin\workspace\DE_2025\Project3_Covid19_JW\dbt_project\target\run_results.json
[0m19:21:09.898184 [info ] [MainThread]: 
[0m19:21:09.898945 [info ] [MainThread]: [31mCompleted with 1 error, 0 partial successes, and 0 warnings:[0m
[0m19:21:09.899747 [info ] [MainThread]: 
[0m19:21:09.900553 [error] [MainThread]: [31mFailure in model stg_covid_cases (models\staging\stg_covid_cases.sql)[0m
[0m19:21:09.901329 [error] [MainThread]:   Database Error in model stg_covid_cases (models\staging\stg_covid_cases.sql)
  000904 (42000): SQL compilation error: error line 31 at position 20
  invalid identifier 'OUTCOME'
  compiled code at target\run\covid_pipeline\models\staging\stg_covid_cases.sql
[0m19:21:09.902048 [info ] [MainThread]: 
[0m19:21:09.902707 [info ] [MainThread]:   compiled code at target\compiled\covid_pipeline\models\staging\stg_covid_cases.sql
[0m19:21:09.903270 [info ] [MainThread]: 
[0m19:21:09.904014 [info ] [MainThread]: Done. PASS=2 WARN=0 ERROR=1 SKIP=0 NO-OP=0 TOTAL=3
[0m19:21:09.905206 [warn ] [MainThread]: [[33mWARNING[0m][DeprecationsSummary]: Deprecated functionality
Summary of encountered deprecations:
- MissingArgumentsPropertyInGenericTestDeprecation: 1 occurrence
To see all deprecation instances instead of just the first occurrence of each,
run command again with the `--show-all-deprecations` flag. You may also need to
run with `--no-partial-parse` as some deprecations are only encountered during
parsing.
[0m19:21:09.907423 [debug] [MainThread]: Command `dbt run` failed at 19:21:09.907105 after 12.63 seconds
[0m19:21:09.908327 [debug] [MainThread]: Sending event: {'category': 'dbt', 'action': 'invocation', 'label': 'end', 'context': [<snowplow_tracker.self_describing_json.SelfDescribingJson object at 0x0000029EB765A450>, <snowplow_tracker.self_describing_json.SelfDescribingJson object at 0x0000029ECF372A50>, <snowplow_tracker.self_describing_json.SelfDescribingJson object at 0x0000029ED0DBBA10>]}
[0m19:21:09.908877 [debug] [MainThread]: Flushing usage events
[0m19:21:10.095336 [debug] [MainThread]: An error was encountered while trying to flush usage events
[0m19:35:20.574826 [debug] [MainThread]: Sending event: {'category': 'dbt', 'action': 'invocation', 'label': 'start', 'context': [<snowplow_tracker.self_describing_json.SelfDescribingJson object at 0x000002041EBF0C20>, <snowplow_tracker.self_describing_json.SelfDescribingJson object at 0x000002041C738910>, <snowplow_tracker.self_describing_json.SelfDescribingJson object at 0x000002041F6C8910>]}


============================== 19:35:20.582745 | c400ef93-5156-4ae2-afa9-f2a6482ebad0 ==============================
[0m19:35:20.582745 [info ] [MainThread]: Running with dbt=1.11.7
[0m19:35:20.583899 [debug] [MainThread]: running dbt with arguments {'static_parser': 'True', 'no_print': 'None', 'version_check': 'True', 'warn_error_options': 'WarnErrorOptionsV2(error=[], warn=[], silence=[])', 'target_path': 'None', 'printer_width': '80', 'write_json': 'True', 'introspect': 'True', 'log_cache_events': 'False', 'empty': 'False', 'cache_selected_only': 'False', 'fail_fast': 'False', 'debug': 'False', 'log_format': 'default', 'profiles_dir': 'C:\\Users\\Admin\\.dbt', 'send_anonymous_usage_stats': 'True', 'quiet': 'False', 'warn_error': 'None', 'partial_parse': 'True', 'indirect_selection': 'eager', 'invocation_command': 'dbt run --select staging', 'use_colors': 'True', 'use_experimental_parser': 'False', 'log_path': 'C:\\Users\\Admin\\workspace\\DE_2025\\Project3_Covid19_JW\\dbt_project\\logs'}
[0m19:35:25.434515 [debug] [MainThread]: Snowflake adapter: Setting snowflake.connector to ERROR (file logging only)
[0m19:35:25.435172 [debug] [MainThread]: Snowflake adapter: Setting botocore to ERROR (file logging only)
[0m19:35:25.435680 [debug] [MainThread]: Snowflake adapter: Setting boto3 to ERROR (file logging only)
[0m19:35:25.786752 [debug] [MainThread]: Sending event: {'category': 'dbt', 'action': 'project_id', 'label': 'c400ef93-5156-4ae2-afa9-f2a6482ebad0', 'context': [<snowplow_tracker.self_describing_json.SelfDescribingJson object at 0x000002041F03EEA0>]}
[0m19:35:25.883910 [debug] [MainThread]: Sending event: {'category': 'dbt', 'action': 'adapter_info', 'label': 'c400ef93-5156-4ae2-afa9-f2a6482ebad0', 'context': [<snowplow_tracker.self_describing_json.SelfDescribingJson object at 0x00000204345CD370>]}
[0m19:35:25.885843 [info ] [MainThread]: Registered adapter: snowflake=1.11.3
[0m19:35:26.655318 [debug] [MainThread]: checksum: b80718358155fc17c3559352095564dd56ada1cc1a1c0ef2e62c857e71583775, vars: {}, profile: , target: , version: 1.11.7
[0m19:35:27.329155 [debug] [MainThread]: Partial parsing enabled: 0 files deleted, 0 files added, 2 files changed.
[0m19:35:27.331431 [debug] [MainThread]: Partial parsing: updated file: covid_pipeline://models\staging\sources.yml
[0m19:35:27.331988 [debug] [MainThread]: Partial parsing: updated file: covid_pipeline://models\staging\stg_covid_cases.sql
[0m19:35:27.851453 [warn ] [MainThread]: [[33mWARNING[0m][MissingArgumentsPropertyInGenericTestDeprecation]: Deprecated
functionality
Found top-level arguments to test `accepted_values` defined on
'mart_data_freshness' in package 'covid_pipeline' (models\marts\schema.yml).
Arguments to generic tests should be nested under the `arguments` property.
[0m19:35:27.852618 [debug] [MainThread]: Sending event: {'category': 'dbt', 'action': 'deprecation', 'label': 'c400ef93-5156-4ae2-afa9-f2a6482ebad0', 'property_': 'warn', 'context': [<snowplow_tracker.self_describing_json.SelfDescribingJson object at 0x00000204345DDC50>]}
[0m19:35:28.185819 [debug] [MainThread]: Sending event: {'category': 'dbt', 'action': 'load_project', 'label': 'c400ef93-5156-4ae2-afa9-f2a6482ebad0', 'context': [<snowplow_tracker.self_describing_json.SelfDescribingJson object at 0x0000020434CA72F0>]}
[0m19:35:28.360214 [debug] [MainThread]: Wrote artifact WritableManifest to C:\Users\Admin\workspace\DE_2025\Project3_Covid19_JW\dbt_project\target\manifest.json
[0m19:35:28.382045 [debug] [MainThread]: Wrote artifact SemanticManifest to C:\Users\Admin\workspace\DE_2025\Project3_Covid19_JW\dbt_project\target\semantic_manifest.json
[0m19:35:28.432422 [debug] [MainThread]: Sending event: {'category': 'dbt', 'action': 'resource_counts', 'label': 'c400ef93-5156-4ae2-afa9-f2a6482ebad0', 'context': [<snowplow_tracker.self_describing_json.SelfDescribingJson object at 0x0000020434D592B0>]}
[0m19:35:28.433316 [info ] [MainThread]: Found 10 models, 16 data tests, 3 sources, 523 macros
[0m19:35:28.434390 [debug] [MainThread]: Sending event: {'category': 'dbt', 'action': 'runnable_timing', 'label': 'c400ef93-5156-4ae2-afa9-f2a6482ebad0', 'context': [<snowplow_tracker.self_describing_json.SelfDescribingJson object at 0x0000020434D57E10>]}
[0m19:35:28.438636 [info ] [MainThread]: 
[0m19:35:28.440391 [info ] [MainThread]: Concurrency: 4 threads (target='dev')
[0m19:35:28.441275 [info ] [MainThread]: 
[0m19:35:28.442818 [debug] [MainThread]: Acquiring new snowflake connection 'master'
[0m19:35:28.453136 [debug] [ThreadPool]: Acquiring new snowflake connection 'list_COVID_DB'
[0m19:35:30.379593 [debug] [ThreadPool]: Using snowflake connection "list_COVID_DB"
[0m19:35:30.380268 [debug] [ThreadPool]: On list_COVID_DB: show terse schemas in database COVID_DB
    limit 10000
/* {"app": "dbt", "dbt_version": "1.11.7", "profile_name": "covid_pipeline", "target_name": "dev", "connection_name": "list_COVID_DB"} */
[0m19:35:30.380823 [debug] [ThreadPool]: Opening a new connection, currently in state init
[0m19:35:31.604085 [debug] [ThreadPool]: SQL status: SUCCESS 6 in 1.223 seconds
[0m19:35:31.607570 [debug] [ThreadPool]: Acquiring new snowflake connection 'list_COVID_DB_INTERMEDIATE'
[0m19:35:31.621168 [debug] [ThreadPool]: Using snowflake connection "list_COVID_DB_INTERMEDIATE"
[0m19:35:31.621766 [debug] [ThreadPool]: Acquiring new snowflake connection 'list_COVID_DB_MARTS'
[0m19:35:31.622211 [debug] [ThreadPool]: On list_COVID_DB_INTERMEDIATE: show objects in COVID_DB.INTERMEDIATE
    limit 10000
    

/* {"app": "dbt", "dbt_version": "1.11.7", "profile_name": "covid_pipeline", "target_name": "dev", "connection_name": "list_COVID_DB_INTERMEDIATE"} */;
[0m19:35:31.624468 [debug] [ThreadPool]: Using snowflake connection "list_COVID_DB_MARTS"
[0m19:35:31.624903 [debug] [ThreadPool]: Opening a new connection, currently in state init
[0m19:35:31.625488 [debug] [ThreadPool]: Acquiring new snowflake connection 'list_COVID_DB_STAGING'
[0m19:35:31.625961 [debug] [ThreadPool]: On list_COVID_DB_MARTS: show objects in COVID_DB.MARTS
    limit 10000
    

/* {"app": "dbt", "dbt_version": "1.11.7", "profile_name": "covid_pipeline", "target_name": "dev", "connection_name": "list_COVID_DB_MARTS"} */;
[0m19:35:31.628699 [debug] [ThreadPool]: Using snowflake connection "list_COVID_DB_STAGING"
[0m19:35:31.629274 [debug] [ThreadPool]: Opening a new connection, currently in state init
[0m19:35:31.629750 [debug] [ThreadPool]: On list_COVID_DB_STAGING: show objects in COVID_DB.STAGING
    limit 10000
    

/* {"app": "dbt", "dbt_version": "1.11.7", "profile_name": "covid_pipeline", "target_name": "dev", "connection_name": "list_COVID_DB_STAGING"} */;
[0m19:35:31.630484 [debug] [ThreadPool]: Opening a new connection, currently in state init
[0m19:35:32.361999 [debug] [ThreadPool]: SQL status: SUCCESS 0 in 0.733 seconds
[0m19:35:32.362846 [debug] [ThreadPool]: SQL status: SUCCESS 0 in 0.738 seconds
[0m19:35:32.418851 [debug] [ThreadPool]: SQL status: SUCCESS 2 in 0.788 seconds
[0m19:35:32.422133 [debug] [MainThread]: Sending event: {'category': 'dbt', 'action': 'runnable_timing', 'label': 'c400ef93-5156-4ae2-afa9-f2a6482ebad0', 'context': [<snowplow_tracker.self_describing_json.SelfDescribingJson object at 0x0000020434EF07D0>]}
[0m19:35:32.427778 [debug] [Thread-4 (]: Began running node model.covid_pipeline.stg_vaccinations
[0m19:35:32.428321 [debug] [Thread-2 (]: Began running node model.covid_pipeline.stg_covid_cases
[0m19:35:32.429363 [debug] [Thread-3 (]: Began running node model.covid_pipeline.stg_population
[0m19:35:32.428910 [info ] [Thread-4 (]: 3 of 3 START sql view model STAGING.stg_vaccinations ........................... [RUN]
[0m19:35:32.429977 [info ] [Thread-2 (]: 1 of 3 START sql view model STAGING.stg_covid_cases ............................ [RUN]
[0m19:35:32.431664 [debug] [Thread-4 (]: Acquiring new snowflake connection 'model.covid_pipeline.stg_vaccinations'
[0m19:35:32.432283 [debug] [Thread-2 (]: Acquiring new snowflake connection 'model.covid_pipeline.stg_covid_cases'
[0m19:35:32.432762 [debug] [Thread-4 (]: Began compiling node model.covid_pipeline.stg_vaccinations
[0m19:35:32.430836 [info ] [Thread-3 (]: 2 of 3 START sql view model STAGING.stg_population ............................. [RUN]
[0m19:35:32.433383 [debug] [Thread-2 (]: Began compiling node model.covid_pipeline.stg_covid_cases
[0m19:35:32.441639 [debug] [Thread-4 (]: Writing injected SQL for node "model.covid_pipeline.stg_vaccinations"
[0m19:35:32.442395 [debug] [Thread-3 (]: Acquiring new snowflake connection 'model.covid_pipeline.stg_population'
[0m19:35:32.446257 [debug] [Thread-2 (]: Writing injected SQL for node "model.covid_pipeline.stg_covid_cases"
[0m19:35:32.447275 [debug] [Thread-3 (]: Began compiling node model.covid_pipeline.stg_population
[0m19:35:32.451874 [debug] [Thread-3 (]: Writing injected SQL for node "model.covid_pipeline.stg_population"
[0m19:35:32.453168 [debug] [Thread-4 (]: Began executing node model.covid_pipeline.stg_vaccinations
[0m19:35:32.494809 [debug] [Thread-4 (]: Writing runtime sql for node "model.covid_pipeline.stg_vaccinations"
[0m19:35:32.495670 [debug] [Thread-3 (]: Began executing node model.covid_pipeline.stg_population
[0m19:35:32.500282 [debug] [Thread-3 (]: Writing runtime sql for node "model.covid_pipeline.stg_population"
[0m19:35:32.501147 [debug] [Thread-2 (]: Began executing node model.covid_pipeline.stg_covid_cases
[0m19:35:32.512015 [debug] [Thread-2 (]: Writing runtime sql for node "model.covid_pipeline.stg_covid_cases"
[0m19:35:32.514377 [debug] [Thread-3 (]: Using snowflake connection "model.covid_pipeline.stg_population"
[0m19:35:32.515308 [debug] [Thread-3 (]: On model.covid_pipeline.stg_population: create or replace   view COVID_DB.STAGING.stg_population
  
  
  
  
  as (
    -- Staging: US Census 2023 county population estimates
-- Static dataset — one row per county.

with source as (
    select * from COVID_DB.RAW.raw_population
),

cleaned as (
    select
        lpad(fips, 5, '0')          as county_fips,
        lpad(state, 2, '0')         as state_fips,
        lpad(county, 3, '0')        as county_code,
        trim(name)                   as county_name,
        try_to_number(pop)           as population,

        current_timestamp() as _loaded_at

    from source
    where fips is not null
      and pop is not null
)

select * from cleaned
  )
/* {"app": "dbt", "dbt_version": "1.11.7", "profile_name": "covid_pipeline", "target_name": "dev", "node_id": "model.covid_pipeline.stg_population"} */;
[0m19:35:32.516868 [debug] [Thread-4 (]: Using snowflake connection "model.covid_pipeline.stg_vaccinations"
[0m19:35:32.517424 [debug] [Thread-3 (]: Opening a new connection, currently in state init
[0m19:35:32.518081 [debug] [Thread-4 (]: On model.covid_pipeline.stg_vaccinations: create or replace   view COVID_DB.STAGING.stg_vaccinations
  
  
  
  
  as (
    -- Staging: CDC COVID-19 vaccinations by county
-- Light cleaning only — cast types, normalize FIPS, drop junk rows.

with source as (
    select * from COVID_DB.RAW.raw_vaccinations
),

cleaned as (
    select
        lpad(fips, 5, '0')                    as county_fips,
        nullif(trim(recip_county), '')         as county_name,
        upper(trim(recip_state))               as state_abbrev,
        try_to_date(date)                      as vaccination_date,

        try_to_number(administered_dose1_recip)  as dose1_cumulative,
        try_to_number(series_complete_yes)        as series_complete_cumulative,
        try_to_number(booster_doses)              as booster_cumulative,
        try_to_number(census2019)                 as census2019_pop,

        current_timestamp() as _loaded_at

    from source
    where fips is not null
      and fips not in ('UNK', 'UNKNOWN', '')
      and date is not null
)

select * from cleaned
  )
/* {"app": "dbt", "dbt_version": "1.11.7", "profile_name": "covid_pipeline", "target_name": "dev", "node_id": "model.covid_pipeline.stg_vaccinations"} */;
[0m19:35:32.520312 [debug] [Thread-2 (]: Using snowflake connection "model.covid_pipeline.stg_covid_cases"
[0m19:35:32.520861 [debug] [Thread-4 (]: Opening a new connection, currently in state init
[0m19:35:32.521601 [debug] [Thread-2 (]: On model.covid_pipeline.stg_covid_cases: create or replace   view COVID_DB.STAGING.stg_covid_cases
  
  
  
  
  as (
    -- Staging: CDC COVID-19 cases
-- Light cleaning only — no business logic here.
-- Column names mapped from actual RAW_COVID_CASES schema (verified 2026-03-31).

with source as (
    select * from COVID_DB.RAW.raw_covid_cases
),

cleaned as (
    select
        -- Build a 5-digit FIPS key for joining
        lpad(state_fips_code, 2, '0') || lpad(county_fips_code, 3, '0') as county_fips,
        lpad(state_fips_code, 2, '0')                                    as state_fips,

        -- Normalize month to a proper date (first day of the month)
        try_to_date(case_month, 'YYYY-MM')                               as case_month,

        -- Geographic fields
        nullif(trim(res_state), '')   as res_state,
        nullif(trim(res_county), '')  as res_county,

        -- Demographic fields
        nullif(trim(age_group), '')   as age_group,
        nullif(trim(sex), '')         as sex,
        nullif(trim(race), '')        as race,
        nullif(trim(ethnicity), '')   as ethnicity,

        -- Clinical status fields
        nullif(trim(current_status), '')             as current_status,
        nullif(trim(symptom_status), '')             as symptom_status,
        nullif(trim(hosp_yn), '')                    as hosp_yn,
        nullif(trim(icu_yn), '')                     as icu_yn,
        nullif(trim(death_yn), '')                   as death_yn,
        nullif(trim(underlying_conditions_yn), '')   as underlying_conditions_yn,

        -- Derived binary flags for easier aggregation in intermediate/marts
        case when upper(death_yn) = 'YES' then 1 else 0 end   as is_death,
        case when upper(hosp_yn)  = 'YES' then 1 else 0 end   as is_hospitalized,
        case when upper(icu_yn)   = 'YES' then 1 else 0 end   as is_icu,

        current_timestamp() as _loaded_at

    from source
    where state_fips_code is not null
      and case_month is not null
)

select * from cleaned
  )
/* {"app": "dbt", "dbt_version": "1.11.7", "profile_name": "covid_pipeline", "target_name": "dev", "node_id": "model.covid_pipeline.stg_covid_cases"} */;
[0m19:35:32.523262 [debug] [Thread-2 (]: Opening a new connection, currently in state init
[0m19:35:33.350929 [debug] [Thread-2 (]: SQL status: SUCCESS 1 in 0.828 seconds
[0m19:35:33.376158 [debug] [Thread-2 (]: Sending event: {'category': 'dbt', 'action': 'run_model', 'label': 'c400ef93-5156-4ae2-afa9-f2a6482ebad0', 'context': [<snowplow_tracker.self_describing_json.SelfDescribingJson object at 0x00000204365B9180>]}
[0m19:35:33.377128 [info ] [Thread-2 (]: 1 of 3 OK created sql view model STAGING.stg_covid_cases ....................... [[32mSUCCESS 1[0m in 0.94s]
[0m19:35:33.378391 [debug] [Thread-2 (]: Finished running node model.covid_pipeline.stg_covid_cases
[0m19:35:33.586296 [debug] [Thread-3 (]: SQL status: SUCCESS 1 in 1.069 seconds
[0m19:35:33.592503 [debug] [Thread-3 (]: Sending event: {'category': 'dbt', 'action': 'run_model', 'label': 'c400ef93-5156-4ae2-afa9-f2a6482ebad0', 'context': [<snowplow_tracker.self_describing_json.SelfDescribingJson object at 0x00000204365368F0>]}
[0m19:35:33.593571 [info ] [Thread-3 (]: 2 of 3 OK created sql view model STAGING.stg_population ........................ [[32mSUCCESS 1[0m in 1.15s]
[0m19:35:33.594704 [debug] [Thread-3 (]: Finished running node model.covid_pipeline.stg_population
[0m19:35:34.049912 [debug] [Thread-4 (]: SQL status: SUCCESS 1 in 1.529 seconds
[0m19:35:34.052055 [debug] [Thread-4 (]: Sending event: {'category': 'dbt', 'action': 'run_model', 'label': 'c400ef93-5156-4ae2-afa9-f2a6482ebad0', 'context': [<snowplow_tracker.self_describing_json.SelfDescribingJson object at 0x0000020434E9FAD0>]}
[0m19:35:34.052757 [info ] [Thread-4 (]: 3 of 3 OK created sql view model STAGING.stg_vaccinations ...................... [[32mSUCCESS 1[0m in 1.62s]
[0m19:35:34.053879 [debug] [Thread-4 (]: Finished running node model.covid_pipeline.stg_vaccinations
[0m19:35:34.055553 [debug] [MainThread]: Connection 'master' was properly closed.
[0m19:35:34.055932 [debug] [MainThread]: Connection 'list_COVID_DB' was left open.
[0m19:35:34.056296 [debug] [MainThread]: On list_COVID_DB: Close
[0m19:35:34.195447 [debug] [MainThread]: Connection 'list_COVID_DB_INTERMEDIATE' was left open.
[0m19:35:34.195914 [debug] [MainThread]: On list_COVID_DB_INTERMEDIATE: Close
[0m19:35:34.333393 [debug] [MainThread]: Connection 'list_COVID_DB_MARTS' was left open.
[0m19:35:34.333861 [debug] [MainThread]: On list_COVID_DB_MARTS: Close
[0m19:35:34.433339 [debug] [MainThread]: Connection 'list_COVID_DB_STAGING' was left open.
[0m19:35:34.433984 [debug] [MainThread]: On list_COVID_DB_STAGING: Close
[0m19:35:34.545857 [debug] [MainThread]: Connection 'model.covid_pipeline.stg_vaccinations' was left open.
[0m19:35:34.546335 [debug] [MainThread]: On model.covid_pipeline.stg_vaccinations: Close
[0m19:35:34.670046 [debug] [MainThread]: Connection 'model.covid_pipeline.stg_covid_cases' was left open.
[0m19:35:34.670532 [debug] [MainThread]: On model.covid_pipeline.stg_covid_cases: Close
[0m19:35:34.788758 [debug] [MainThread]: Connection 'model.covid_pipeline.stg_population' was left open.
[0m19:35:34.789441 [debug] [MainThread]: On model.covid_pipeline.stg_population: Close
[0m19:35:35.215002 [info ] [MainThread]: 
[0m19:35:35.215900 [info ] [MainThread]: Finished running 3 view models in 0 hours 0 minutes and 6.77 seconds (6.77s).
[0m19:35:35.217420 [debug] [MainThread]: Command end result
[0m19:35:35.256135 [debug] [MainThread]: Wrote artifact WritableManifest to C:\Users\Admin\workspace\DE_2025\Project3_Covid19_JW\dbt_project\target\manifest.json
[0m19:35:35.259415 [debug] [MainThread]: Wrote artifact SemanticManifest to C:\Users\Admin\workspace\DE_2025\Project3_Covid19_JW\dbt_project\target\semantic_manifest.json
[0m19:35:35.268389 [debug] [MainThread]: Wrote artifact RunExecutionResult to C:\Users\Admin\workspace\DE_2025\Project3_Covid19_JW\dbt_project\target\run_results.json
[0m19:35:35.268870 [info ] [MainThread]: 
[0m19:35:35.269570 [info ] [MainThread]: [32mCompleted successfully[0m
[0m19:35:35.270267 [info ] [MainThread]: 
[0m19:35:35.270954 [info ] [MainThread]: Done. PASS=3 WARN=0 ERROR=0 SKIP=0 NO-OP=0 TOTAL=3
[0m19:35:35.271848 [warn ] [MainThread]: [[33mWARNING[0m][DeprecationsSummary]: Deprecated functionality
Summary of encountered deprecations:
- MissingArgumentsPropertyInGenericTestDeprecation: 1 occurrence
To see all deprecation instances instead of just the first occurrence of each,
run command again with the `--show-all-deprecations` flag. You may also need to
run with `--no-partial-parse` as some deprecations are only encountered during
parsing.
[0m19:35:35.273525 [debug] [MainThread]: Command `dbt run` succeeded at 19:35:35.273361 after 14.89 seconds
[0m19:35:35.274002 [debug] [MainThread]: Sending event: {'category': 'dbt', 'action': 'invocation', 'label': 'end', 'context': [<snowplow_tracker.self_describing_json.SelfDescribingJson object at 0x0000020420D2D550>, <snowplow_tracker.self_describing_json.SelfDescribingJson object at 0x000002041FBF15C0>, <snowplow_tracker.self_describing_json.SelfDescribingJson object at 0x000002041EF41010>]}
[0m19:35:35.274470 [debug] [MainThread]: Flushing usage events
[0m19:35:35.474309 [debug] [MainThread]: An error was encountered while trying to flush usage events
[0m19:47:56.829461 [debug] [MainThread]: Sending event: {'category': 'dbt', 'action': 'invocation', 'label': 'start', 'context': [<snowplow_tracker.self_describing_json.SelfDescribingJson object at 0x0000022D3B524C20>, <snowplow_tracker.self_describing_json.SelfDescribingJson object at 0x0000022D39058910>, <snowplow_tracker.self_describing_json.SelfDescribingJson object at 0x0000022D3BFFC910>]}


============================== 19:47:56.835660 | 9c3df446-a8cf-4099-a188-968829c64ad0 ==============================
[0m19:47:56.835660 [info ] [MainThread]: Running with dbt=1.11.7
[0m19:47:56.836803 [debug] [MainThread]: running dbt with arguments {'static_parser': 'True', 'no_print': 'None', 'version_check': 'True', 'warn_error_options': 'WarnErrorOptionsV2(error=[], warn=[], silence=[])', 'target_path': 'None', 'printer_width': '80', 'write_json': 'True', 'introspect': 'True', 'log_cache_events': 'False', 'empty': 'False', 'cache_selected_only': 'False', 'log_format': 'default', 'debug': 'False', 'fail_fast': 'False', 'profiles_dir': 'C:\\Users\\Admin\\.dbt', 'send_anonymous_usage_stats': 'True', 'quiet': 'False', 'warn_error': 'None', 'partial_parse': 'True', 'indirect_selection': 'eager', 'use_colors': 'True', 'invocation_command': 'dbt run --select intermediate', 'use_experimental_parser': 'False', 'log_path': 'C:\\Users\\Admin\\workspace\\DE_2025\\Project3_Covid19_JW\\dbt_project\\logs'}
[0m19:47:58.193464 [debug] [MainThread]: Snowflake adapter: Setting snowflake.connector to ERROR (file logging only)
[0m19:47:58.194089 [debug] [MainThread]: Snowflake adapter: Setting botocore to ERROR (file logging only)
[0m19:47:58.194553 [debug] [MainThread]: Snowflake adapter: Setting boto3 to ERROR (file logging only)
[0m19:47:58.502326 [debug] [MainThread]: Sending event: {'category': 'dbt', 'action': 'project_id', 'label': '9c3df446-a8cf-4099-a188-968829c64ad0', 'context': [<snowplow_tracker.self_describing_json.SelfDescribingJson object at 0x0000022D3B96EEA0>]}
[0m19:47:58.594554 [debug] [MainThread]: Sending event: {'category': 'dbt', 'action': 'adapter_info', 'label': '9c3df446-a8cf-4099-a188-968829c64ad0', 'context': [<snowplow_tracker.self_describing_json.SelfDescribingJson object at 0x0000022D50EFD370>]}
[0m19:47:58.596770 [info ] [MainThread]: Registered adapter: snowflake=1.11.3
[0m19:47:59.190132 [debug] [MainThread]: checksum: b80718358155fc17c3559352095564dd56ada1cc1a1c0ef2e62c857e71583775, vars: {}, profile: , target: , version: 1.11.7
[0m19:47:59.423348 [debug] [MainThread]: Partial parsing enabled: 0 files deleted, 0 files added, 0 files changed.
[0m19:47:59.423879 [debug] [MainThread]: Nothing changed, skipping partial parsing.
[0m19:47:59.424371 [debug] [MainThread]: Partial parsing enabled, no changes found, skipping parsing
[0m19:47:59.487596 [debug] [MainThread]: Sending event: {'category': 'dbt', 'action': 'load_project', 'label': '9c3df446-a8cf-4099-a188-968829c64ad0', 'context': [<snowplow_tracker.self_describing_json.SelfDescribingJson object at 0x0000022D50F0D350>]}
[0m19:47:59.617303 [debug] [MainThread]: Wrote artifact WritableManifest to C:\Users\Admin\workspace\DE_2025\Project3_Covid19_JW\dbt_project\target\manifest.json
[0m19:47:59.621046 [debug] [MainThread]: Wrote artifact SemanticManifest to C:\Users\Admin\workspace\DE_2025\Project3_Covid19_JW\dbt_project\target\semantic_manifest.json
[0m19:47:59.661568 [debug] [MainThread]: Sending event: {'category': 'dbt', 'action': 'resource_counts', 'label': '9c3df446-a8cf-4099-a188-968829c64ad0', 'context': [<snowplow_tracker.self_describing_json.SelfDescribingJson object at 0x0000022D3B08AC60>]}
[0m19:47:59.662218 [info ] [MainThread]: Found 10 models, 16 data tests, 3 sources, 523 macros
[0m19:47:59.663015 [debug] [MainThread]: Sending event: {'category': 'dbt', 'action': 'runnable_timing', 'label': '9c3df446-a8cf-4099-a188-968829c64ad0', 'context': [<snowplow_tracker.self_describing_json.SelfDescribingJson object at 0x0000022D50FA2510>]}
[0m19:47:59.666459 [info ] [MainThread]: 
[0m19:47:59.667368 [info ] [MainThread]: Concurrency: 4 threads (target='dev')
[0m19:47:59.668301 [info ] [MainThread]: 
[0m19:47:59.669793 [debug] [MainThread]: Acquiring new snowflake connection 'master'
[0m19:47:59.677014 [debug] [ThreadPool]: Acquiring new snowflake connection 'list_COVID_DB'
[0m19:47:59.803610 [debug] [ThreadPool]: Using snowflake connection "list_COVID_DB"
[0m19:47:59.804414 [debug] [ThreadPool]: On list_COVID_DB: show terse schemas in database COVID_DB
    limit 10000
/* {"app": "dbt", "dbt_version": "1.11.7", "profile_name": "covid_pipeline", "target_name": "dev", "connection_name": "list_COVID_DB"} */
[0m19:47:59.804975 [debug] [ThreadPool]: Opening a new connection, currently in state init
[0m19:48:00.749969 [debug] [ThreadPool]: SQL status: SUCCESS 6 in 0.945 seconds
[0m19:48:00.753734 [debug] [ThreadPool]: Acquiring new snowflake connection 'list_COVID_DB_MARTS'
[0m19:48:00.760078 [debug] [ThreadPool]: Acquiring new snowflake connection 'list_COVID_DB_INTERMEDIATE'
[0m19:48:00.770101 [debug] [ThreadPool]: Using snowflake connection "list_COVID_DB_MARTS"
[0m19:48:00.772453 [debug] [ThreadPool]: Using snowflake connection "list_COVID_DB_INTERMEDIATE"
[0m19:48:00.773173 [debug] [ThreadPool]: On list_COVID_DB_MARTS: show objects in COVID_DB.MARTS
    limit 10000
    

/* {"app": "dbt", "dbt_version": "1.11.7", "profile_name": "covid_pipeline", "target_name": "dev", "connection_name": "list_COVID_DB_MARTS"} */;
[0m19:48:00.773676 [debug] [ThreadPool]: On list_COVID_DB_INTERMEDIATE: show objects in COVID_DB.INTERMEDIATE
    limit 10000
    

/* {"app": "dbt", "dbt_version": "1.11.7", "profile_name": "covid_pipeline", "target_name": "dev", "connection_name": "list_COVID_DB_INTERMEDIATE"} */;
[0m19:48:00.774278 [debug] [ThreadPool]: Acquiring new snowflake connection 'list_COVID_DB_STAGING'
[0m19:48:00.775078 [debug] [ThreadPool]: Opening a new connection, currently in state init
[0m19:48:00.775680 [debug] [ThreadPool]: Opening a new connection, currently in state init
[0m19:48:00.778168 [debug] [ThreadPool]: Using snowflake connection "list_COVID_DB_STAGING"
[0m19:48:00.779548 [debug] [ThreadPool]: On list_COVID_DB_STAGING: show objects in COVID_DB.STAGING
    limit 10000
    

/* {"app": "dbt", "dbt_version": "1.11.7", "profile_name": "covid_pipeline", "target_name": "dev", "connection_name": "list_COVID_DB_STAGING"} */;
[0m19:48:00.780619 [debug] [ThreadPool]: Opening a new connection, currently in state init
[0m19:48:01.661483 [debug] [ThreadPool]: SQL status: SUCCESS 0 in 0.886 seconds
[0m19:48:01.692110 [debug] [ThreadPool]: SQL status: SUCCESS 3 in 0.911 seconds
[0m19:48:01.705635 [debug] [ThreadPool]: SQL status: SUCCESS 0 in 0.930 seconds
[0m19:48:01.707868 [debug] [MainThread]: Sending event: {'category': 'dbt', 'action': 'runnable_timing', 'label': '9c3df446-a8cf-4099-a188-968829c64ad0', 'context': [<snowplow_tracker.self_describing_json.SelfDescribingJson object at 0x0000022D51AE64E0>]}
[0m19:48:01.714468 [debug] [Thread-2 (]: Began running node model.covid_pipeline.int_cases_with_population
[0m19:48:01.715554 [debug] [Thread-3 (]: Began running node model.covid_pipeline.int_vaccinations_with_population
[0m19:48:01.715121 [info ] [Thread-2 (]: 1 of 2 START sql view model INTERMEDIATE.int_cases_with_population ............. [RUN]
[0m19:48:01.716987 [debug] [Thread-2 (]: Acquiring new snowflake connection 'model.covid_pipeline.int_cases_with_population'
[0m19:48:01.717653 [debug] [Thread-2 (]: Began compiling node model.covid_pipeline.int_cases_with_population
[0m19:48:01.716122 [info ] [Thread-3 (]: 2 of 2 START sql view model INTERMEDIATE.int_vaccinations_with_population ...... [RUN]
[0m19:48:01.725888 [debug] [Thread-2 (]: Writing injected SQL for node "model.covid_pipeline.int_cases_with_population"
[0m19:48:01.726660 [debug] [Thread-3 (]: Acquiring new snowflake connection 'model.covid_pipeline.int_vaccinations_with_population'
[0m19:48:01.727351 [debug] [Thread-3 (]: Began compiling node model.covid_pipeline.int_vaccinations_with_population
[0m19:48:01.731014 [debug] [Thread-3 (]: Writing injected SQL for node "model.covid_pipeline.int_vaccinations_with_population"
[0m19:48:01.732607 [debug] [Thread-2 (]: Began executing node model.covid_pipeline.int_cases_with_population
[0m19:48:01.733360 [debug] [Thread-3 (]: Began executing node model.covid_pipeline.int_vaccinations_with_population
[0m19:48:01.790138 [debug] [Thread-2 (]: Writing runtime sql for node "model.covid_pipeline.int_cases_with_population"
[0m19:48:01.790963 [debug] [Thread-3 (]: Writing runtime sql for node "model.covid_pipeline.int_vaccinations_with_population"
[0m19:48:01.795922 [debug] [Thread-3 (]: Using snowflake connection "model.covid_pipeline.int_vaccinations_with_population"
[0m19:48:01.797675 [debug] [Thread-2 (]: Using snowflake connection "model.covid_pipeline.int_cases_with_population"
[0m19:48:01.798288 [debug] [Thread-3 (]: On model.covid_pipeline.int_vaccinations_with_population: create or replace   view COVID_DB.INTERMEDIATE.int_vaccinations_with_population
  
  
  
  
  as (
    -- Intermediate: CDC vaccinations enriched with Census population
-- Takes the latest vaccination snapshot per county (max date),
-- joins population for coverage rate calculations.
-- Used by: mart_vaccination_vs_cases

with vaccinations as (
    select
        county_fips,
        state_abbrev,
        county_name,
        vaccination_date,
        dose1_cumulative,
        series_complete_cumulative,
        booster_cumulative,
        census2019_pop,
        -- Rank to get the most recent snapshot per county
        row_number() over (
            partition by county_fips
            order by vaccination_date desc
        ) as rn
    from COVID_DB.STAGING.stg_vaccinations
),

latest as (
    select * from vaccinations where rn = 1
),

population as (
    select county_fips, population
    from COVID_DB.STAGING.stg_population
),

joined as (
    select
        v.county_fips,
        v.state_abbrev,
        v.county_name,
        v.vaccination_date                as latest_vaccination_date,
        v.dose1_cumulative,
        v.series_complete_cumulative,
        v.booster_cumulative,
        coalesce(p.population, v.census2019_pop) as population,

        -- Coverage rates (cap at 100% to handle reporting artifacts)
        least(
            round(v.series_complete_cumulative * 100.0 / nullif(coalesce(p.population, v.census2019_pop), 0), 2),
            100
        ) as pct_series_complete,

        least(
            round(v.booster_cumulative * 100.0 / nullif(coalesce(p.population, v.census2019_pop), 0), 2),
            100
        ) as pct_boosted

    from latest v
    left join population p on v.county_fips = p.county_fips
)

select * from joined
  )
/* {"app": "dbt", "dbt_version": "1.11.7", "profile_name": "covid_pipeline", "target_name": "dev", "node_id": "model.covid_pipeline.int_vaccinations_with_population"} */;
[0m19:48:01.799214 [debug] [Thread-2 (]: On model.covid_pipeline.int_cases_with_population: create or replace   view COVID_DB.INTERMEDIATE.int_cases_with_population
  
  
  
  
  as (
    -- Intermediate: CDC cases enriched with Census population
-- Aggregates case counts to monthly county level, then joins population.
-- Used by: mart_cases_per_100k, mart_case_fatality_rate, mart_rolling_avg_cases

with cases as (
    select
        county_fips,
        state_fips,
        case_month,
        count(*)        as total_cases,
        sum(is_death)   as total_deaths,
        sum(is_hospitalized) as total_hospitalizations
    from COVID_DB.STAGING.stg_covid_cases
    group by 1, 2, 3
),

population as (
    select
        county_fips,
        county_name,
        population
    from COVID_DB.STAGING.stg_population
),

joined as (
    select
        c.county_fips,
        c.state_fips,
        c.case_month,
        c.total_cases,
        c.total_deaths,
        c.total_hospitalizations,
        p.county_name,
        p.population
    from cases c
    left join population p
        on c.county_fips = p.county_fips
)

select * from joined
  )
/* {"app": "dbt", "dbt_version": "1.11.7", "profile_name": "covid_pipeline", "target_name": "dev", "node_id": "model.covid_pipeline.int_cases_with_population"} */;
[0m19:48:01.800054 [debug] [Thread-3 (]: Opening a new connection, currently in state init
[0m19:48:01.800587 [debug] [Thread-2 (]: Opening a new connection, currently in state init
[0m19:48:02.749839 [debug] [Thread-3 (]: SQL status: SUCCESS 1 in 0.950 seconds
[0m19:48:02.778001 [debug] [Thread-3 (]: Sending event: {'category': 'dbt', 'action': 'run_model', 'label': '9c3df446-a8cf-4099-a188-968829c64ad0', 'context': [<snowplow_tracker.self_describing_json.SelfDescribingJson object at 0x0000022D51AF2210>]}
[0m19:48:02.778908 [info ] [Thread-3 (]: 2 of 2 OK created sql view model INTERMEDIATE.int_vaccinations_with_population . [[32mSUCCESS 1[0m in 1.05s]
[0m19:48:02.780022 [debug] [Thread-3 (]: Finished running node model.covid_pipeline.int_vaccinations_with_population
[0m19:48:02.903259 [debug] [Thread-2 (]: SQL status: SUCCESS 1 in 1.103 seconds
[0m19:48:02.905495 [debug] [Thread-2 (]: Sending event: {'category': 'dbt', 'action': 'run_model', 'label': '9c3df446-a8cf-4099-a188-968829c64ad0', 'context': [<snowplow_tracker.self_describing_json.SelfDescribingJson object at 0x0000022D51C0A6D0>]}
[0m19:48:02.906209 [info ] [Thread-2 (]: 1 of 2 OK created sql view model INTERMEDIATE.int_cases_with_population ........ [[32mSUCCESS 1[0m in 1.19s]
[0m19:48:02.907431 [debug] [Thread-2 (]: Finished running node model.covid_pipeline.int_cases_with_population
[0m19:48:02.909467 [debug] [MainThread]: Connection 'master' was properly closed.
[0m19:48:02.909912 [debug] [MainThread]: Connection 'list_COVID_DB' was left open.
[0m19:48:02.910273 [debug] [MainThread]: On list_COVID_DB: Close
[0m19:48:03.113185 [debug] [MainThread]: Connection 'list_COVID_DB_MARTS' was left open.
[0m19:48:03.113648 [debug] [MainThread]: On list_COVID_DB_MARTS: Close
[0m19:48:03.321647 [debug] [MainThread]: Connection 'list_COVID_DB_INTERMEDIATE' was left open.
[0m19:48:03.322095 [debug] [MainThread]: On list_COVID_DB_INTERMEDIATE: Close
[0m19:48:03.447881 [debug] [MainThread]: Connection 'list_COVID_DB_STAGING' was left open.
[0m19:48:03.448400 [debug] [MainThread]: On list_COVID_DB_STAGING: Close
[0m19:48:03.726846 [debug] [MainThread]: Connection 'model.covid_pipeline.int_cases_with_population' was left open.
[0m19:48:03.727326 [debug] [MainThread]: On model.covid_pipeline.int_cases_with_population: Close
[0m19:48:03.859311 [debug] [MainThread]: Connection 'model.covid_pipeline.int_vaccinations_with_population' was left open.
[0m19:48:03.859795 [debug] [MainThread]: On model.covid_pipeline.int_vaccinations_with_population: Close
[0m19:48:03.966934 [info ] [MainThread]: 
[0m19:48:03.967706 [info ] [MainThread]: Finished running 2 view models in 0 hours 0 minutes and 4.30 seconds (4.30s).
[0m19:48:03.968882 [debug] [MainThread]: Command end result
[0m19:48:03.997893 [debug] [MainThread]: Wrote artifact WritableManifest to C:\Users\Admin\workspace\DE_2025\Project3_Covid19_JW\dbt_project\target\manifest.json
[0m19:48:04.002125 [debug] [MainThread]: Wrote artifact SemanticManifest to C:\Users\Admin\workspace\DE_2025\Project3_Covid19_JW\dbt_project\target\semantic_manifest.json
[0m19:48:04.011723 [debug] [MainThread]: Wrote artifact RunExecutionResult to C:\Users\Admin\workspace\DE_2025\Project3_Covid19_JW\dbt_project\target\run_results.json
[0m19:48:04.012219 [info ] [MainThread]: 
[0m19:48:04.013049 [info ] [MainThread]: [32mCompleted successfully[0m
[0m19:48:04.013961 [info ] [MainThread]: 
[0m19:48:04.014815 [info ] [MainThread]: Done. PASS=2 WARN=0 ERROR=0 SKIP=0 NO-OP=0 TOTAL=2
[0m19:48:04.016278 [debug] [MainThread]: Command `dbt run` succeeded at 19:48:04.016105 after 7.36 seconds
[0m19:48:04.016783 [debug] [MainThread]: Sending event: {'category': 'dbt', 'action': 'invocation', 'label': 'end', 'context': [<snowplow_tracker.self_describing_json.SelfDescribingJson object at 0x0000022D510C1270>, <snowplow_tracker.self_describing_json.SelfDescribingJson object at 0x0000022D51B09910>, <snowplow_tracker.self_describing_json.SelfDescribingJson object at 0x0000022D513CC8D0>]}
[0m19:48:04.017255 [debug] [MainThread]: Flushing usage events
[0m19:48:04.219764 [debug] [MainThread]: An error was encountered while trying to flush usage events
[0m19:48:50.944978 [debug] [MainThread]: Sending event: {'category': 'dbt', 'action': 'invocation', 'label': 'start', 'context': [<snowplow_tracker.self_describing_json.SelfDescribingJson object at 0x00000246CD634C20>, <snowplow_tracker.self_describing_json.SelfDescribingJson object at 0x00000246CB168910>, <snowplow_tracker.self_describing_json.SelfDescribingJson object at 0x00000246CE108910>]}


============================== 19:48:50.951934 | 0ab8772e-ff40-4776-b310-c6c24a63cfbf ==============================
[0m19:48:50.951934 [info ] [MainThread]: Running with dbt=1.11.7
[0m19:48:50.953137 [debug] [MainThread]: running dbt with arguments {'version_check': 'True', 'no_print': 'None', 'static_parser': 'True', 'warn_error_options': 'WarnErrorOptionsV2(error=[], warn=[], silence=[])', 'target_path': 'None', 'printer_width': '80', 'write_json': 'True', 'introspect': 'True', 'log_cache_events': 'False', 'empty': 'False', 'cache_selected_only': 'False', 'log_format': 'default', 'debug': 'False', 'fail_fast': 'False', 'profiles_dir': 'C:\\Users\\Admin\\.dbt', 'send_anonymous_usage_stats': 'True', 'quiet': 'False', 'warn_error': 'None', 'partial_parse': 'True', 'use_colors': 'True', 'invocation_command': 'dbt run --select marts', 'indirect_selection': 'eager', 'use_experimental_parser': 'False', 'log_path': 'C:\\Users\\Admin\\workspace\\DE_2025\\Project3_Covid19_JW\\dbt_project\\logs'}
[0m19:48:52.582396 [debug] [MainThread]: Snowflake adapter: Setting snowflake.connector to ERROR (file logging only)
[0m19:48:52.583024 [debug] [MainThread]: Snowflake adapter: Setting botocore to ERROR (file logging only)
[0m19:48:52.583495 [debug] [MainThread]: Snowflake adapter: Setting boto3 to ERROR (file logging only)
[0m19:48:52.874340 [debug] [MainThread]: Sending event: {'category': 'dbt', 'action': 'project_id', 'label': '0ab8772e-ff40-4776-b310-c6c24a63cfbf', 'context': [<snowplow_tracker.self_describing_json.SelfDescribingJson object at 0x00000246CDA7EEA0>]}
[0m19:48:52.966461 [debug] [MainThread]: Sending event: {'category': 'dbt', 'action': 'adapter_info', 'label': '0ab8772e-ff40-4776-b310-c6c24a63cfbf', 'context': [<snowplow_tracker.self_describing_json.SelfDescribingJson object at 0x00000246E304D370>]}
[0m19:48:52.968286 [info ] [MainThread]: Registered adapter: snowflake=1.11.3
[0m19:48:53.559604 [debug] [MainThread]: checksum: b80718358155fc17c3559352095564dd56ada1cc1a1c0ef2e62c857e71583775, vars: {}, profile: , target: , version: 1.11.7
[0m19:48:53.777925 [debug] [MainThread]: Partial parsing enabled: 0 files deleted, 0 files added, 0 files changed.
[0m19:48:53.778434 [debug] [MainThread]: Nothing changed, skipping partial parsing.
[0m19:48:53.778808 [debug] [MainThread]: Partial parsing enabled, no changes found, skipping parsing
[0m19:48:53.846056 [debug] [MainThread]: Sending event: {'category': 'dbt', 'action': 'load_project', 'label': '0ab8772e-ff40-4776-b310-c6c24a63cfbf', 'context': [<snowplow_tracker.self_describing_json.SelfDescribingJson object at 0x00000246E305D350>]}
[0m19:48:53.972915 [debug] [MainThread]: Wrote artifact WritableManifest to C:\Users\Admin\workspace\DE_2025\Project3_Covid19_JW\dbt_project\target\manifest.json
[0m19:48:53.976727 [debug] [MainThread]: Wrote artifact SemanticManifest to C:\Users\Admin\workspace\DE_2025\Project3_Covid19_JW\dbt_project\target\semantic_manifest.json
[0m19:48:54.019704 [debug] [MainThread]: Sending event: {'category': 'dbt', 'action': 'resource_counts', 'label': '0ab8772e-ff40-4776-b310-c6c24a63cfbf', 'context': [<snowplow_tracker.self_describing_json.SelfDescribingJson object at 0x00000246CD19AC60>]}
[0m19:48:54.020379 [info ] [MainThread]: Found 10 models, 16 data tests, 3 sources, 523 macros
[0m19:48:54.021203 [debug] [MainThread]: Sending event: {'category': 'dbt', 'action': 'runnable_timing', 'label': '0ab8772e-ff40-4776-b310-c6c24a63cfbf', 'context': [<snowplow_tracker.self_describing_json.SelfDescribingJson object at 0x00000246E30F2510>]}
[0m19:48:54.025418 [info ] [MainThread]: 
[0m19:48:54.026522 [info ] [MainThread]: Concurrency: 4 threads (target='dev')
[0m19:48:54.027487 [info ] [MainThread]: 
[0m19:48:54.028574 [debug] [MainThread]: Acquiring new snowflake connection 'master'
[0m19:48:54.037726 [debug] [ThreadPool]: Acquiring new snowflake connection 'list_COVID_DB'
[0m19:48:54.148738 [debug] [ThreadPool]: Using snowflake connection "list_COVID_DB"
[0m19:48:54.149291 [debug] [ThreadPool]: On list_COVID_DB: show terse schemas in database COVID_DB
    limit 10000
/* {"app": "dbt", "dbt_version": "1.11.7", "profile_name": "covid_pipeline", "target_name": "dev", "connection_name": "list_COVID_DB"} */
[0m19:48:54.149723 [debug] [ThreadPool]: Opening a new connection, currently in state init
[0m19:48:54.983538 [debug] [ThreadPool]: SQL status: SUCCESS 6 in 0.834 seconds
[0m19:48:54.987900 [debug] [ThreadPool]: Acquiring new snowflake connection 'list_COVID_DB_INTERMEDIATE'
[0m19:48:55.000029 [debug] [ThreadPool]: Acquiring new snowflake connection 'list_COVID_DB_STAGING'
[0m19:48:55.003199 [debug] [ThreadPool]: Using snowflake connection "list_COVID_DB_INTERMEDIATE"
[0m19:48:55.005478 [debug] [ThreadPool]: Using snowflake connection "list_COVID_DB_STAGING"
[0m19:48:55.006182 [debug] [ThreadPool]: On list_COVID_DB_INTERMEDIATE: show objects in COVID_DB.INTERMEDIATE
    limit 10000
    

/* {"app": "dbt", "dbt_version": "1.11.7", "profile_name": "covid_pipeline", "target_name": "dev", "connection_name": "list_COVID_DB_INTERMEDIATE"} */;
[0m19:48:55.006707 [debug] [ThreadPool]: On list_COVID_DB_STAGING: show objects in COVID_DB.STAGING
    limit 10000
    

/* {"app": "dbt", "dbt_version": "1.11.7", "profile_name": "covid_pipeline", "target_name": "dev", "connection_name": "list_COVID_DB_STAGING"} */;
[0m19:48:55.007520 [debug] [ThreadPool]: Acquiring new snowflake connection 'list_COVID_DB_MARTS'
[0m19:48:55.008130 [debug] [ThreadPool]: Opening a new connection, currently in state init
[0m19:48:55.008596 [debug] [ThreadPool]: Opening a new connection, currently in state init
[0m19:48:55.011213 [debug] [ThreadPool]: Using snowflake connection "list_COVID_DB_MARTS"
[0m19:48:55.012180 [debug] [ThreadPool]: On list_COVID_DB_MARTS: show objects in COVID_DB.MARTS
    limit 10000
    

/* {"app": "dbt", "dbt_version": "1.11.7", "profile_name": "covid_pipeline", "target_name": "dev", "connection_name": "list_COVID_DB_MARTS"} */;
[0m19:48:55.012581 [debug] [ThreadPool]: Opening a new connection, currently in state init
[0m19:48:55.770583 [debug] [ThreadPool]: SQL status: SUCCESS 0 in 0.758 seconds
[0m19:48:55.786831 [debug] [ThreadPool]: SQL status: SUCCESS 3 in 0.778 seconds
[0m19:48:55.950454 [debug] [ThreadPool]: SQL status: SUCCESS 2 in 0.942 seconds
[0m19:48:55.953405 [debug] [MainThread]: Sending event: {'category': 'dbt', 'action': 'runnable_timing', 'label': '0ab8772e-ff40-4776-b310-c6c24a63cfbf', 'context': [<snowplow_tracker.self_describing_json.SelfDescribingJson object at 0x00000246E3C332B0>]}
[0m19:48:55.959325 [debug] [Thread-4 (]: Began running node model.covid_pipeline.mart_data_freshness
[0m19:48:55.959873 [debug] [Thread-5 (]: Began running node model.covid_pipeline.mart_rolling_avg_cases
[0m19:48:55.960343 [debug] [Thread-2 (]: Began running node model.covid_pipeline.mart_case_fatality_rate
[0m19:48:55.961350 [debug] [Thread-3 (]: Began running node model.covid_pipeline.mart_cases_per_100k
[0m19:48:55.960950 [info ] [Thread-4 (]: 3 of 5 START sql table model MARTS.mart_data_freshness ......................... [RUN]
[0m19:48:55.964044 [debug] [Thread-4 (]: Acquiring new snowflake connection 'model.covid_pipeline.mart_data_freshness'
[0m19:48:55.961986 [info ] [Thread-5 (]: 4 of 5 START sql table model MARTS.mart_rolling_avg_cases ...................... [RUN]
[0m19:48:55.964958 [debug] [Thread-4 (]: Began compiling node model.covid_pipeline.mart_data_freshness
[0m19:48:55.965679 [debug] [Thread-5 (]: Acquiring new snowflake connection 'model.covid_pipeline.mart_rolling_avg_cases'
[0m19:48:55.975439 [debug] [Thread-4 (]: Writing injected SQL for node "model.covid_pipeline.mart_data_freshness"
[0m19:48:55.962502 [info ] [Thread-2 (]: 1 of 5 START sql table model MARTS.mart_case_fatality_rate ..................... [RUN]
[0m19:48:55.976309 [debug] [Thread-5 (]: Began compiling node model.covid_pipeline.mart_rolling_avg_cases
[0m19:48:55.963160 [info ] [Thread-3 (]: 2 of 5 START sql table model MARTS.mart_cases_per_100k ......................... [RUN]
[0m19:48:55.978590 [debug] [Thread-2 (]: Acquiring new snowflake connection 'model.covid_pipeline.mart_case_fatality_rate'
[0m19:48:55.982215 [debug] [Thread-5 (]: Writing injected SQL for node "model.covid_pipeline.mart_rolling_avg_cases"
[0m19:48:55.983247 [debug] [Thread-3 (]: Acquiring new snowflake connection 'model.covid_pipeline.mart_cases_per_100k'
[0m19:48:55.984270 [debug] [Thread-2 (]: Began compiling node model.covid_pipeline.mart_case_fatality_rate
[0m19:48:55.985278 [debug] [Thread-3 (]: Began compiling node model.covid_pipeline.mart_cases_per_100k
[0m19:48:55.988959 [debug] [Thread-2 (]: Writing injected SQL for node "model.covid_pipeline.mart_case_fatality_rate"
[0m19:48:55.990139 [debug] [Thread-4 (]: Began executing node model.covid_pipeline.mart_data_freshness
[0m19:48:55.994083 [debug] [Thread-3 (]: Writing injected SQL for node "model.covid_pipeline.mart_cases_per_100k"
[0m19:48:55.999422 [debug] [Thread-5 (]: Began executing node model.covid_pipeline.mart_rolling_avg_cases
[0m19:48:56.050721 [debug] [Thread-4 (]: Writing runtime sql for node "model.covid_pipeline.mart_data_freshness"
[0m19:48:56.053765 [debug] [Thread-5 (]: Writing runtime sql for node "model.covid_pipeline.mart_rolling_avg_cases"
[0m19:48:56.054530 [debug] [Thread-2 (]: Began executing node model.covid_pipeline.mart_case_fatality_rate
[0m19:48:56.055242 [debug] [Thread-3 (]: Began executing node model.covid_pipeline.mart_cases_per_100k
[0m19:48:56.058081 [debug] [Thread-2 (]: Writing runtime sql for node "model.covid_pipeline.mart_case_fatality_rate"
[0m19:48:56.061523 [debug] [Thread-3 (]: Writing runtime sql for node "model.covid_pipeline.mart_cases_per_100k"
[0m19:48:56.065437 [debug] [Thread-4 (]: Using snowflake connection "model.covid_pipeline.mart_data_freshness"
[0m19:48:56.066378 [debug] [Thread-4 (]: On model.covid_pipeline.mart_data_freshness: create or replace transient table COVID_DB.MARTS.mart_data_freshness
    
    
    
    as (-- Mart: Data freshness report by source
-- Shows when each RAW table was last loaded and how stale it is.
-- Critical for operational trust and dashboard warnings.

with freshness as (
    select
        'raw_covid_cases'   as source_table,
        'CDC SODA n8mc-b4w4' as source_name,
        max(_loaded_at)     as last_loaded_at
    from COVID_DB.RAW.raw_covid_cases

    union all

    select
        'raw_vaccinations'   as source_table,
        'CDC SODA 8xkx-amqh' as source_name,
        max(_loaded_at)      as last_loaded_at
    from COVID_DB.RAW.raw_vaccinations

    union all

    select
        'raw_population'        as source_table,
        'US Census PEP 2023'    as source_name,
        max(_loaded_at)         as last_loaded_at
    from COVID_DB.RAW.raw_population
)

select
    source_table,
    source_name,
    last_loaded_at,
    datediff('hour', last_loaded_at, current_timestamp()) as hours_since_load,
    case
        when datediff('day', last_loaded_at, current_timestamp()) <= 1  then 'Fresh'
        when datediff('day', last_loaded_at, current_timestamp()) <= 7  then 'Recent'
        when datediff('day', last_loaded_at, current_timestamp()) <= 30 then 'Stale'
        else 'Very Stale'
    end as freshness_status

from freshness
order by source_table
    )

/* {"app": "dbt", "dbt_version": "1.11.7", "profile_name": "covid_pipeline", "target_name": "dev", "node_id": "model.covid_pipeline.mart_data_freshness"} */;
[0m19:48:56.067304 [debug] [Thread-4 (]: Opening a new connection, currently in state init
[0m19:48:56.068747 [debug] [Thread-2 (]: Using snowflake connection "model.covid_pipeline.mart_case_fatality_rate"
[0m19:48:56.069568 [debug] [Thread-2 (]: On model.covid_pipeline.mart_case_fatality_rate: create or replace transient table COVID_DB.MARTS.mart_case_fatality_rate
    
    
    
    as (-- Mart: Case fatality rate (CFR) by state and month
-- CFR = deaths / confirmed_cases × 100
-- Highlights regional healthcare capacity differences over time.

with base as (
    select
        state_fips,
        case_month,
        sum(total_cases)  as total_cases,
        sum(total_deaths) as total_deaths
    from COVID_DB.INTERMEDIATE.int_cases_with_population
    group by 1, 2
)

select
    state_fips,
    case_month,
    total_cases,
    total_deaths,
    round(
        total_deaths * 100.0 / nullif(total_cases, 0),
        4
    ) as case_fatality_rate_pct
from base
order by state_fips, case_month
    )

/* {"app": "dbt", "dbt_version": "1.11.7", "profile_name": "covid_pipeline", "target_name": "dev", "node_id": "model.covid_pipeline.mart_case_fatality_rate"} */;
[0m19:48:56.070871 [debug] [Thread-3 (]: Using snowflake connection "model.covid_pipeline.mart_cases_per_100k"
[0m19:48:56.071488 [debug] [Thread-2 (]: Opening a new connection, currently in state init
[0m19:48:56.072293 [debug] [Thread-3 (]: On model.covid_pipeline.mart_cases_per_100k: create or replace transient table COVID_DB.MARTS.mart_cases_per_100k
    
    
    
    as (-- Mart: Cases per 100k population by county and month
-- Normalizes case counts for fair comparison across counties of different sizes.

select
    county_fips,
    county_name,
    state_fips,
    case_month,
    total_cases,
    population,
    round(
        total_cases * 100000.0 / nullif(population, 0),
        2
    ) as cases_per_100k
from COVID_DB.INTERMEDIATE.int_cases_with_population
where population is not null
order by state_fips, county_fips, case_month
    )

/* {"app": "dbt", "dbt_version": "1.11.7", "profile_name": "covid_pipeline", "target_name": "dev", "node_id": "model.covid_pipeline.mart_cases_per_100k"} */;
[0m19:48:56.074381 [debug] [Thread-5 (]: Using snowflake connection "model.covid_pipeline.mart_rolling_avg_cases"
[0m19:48:56.075386 [debug] [Thread-3 (]: Opening a new connection, currently in state init
[0m19:48:56.076687 [debug] [Thread-5 (]: On model.covid_pipeline.mart_rolling_avg_cases: create or replace transient table COVID_DB.MARTS.mart_rolling_avg_cases
    
    
    
    as (-- Mart: 7-day rolling average of new cases (approximated at monthly granularity)
-- Note: CDC cases data is monthly. We compute a 3-month rolling average as a
-- reasonable proxy — document this in the dashboard.

with monthly as (
    select
        state_fips,
        case_month,
        sum(total_cases) as monthly_cases
    from COVID_DB.INTERMEDIATE.int_cases_with_population
    group by 1, 2
),

rolling as (
    select
        state_fips,
        case_month,
        monthly_cases,
        avg(monthly_cases) over (
            partition by state_fips
            order by case_month
            rows between 2 preceding and current row
        ) as rolling_3mo_avg_cases
    from monthly
)

select * from rolling
order by state_fips, case_month
    )

/* {"app": "dbt", "dbt_version": "1.11.7", "profile_name": "covid_pipeline", "target_name": "dev", "node_id": "model.covid_pipeline.mart_rolling_avg_cases"} */;
[0m19:48:56.079082 [debug] [Thread-5 (]: Opening a new connection, currently in state init
[0m19:48:56.705542 [debug] [Thread-4 (]: Snowflake adapter: Snowflake query id: 01c36830-0004-e96e-000c-2d7e000cd3d6
[0m19:48:56.706112 [debug] [Thread-4 (]: Snowflake adapter: Snowflake error: 000904 (42000): SQL compilation error: error line 13 at position 12
invalid identifier '_LOADED_AT'
[0m19:48:56.726262 [debug] [Thread-4 (]: Database Error in model mart_data_freshness (models\marts\mart_data_freshness.sql)
  000904 (42000): SQL compilation error: error line 13 at position 12
  invalid identifier '_LOADED_AT'
  compiled code at target\run\covid_pipeline\models\marts\mart_data_freshness.sql
[0m19:48:56.728783 [debug] [Thread-4 (]: Sending event: {'category': 'dbt', 'action': 'run_model', 'label': '0ab8772e-ff40-4776-b310-c6c24a63cfbf', 'context': [<snowplow_tracker.self_describing_json.SelfDescribingJson object at 0x00000246E3C43050>]}
[0m19:48:56.729761 [error] [Thread-4 (]: 3 of 5 ERROR creating sql table model MARTS.mart_data_freshness ................ [[31mERROR[0m in 0.76s]
[0m19:48:56.730992 [debug] [Thread-4 (]: Finished running node model.covid_pipeline.mart_data_freshness
[0m19:48:56.731594 [debug] [Thread-4 (]: Began running node model.covid_pipeline.mart_vaccination_vs_cases
[0m19:48:56.732936 [debug] [Thread-8 (]: Marking all children of 'model.covid_pipeline.mart_data_freshness' to be skipped because of status 'error'.  Reason: Database Error in model mart_data_freshness (models\marts\mart_data_freshness.sql)
  000904 (42000): SQL compilation error: error line 13 at position 12
  invalid identifier '_LOADED_AT'
  compiled code at target\run\covid_pipeline\models\marts\mart_data_freshness.sql.
[0m19:48:56.732265 [info ] [Thread-4 (]: 5 of 5 START sql table model MARTS.mart_vaccination_vs_cases ................... [RUN]
[0m19:48:56.734460 [debug] [Thread-4 (]: Re-using an available connection from the pool (formerly model.covid_pipeline.mart_data_freshness, now model.covid_pipeline.mart_vaccination_vs_cases)
[0m19:48:56.734924 [debug] [Thread-4 (]: Began compiling node model.covid_pipeline.mart_vaccination_vs_cases
[0m19:48:56.738126 [debug] [Thread-4 (]: Writing injected SQL for node "model.covid_pipeline.mart_vaccination_vs_cases"
[0m19:48:56.739341 [debug] [Thread-4 (]: Began executing node model.covid_pipeline.mart_vaccination_vs_cases
[0m19:48:56.742048 [debug] [Thread-4 (]: Writing runtime sql for node "model.covid_pipeline.mart_vaccination_vs_cases"
[0m19:48:56.744020 [debug] [Thread-4 (]: Using snowflake connection "model.covid_pipeline.mart_vaccination_vs_cases"
[0m19:48:56.744558 [debug] [Thread-4 (]: On model.covid_pipeline.mart_vaccination_vs_cases: create or replace transient table COVID_DB.MARTS.mart_vaccination_vs_cases
    
    
    
    as (-- Mart: Vaccination coverage vs case rate by county
-- Joins the latest vaccination snapshot with cumulative case counts.
-- Enables correlation analysis: do more-vaccinated counties show fewer cases?

with cases_cumulative as (
    select
        county_fips,
        sum(total_cases)  as total_cases,
        sum(total_deaths) as total_deaths,
        max(population)   as population
    from COVID_DB.INTERMEDIATE.int_cases_with_population
    group by 1
),

vaccinations as (
    select * from COVID_DB.INTERMEDIATE.int_vaccinations_with_population
)

select
    v.county_fips,
    v.state_abbrev,
    v.county_name,
    v.latest_vaccination_date,
    v.pct_series_complete,
    v.pct_boosted,
    c.total_cases,
    c.total_deaths,
    c.population,
    round(
        c.total_cases * 100000.0 / nullif(c.population, 0),
        2
    ) as cumulative_cases_per_100k

from vaccinations v
left join cases_cumulative c on v.county_fips = c.county_fips
order by v.state_abbrev, v.county_fips
    )

/* {"app": "dbt", "dbt_version": "1.11.7", "profile_name": "covid_pipeline", "target_name": "dev", "node_id": "model.covid_pipeline.mart_vaccination_vs_cases"} */;
[0m19:48:58.453432 [debug] [Thread-5 (]: SQL status: SUCCESS 78 in 2.374 seconds
[0m19:48:58.475463 [debug] [Thread-5 (]: Sending event: {'category': 'dbt', 'action': 'run_model', 'label': '0ab8772e-ff40-4776-b310-c6c24a63cfbf', 'context': [<snowplow_tracker.self_describing_json.SelfDescribingJson object at 0x00000246E3D5AA40>]}
[0m19:48:58.476208 [info ] [Thread-5 (]: 4 of 5 OK created sql table model MARTS.mart_rolling_avg_cases ................. [[32mSUCCESS 78[0m in 2.51s]
[0m19:48:58.477443 [debug] [Thread-5 (]: Finished running node model.covid_pipeline.mart_rolling_avg_cases
[0m19:48:58.508049 [debug] [Thread-2 (]: SQL status: SUCCESS 78 in 2.437 seconds
[0m19:48:58.510106 [debug] [Thread-2 (]: Sending event: {'category': 'dbt', 'action': 'run_model', 'label': '0ab8772e-ff40-4776-b310-c6c24a63cfbf', 'context': [<snowplow_tracker.self_describing_json.SelfDescribingJson object at 0x00000246E3E0A2B0>]}
[0m19:48:58.511011 [info ] [Thread-2 (]: 1 of 5 OK created sql table model MARTS.mart_case_fatality_rate ................ [[32mSUCCESS 78[0m in 2.53s]
[0m19:48:58.512264 [debug] [Thread-2 (]: Finished running node model.covid_pipeline.mart_case_fatality_rate
[0m19:48:59.081370 [debug] [Thread-3 (]: SQL status: SUCCESS 24 in 3.006 seconds
[0m19:48:59.083345 [debug] [Thread-3 (]: Sending event: {'category': 'dbt', 'action': 'run_model', 'label': '0ab8772e-ff40-4776-b310-c6c24a63cfbf', 'context': [<snowplow_tracker.self_describing_json.SelfDescribingJson object at 0x00000246E4E50F50>]}
[0m19:48:59.084012 [info ] [Thread-3 (]: 2 of 5 OK created sql table model MARTS.mart_cases_per_100k .................... [[32mSUCCESS 24[0m in 3.10s]
[0m19:48:59.085039 [debug] [Thread-3 (]: Finished running node model.covid_pipeline.mart_cases_per_100k
[0m19:49:00.776120 [debug] [Thread-4 (]: SQL status: SUCCESS 6435 in 4.031 seconds
[0m19:49:00.778437 [debug] [Thread-4 (]: Sending event: {'category': 'dbt', 'action': 'run_model', 'label': '0ab8772e-ff40-4776-b310-c6c24a63cfbf', 'context': [<snowplow_tracker.self_describing_json.SelfDescribingJson object at 0x00000246E4EB2AC0>]}
[0m19:49:00.779240 [info ] [Thread-4 (]: 5 of 5 OK created sql table model MARTS.mart_vaccination_vs_cases .............. [[32mSUCCESS 6435[0m in 4.04s]
[0m19:49:00.780384 [debug] [Thread-4 (]: Finished running node model.covid_pipeline.mart_vaccination_vs_cases
[0m19:49:00.782590 [debug] [MainThread]: Connection 'master' was properly closed.
[0m19:49:00.783077 [debug] [MainThread]: Connection 'list_COVID_DB' was left open.
[0m19:49:00.783487 [debug] [MainThread]: On list_COVID_DB: Close
[0m19:49:00.930006 [debug] [MainThread]: Connection 'list_COVID_DB_INTERMEDIATE' was left open.
[0m19:49:00.930505 [debug] [MainThread]: On list_COVID_DB_INTERMEDIATE: Close
[0m19:49:01.075402 [debug] [MainThread]: Connection 'list_COVID_DB_STAGING' was left open.
[0m19:49:01.075883 [debug] [MainThread]: On list_COVID_DB_STAGING: Close
[0m19:49:01.203779 [debug] [MainThread]: Connection 'list_COVID_DB_MARTS' was left open.
[0m19:49:01.204264 [debug] [MainThread]: On list_COVID_DB_MARTS: Close
[0m19:49:01.318347 [debug] [MainThread]: Connection 'model.covid_pipeline.mart_vaccination_vs_cases' was left open.
[0m19:49:01.318816 [debug] [MainThread]: On model.covid_pipeline.mart_vaccination_vs_cases: Close
[0m19:49:01.453433 [debug] [MainThread]: Connection 'model.covid_pipeline.mart_rolling_avg_cases' was left open.
[0m19:49:01.453889 [debug] [MainThread]: On model.covid_pipeline.mart_rolling_avg_cases: Close
[0m19:49:01.567490 [debug] [MainThread]: Connection 'model.covid_pipeline.mart_case_fatality_rate' was left open.
[0m19:49:01.568132 [debug] [MainThread]: On model.covid_pipeline.mart_case_fatality_rate: Close
[0m19:49:01.687313 [debug] [MainThread]: Connection 'model.covid_pipeline.mart_cases_per_100k' was left open.
[0m19:49:01.687776 [debug] [MainThread]: On model.covid_pipeline.mart_cases_per_100k: Close
[0m19:49:01.824237 [info ] [MainThread]: 
[0m19:49:01.825079 [info ] [MainThread]: Finished running 5 table models in 0 hours 0 minutes and 7.80 seconds (7.80s).
[0m19:49:01.826818 [debug] [MainThread]: Command end result
[0m19:49:01.863744 [debug] [MainThread]: Wrote artifact WritableManifest to C:\Users\Admin\workspace\DE_2025\Project3_Covid19_JW\dbt_project\target\manifest.json
[0m19:49:01.867988 [debug] [MainThread]: Wrote artifact SemanticManifest to C:\Users\Admin\workspace\DE_2025\Project3_Covid19_JW\dbt_project\target\semantic_manifest.json
[0m19:49:01.875396 [debug] [MainThread]: Wrote artifact RunExecutionResult to C:\Users\Admin\workspace\DE_2025\Project3_Covid19_JW\dbt_project\target\run_results.json
[0m19:49:01.875989 [info ] [MainThread]: 
[0m19:49:01.876784 [info ] [MainThread]: [31mCompleted with 1 error, 0 partial successes, and 0 warnings:[0m
[0m19:49:01.877661 [info ] [MainThread]: 
[0m19:49:01.878425 [error] [MainThread]: [31mFailure in model mart_data_freshness (models\marts\mart_data_freshness.sql)[0m
[0m19:49:01.879155 [error] [MainThread]:   Database Error in model mart_data_freshness (models\marts\mart_data_freshness.sql)
  000904 (42000): SQL compilation error: error line 13 at position 12
  invalid identifier '_LOADED_AT'
  compiled code at target\run\covid_pipeline\models\marts\mart_data_freshness.sql
[0m19:49:01.879858 [info ] [MainThread]: 
[0m19:49:01.880699 [info ] [MainThread]:   compiled code at target\compiled\covid_pipeline\models\marts\mart_data_freshness.sql
[0m19:49:01.881666 [info ] [MainThread]: 
[0m19:49:01.882951 [info ] [MainThread]: Done. PASS=4 WARN=0 ERROR=1 SKIP=0 NO-OP=0 TOTAL=5
[0m19:49:01.884559 [debug] [MainThread]: Command `dbt run` failed at 19:49:01.884405 after 11.10 seconds
[0m19:49:01.885032 [debug] [MainThread]: Sending event: {'category': 'dbt', 'action': 'invocation', 'label': 'end', 'context': [<snowplow_tracker.self_describing_json.SelfDescribingJson object at 0x00000246CA6BC350>, <snowplow_tracker.self_describing_json.SelfDescribingJson object at 0x00000246CE6264B0>, <snowplow_tracker.self_describing_json.SelfDescribingJson object at 0x00000246E4E864B0>]}
[0m19:49:01.885479 [debug] [MainThread]: Flushing usage events
[0m19:49:02.086137 [debug] [MainThread]: An error was encountered while trying to flush usage events
[0m19:49:55.840454 [debug] [MainThread]: Sending event: {'category': 'dbt', 'action': 'invocation', 'label': 'start', 'context': [<snowplow_tracker.self_describing_json.SelfDescribingJson object at 0x000001CBAEF14C20>, <snowplow_tracker.self_describing_json.SelfDescribingJson object at 0x000001CBACA58910>, <snowplow_tracker.self_describing_json.SelfDescribingJson object at 0x000001CBAF9E8910>]}


============================== 19:49:55.846494 | d46986b2-d910-4aff-bc8a-da3281289b06 ==============================
[0m19:49:55.846494 [info ] [MainThread]: Running with dbt=1.11.7
[0m19:49:55.847668 [debug] [MainThread]: running dbt with arguments {'version_check': 'True', 'no_print': 'None', 'static_parser': 'True', 'warn_error_options': 'WarnErrorOptionsV2(error=[], warn=[], silence=[])', 'target_path': 'None', 'printer_width': '80', 'write_json': 'True', 'introspect': 'True', 'log_cache_events': 'False', 'empty': 'False', 'cache_selected_only': 'False', 'log_format': 'default', 'debug': 'False', 'fail_fast': 'False', 'profiles_dir': 'C:\\Users\\Admin\\.dbt', 'send_anonymous_usage_stats': 'True', 'quiet': 'False', 'warn_error': 'None', 'partial_parse': 'True', 'use_colors': 'True', 'invocation_command': 'dbt run --select mart_data_freshness', 'indirect_selection': 'eager', 'use_experimental_parser': 'False', 'log_path': 'C:\\Users\\Admin\\workspace\\DE_2025\\Project3_Covid19_JW\\dbt_project\\logs'}
[0m19:49:57.200593 [debug] [MainThread]: Snowflake adapter: Setting snowflake.connector to ERROR (file logging only)
[0m19:49:57.201208 [debug] [MainThread]: Snowflake adapter: Setting botocore to ERROR (file logging only)
[0m19:49:57.201666 [debug] [MainThread]: Snowflake adapter: Setting boto3 to ERROR (file logging only)
[0m19:49:57.504309 [debug] [MainThread]: Sending event: {'category': 'dbt', 'action': 'project_id', 'label': 'd46986b2-d910-4aff-bc8a-da3281289b06', 'context': [<snowplow_tracker.self_describing_json.SelfDescribingJson object at 0x000001CBAF35EEA0>]}
[0m19:49:57.611545 [debug] [MainThread]: Sending event: {'category': 'dbt', 'action': 'adapter_info', 'label': 'd46986b2-d910-4aff-bc8a-da3281289b06', 'context': [<snowplow_tracker.self_describing_json.SelfDescribingJson object at 0x000001CBC48ED370>]}
[0m19:49:57.613703 [info ] [MainThread]: Registered adapter: snowflake=1.11.3
[0m19:49:58.343677 [debug] [MainThread]: checksum: b80718358155fc17c3559352095564dd56ada1cc1a1c0ef2e62c857e71583775, vars: {}, profile: , target: , version: 1.11.7
[0m19:49:58.607508 [debug] [MainThread]: Partial parsing enabled: 0 files deleted, 0 files added, 1 files changed.
[0m19:49:58.608460 [debug] [MainThread]: Partial parsing: updated file: covid_pipeline://models\marts\mart_data_freshness.sql
[0m19:49:59.142310 [warn ] [MainThread]: [[33mWARNING[0m][MissingArgumentsPropertyInGenericTestDeprecation]: Deprecated
functionality
Found top-level arguments to test `accepted_values` defined on
'mart_data_freshness' in package 'covid_pipeline' (models\marts\schema.yml).
Arguments to generic tests should be nested under the `arguments` property.
[0m19:49:59.143602 [debug] [MainThread]: Sending event: {'category': 'dbt', 'action': 'deprecation', 'label': 'd46986b2-d910-4aff-bc8a-da3281289b06', 'property_': 'warn', 'context': [<snowplow_tracker.self_describing_json.SelfDescribingJson object at 0x000001CBC4EA1A50>]}
[0m19:49:59.285655 [debug] [MainThread]: Sending event: {'category': 'dbt', 'action': 'load_project', 'label': 'd46986b2-d910-4aff-bc8a-da3281289b06', 'context': [<snowplow_tracker.self_describing_json.SelfDescribingJson object at 0x000001CBC4F716D0>]}
[0m19:49:59.411295 [debug] [MainThread]: Wrote artifact WritableManifest to C:\Users\Admin\workspace\DE_2025\Project3_Covid19_JW\dbt_project\target\manifest.json
[0m19:49:59.414692 [debug] [MainThread]: Wrote artifact SemanticManifest to C:\Users\Admin\workspace\DE_2025\Project3_Covid19_JW\dbt_project\target\semantic_manifest.json
[0m19:49:59.456737 [debug] [MainThread]: Sending event: {'category': 'dbt', 'action': 'resource_counts', 'label': 'd46986b2-d910-4aff-bc8a-da3281289b06', 'context': [<snowplow_tracker.self_describing_json.SelfDescribingJson object at 0x000001CBC4992970>]}
[0m19:49:59.457444 [info ] [MainThread]: Found 10 models, 16 data tests, 3 sources, 523 macros
[0m19:49:59.458271 [debug] [MainThread]: Sending event: {'category': 'dbt', 'action': 'runnable_timing', 'label': 'd46986b2-d910-4aff-bc8a-da3281289b06', 'context': [<snowplow_tracker.self_describing_json.SelfDescribingJson object at 0x000001CBC520EC30>]}
[0m19:49:59.461028 [info ] [MainThread]: 
[0m19:49:59.461838 [info ] [MainThread]: Concurrency: 4 threads (target='dev')
[0m19:49:59.462569 [info ] [MainThread]: 
[0m19:49:59.463502 [debug] [MainThread]: Acquiring new snowflake connection 'master'
[0m19:49:59.464908 [debug] [ThreadPool]: Acquiring new snowflake connection 'list_COVID_DB'
[0m19:49:59.573854 [debug] [ThreadPool]: Using snowflake connection "list_COVID_DB"
[0m19:49:59.574388 [debug] [ThreadPool]: On list_COVID_DB: show terse schemas in database COVID_DB
    limit 10000
/* {"app": "dbt", "dbt_version": "1.11.7", "profile_name": "covid_pipeline", "target_name": "dev", "connection_name": "list_COVID_DB"} */
[0m19:49:59.574814 [debug] [ThreadPool]: Opening a new connection, currently in state init
[0m19:50:01.001006 [debug] [ThreadPool]: SQL status: SUCCESS 6 in 1.426 seconds
[0m19:50:01.009824 [debug] [ThreadPool]: Acquiring new snowflake connection 'list_COVID_DB_MARTS'
[0m19:50:01.020600 [debug] [ThreadPool]: Acquiring new snowflake connection 'list_COVID_DB_INTERMEDIATE'
[0m19:50:01.025863 [debug] [ThreadPool]: Using snowflake connection "list_COVID_DB_MARTS"
[0m19:50:01.028273 [debug] [ThreadPool]: Using snowflake connection "list_COVID_DB_INTERMEDIATE"
[0m19:50:01.028997 [debug] [ThreadPool]: On list_COVID_DB_MARTS: show objects in COVID_DB.MARTS
    limit 10000
    

/* {"app": "dbt", "dbt_version": "1.11.7", "profile_name": "covid_pipeline", "target_name": "dev", "connection_name": "list_COVID_DB_MARTS"} */;
[0m19:50:01.029523 [debug] [ThreadPool]: On list_COVID_DB_INTERMEDIATE: show objects in COVID_DB.INTERMEDIATE
    limit 10000
    

/* {"app": "dbt", "dbt_version": "1.11.7", "profile_name": "covid_pipeline", "target_name": "dev", "connection_name": "list_COVID_DB_INTERMEDIATE"} */;
[0m19:50:01.030135 [debug] [ThreadPool]: Acquiring new snowflake connection 'list_COVID_DB_STAGING'
[0m19:50:01.030618 [debug] [ThreadPool]: Opening a new connection, currently in state init
[0m19:50:01.031212 [debug] [ThreadPool]: Opening a new connection, currently in state init
[0m19:50:01.033743 [debug] [ThreadPool]: Using snowflake connection "list_COVID_DB_STAGING"
[0m19:50:01.035501 [debug] [ThreadPool]: On list_COVID_DB_STAGING: show objects in COVID_DB.STAGING
    limit 10000
    

/* {"app": "dbt", "dbt_version": "1.11.7", "profile_name": "covid_pipeline", "target_name": "dev", "connection_name": "list_COVID_DB_STAGING"} */;
[0m19:50:01.035921 [debug] [ThreadPool]: Opening a new connection, currently in state init
[0m19:50:01.835112 [debug] [ThreadPool]: SQL status: SUCCESS 2 in 0.804 seconds
[0m19:50:01.839089 [debug] [ThreadPool]: SQL status: SUCCESS 4 in 0.808 seconds
[0m19:50:01.935693 [debug] [ThreadPool]: SQL status: SUCCESS 3 in 0.900 seconds
[0m19:50:01.939219 [debug] [MainThread]: Sending event: {'category': 'dbt', 'action': 'runnable_timing', 'label': 'd46986b2-d910-4aff-bc8a-da3281289b06', 'context': [<snowplow_tracker.self_describing_json.SelfDescribingJson object at 0x000001CBC51EA5D0>]}
[0m19:50:01.944894 [debug] [Thread-2 (]: Began running node model.covid_pipeline.mart_data_freshness
[0m19:50:01.945516 [info ] [Thread-2 (]: 1 of 1 START sql table model MARTS.mart_data_freshness ......................... [RUN]
[0m19:50:01.946502 [debug] [Thread-2 (]: Acquiring new snowflake connection 'model.covid_pipeline.mart_data_freshness'
[0m19:50:01.947204 [debug] [Thread-2 (]: Began compiling node model.covid_pipeline.mart_data_freshness
[0m19:50:01.957869 [debug] [Thread-2 (]: Writing injected SQL for node "model.covid_pipeline.mart_data_freshness"
[0m19:50:01.959278 [debug] [Thread-2 (]: Began executing node model.covid_pipeline.mart_data_freshness
[0m19:50:01.998601 [debug] [Thread-2 (]: Writing runtime sql for node "model.covid_pipeline.mart_data_freshness"
[0m19:50:02.001698 [debug] [Thread-2 (]: Using snowflake connection "model.covid_pipeline.mart_data_freshness"
[0m19:50:02.002580 [debug] [Thread-2 (]: On model.covid_pipeline.mart_data_freshness: create or replace transient table COVID_DB.MARTS.mart_data_freshness
    
    
    
    as (-- Mart: Data freshness report by source
-- Shows when each source was last loaded by reading _loaded_at from staging views.
-- Staging models add current_timestamp() as _loaded_at on every dbt run.

with freshness as (
    select
        'raw_covid_cases'    as source_table,
        'CDC SODA n8mc-b4w4' as source_name,
        max(_loaded_at)      as last_loaded_at
    from COVID_DB.STAGING.stg_covid_cases

    union all

    select
        'raw_vaccinations'   as source_table,
        'CDC SODA 8xkx-amqh' as source_name,
        max(_loaded_at)      as last_loaded_at
    from COVID_DB.STAGING.stg_vaccinations

    union all

    select
        'raw_population'     as source_table,
        'US Census PEP 2023' as source_name,
        max(_loaded_at)      as last_loaded_at
    from COVID_DB.STAGING.stg_population
)

select
    source_table,
    source_name,
    last_loaded_at,
    datediff('hour', last_loaded_at, current_timestamp())  as hours_since_load,
    case
        when datediff('day', last_loaded_at, current_timestamp()) <= 1  then 'Fresh'
        when datediff('day', last_loaded_at, current_timestamp()) <= 7  then 'Recent'
        when datediff('day', last_loaded_at, current_timestamp()) <= 30 then 'Stale'
        else 'Very Stale'
    end as freshness_status

from freshness
order by source_table
    )

/* {"app": "dbt", "dbt_version": "1.11.7", "profile_name": "covid_pipeline", "target_name": "dev", "node_id": "model.covid_pipeline.mart_data_freshness"} */;
[0m19:50:02.003331 [debug] [Thread-2 (]: Opening a new connection, currently in state init
[0m19:50:04.126658 [debug] [Thread-2 (]: SQL status: SUCCESS 3 in 2.123 seconds
[0m19:50:04.155589 [debug] [Thread-2 (]: Sending event: {'category': 'dbt', 'action': 'run_model', 'label': 'd46986b2-d910-4aff-bc8a-da3281289b06', 'context': [<snowplow_tracker.self_describing_json.SelfDescribingJson object at 0x000001CBC56DABA0>]}
[0m19:50:04.156398 [info ] [Thread-2 (]: 1 of 1 OK created sql table model MARTS.mart_data_freshness .................... [[32mSUCCESS 3[0m in 2.21s]
[0m19:50:04.157641 [debug] [Thread-2 (]: Finished running node model.covid_pipeline.mart_data_freshness
[0m19:50:04.159646 [debug] [MainThread]: Connection 'master' was properly closed.
[0m19:50:04.160021 [debug] [MainThread]: Connection 'list_COVID_DB' was left open.
[0m19:50:04.160367 [debug] [MainThread]: On list_COVID_DB: Close
[0m19:50:04.375913 [debug] [MainThread]: Connection 'list_COVID_DB_MARTS' was left open.
[0m19:50:04.376401 [debug] [MainThread]: On list_COVID_DB_MARTS: Close
[0m19:50:04.698648 [debug] [MainThread]: Connection 'list_COVID_DB_INTERMEDIATE' was left open.
[0m19:50:04.699112 [debug] [MainThread]: On list_COVID_DB_INTERMEDIATE: Close
[0m19:50:05.115097 [debug] [MainThread]: Connection 'list_COVID_DB_STAGING' was left open.
[0m19:50:05.115535 [debug] [MainThread]: On list_COVID_DB_STAGING: Close
[0m19:50:05.244019 [debug] [MainThread]: Connection 'model.covid_pipeline.mart_data_freshness' was left open.
[0m19:50:05.244484 [debug] [MainThread]: On model.covid_pipeline.mart_data_freshness: Close
[0m19:50:05.365007 [info ] [MainThread]: 
[0m19:50:05.365740 [info ] [MainThread]: Finished running 1 table model in 0 hours 0 minutes and 5.90 seconds (5.90s).
[0m19:50:05.366797 [debug] [MainThread]: Command end result
[0m19:50:05.396179 [debug] [MainThread]: Wrote artifact WritableManifest to C:\Users\Admin\workspace\DE_2025\Project3_Covid19_JW\dbt_project\target\manifest.json
[0m19:50:05.399213 [debug] [MainThread]: Wrote artifact SemanticManifest to C:\Users\Admin\workspace\DE_2025\Project3_Covid19_JW\dbt_project\target\semantic_manifest.json
[0m19:50:05.408888 [debug] [MainThread]: Wrote artifact RunExecutionResult to C:\Users\Admin\workspace\DE_2025\Project3_Covid19_JW\dbt_project\target\run_results.json
[0m19:50:05.409504 [info ] [MainThread]: 
[0m19:50:05.410263 [info ] [MainThread]: [32mCompleted successfully[0m
[0m19:50:05.410894 [info ] [MainThread]: 
[0m19:50:05.411599 [info ] [MainThread]: Done. PASS=1 WARN=0 ERROR=0 SKIP=0 NO-OP=0 TOTAL=1
[0m19:50:05.412639 [warn ] [MainThread]: [[33mWARNING[0m][DeprecationsSummary]: Deprecated functionality
Summary of encountered deprecations:
- MissingArgumentsPropertyInGenericTestDeprecation: 1 occurrence
To see all deprecation instances instead of just the first occurrence of each,
run command again with the `--show-all-deprecations` flag. You may also need to
run with `--no-partial-parse` as some deprecations are only encountered during
parsing.
[0m19:50:05.414397 [debug] [MainThread]: Command `dbt run` succeeded at 19:50:05.414197 after 9.73 seconds
[0m19:50:05.415244 [debug] [MainThread]: Sending event: {'category': 'dbt', 'action': 'invocation', 'label': 'end', 'context': [<snowplow_tracker.self_describing_json.SelfDescribingJson object at 0x000001CBC6849270>, <snowplow_tracker.self_describing_json.SelfDescribingJson object at 0x000001CBC670A600>, <snowplow_tracker.self_describing_json.SelfDescribingJson object at 0x000001CBC513CB50>]}
[0m19:50:05.415897 [debug] [MainThread]: Flushing usage events
[0m19:50:05.598497 [debug] [MainThread]: An error was encountered while trying to flush usage events
[0m19:54:32.746782 [debug] [MainThread]: Sending event: {'category': 'dbt', 'action': 'invocation', 'label': 'start', 'context': [<snowplow_tracker.self_describing_json.SelfDescribingJson object at 0x000001EA832A4C20>, <snowplow_tracker.self_describing_json.SelfDescribingJson object at 0x000001EA80E58910>, <snowplow_tracker.self_describing_json.SelfDescribingJson object at 0x000001EA83D7C910>]}


============================== 19:54:32.753141 | fcdd7265-91c3-400a-a973-357c50e3fb61 ==============================
[0m19:54:32.753141 [info ] [MainThread]: Running with dbt=1.11.7
[0m19:54:32.754132 [debug] [MainThread]: running dbt with arguments {'version_check': 'True', 'no_print': 'None', 'static_parser': 'True', 'warn_error_options': 'WarnErrorOptionsV2(error=[], warn=[], silence=[])', 'target_path': 'None', 'printer_width': '80', 'write_json': 'True', 'introspect': 'True', 'log_cache_events': 'False', 'empty': 'None', 'cache_selected_only': 'False', 'fail_fast': 'False', 'debug': 'False', 'log_format': 'default', 'profiles_dir': 'C:\\Users\\Admin\\.dbt', 'send_anonymous_usage_stats': 'True', 'quiet': 'False', 'warn_error': 'None', 'partial_parse': 'True', 'indirect_selection': 'eager', 'use_colors': 'True', 'invocation_command': 'dbt test', 'use_experimental_parser': 'False', 'log_path': 'C:\\Users\\Admin\\workspace\\DE_2025\\Project3_Covid19_JW\\dbt_project\\logs'}
[0m19:54:34.284266 [debug] [MainThread]: Snowflake adapter: Setting snowflake.connector to ERROR (file logging only)
[0m19:54:34.284969 [debug] [MainThread]: Snowflake adapter: Setting botocore to ERROR (file logging only)
[0m19:54:34.285515 [debug] [MainThread]: Snowflake adapter: Setting boto3 to ERROR (file logging only)
[0m19:54:34.616814 [debug] [MainThread]: Sending event: {'category': 'dbt', 'action': 'project_id', 'label': 'fcdd7265-91c3-400a-a973-357c50e3fb61', 'context': [<snowplow_tracker.self_describing_json.SelfDescribingJson object at 0x000001EA836EEEA0>]}
[0m19:54:34.713744 [debug] [MainThread]: Sending event: {'category': 'dbt', 'action': 'adapter_info', 'label': 'fcdd7265-91c3-400a-a973-357c50e3fb61', 'context': [<snowplow_tracker.self_describing_json.SelfDescribingJson object at 0x000001EA98C7D370>]}
[0m19:54:34.715690 [info ] [MainThread]: Registered adapter: snowflake=1.11.3
[0m19:54:35.402647 [debug] [MainThread]: checksum: b80718358155fc17c3559352095564dd56ada1cc1a1c0ef2e62c857e71583775, vars: {}, profile: , target: , version: 1.11.7
[0m19:54:35.661983 [debug] [MainThread]: Partial parsing enabled: 0 files deleted, 0 files added, 0 files changed.
[0m19:54:35.662575 [debug] [MainThread]: Nothing changed, skipping partial parsing.
[0m19:54:35.662983 [debug] [MainThread]: Partial parsing enabled, no changes found, skipping parsing
[0m19:54:35.738684 [debug] [MainThread]: Sending event: {'category': 'dbt', 'action': 'load_project', 'label': 'fcdd7265-91c3-400a-a973-357c50e3fb61', 'context': [<snowplow_tracker.self_describing_json.SelfDescribingJson object at 0x000001EA98C89750>]}
[0m19:54:35.868771 [debug] [MainThread]: Wrote artifact WritableManifest to C:\Users\Admin\workspace\DE_2025\Project3_Covid19_JW\dbt_project\target\manifest.json
[0m19:54:35.872258 [debug] [MainThread]: Wrote artifact SemanticManifest to C:\Users\Admin\workspace\DE_2025\Project3_Covid19_JW\dbt_project\target\semantic_manifest.json
[0m19:54:36.152606 [debug] [MainThread]: Sending event: {'category': 'dbt', 'action': 'resource_counts', 'label': 'fcdd7265-91c3-400a-a973-357c50e3fb61', 'context': [<snowplow_tracker.self_describing_json.SelfDescribingJson object at 0x000001EA9A8747D0>]}
[0m19:54:36.153258 [info ] [MainThread]: Found 10 models, 16 data tests, 3 sources, 523 macros
[0m19:54:36.154018 [debug] [MainThread]: Sending event: {'category': 'dbt', 'action': 'runnable_timing', 'label': 'fcdd7265-91c3-400a-a973-357c50e3fb61', 'context': [<snowplow_tracker.self_describing_json.SelfDescribingJson object at 0x000001EA9A91F310>]}
[0m19:54:36.157524 [info ] [MainThread]: 
[0m19:54:36.158314 [info ] [MainThread]: Concurrency: 4 threads (target='dev')
[0m19:54:36.159222 [info ] [MainThread]: 
[0m19:54:36.160524 [debug] [MainThread]: Acquiring new snowflake connection 'master'
[0m19:54:36.171200 [debug] [ThreadPool]: Acquiring new snowflake connection 'list_COVID_DB_MARTS'
[0m19:54:36.182176 [debug] [ThreadPool]: Acquiring new snowflake connection 'list_COVID_DB_STAGING'
[0m19:54:36.211029 [debug] [ThreadPool]: Acquiring new snowflake connection 'list_COVID_DB_INTERMEDIATE'
[0m19:54:36.324076 [debug] [ThreadPool]: Using snowflake connection "list_COVID_DB_STAGING"
[0m19:54:36.324800 [debug] [ThreadPool]: Using snowflake connection "list_COVID_DB_INTERMEDIATE"
[0m19:54:36.325283 [debug] [ThreadPool]: On list_COVID_DB_STAGING: show objects in COVID_DB.STAGING
    limit 10000
    

/* {"app": "dbt", "dbt_version": "1.11.7", "profile_name": "covid_pipeline", "target_name": "dev", "connection_name": "list_COVID_DB_STAGING"} */;
[0m19:54:36.325911 [debug] [ThreadPool]: Using snowflake connection "list_COVID_DB_MARTS"
[0m19:54:36.326519 [debug] [ThreadPool]: On list_COVID_DB_INTERMEDIATE: show objects in COVID_DB.INTERMEDIATE
    limit 10000
    

/* {"app": "dbt", "dbt_version": "1.11.7", "profile_name": "covid_pipeline", "target_name": "dev", "connection_name": "list_COVID_DB_INTERMEDIATE"} */;
[0m19:54:36.327034 [debug] [ThreadPool]: Opening a new connection, currently in state init
[0m19:54:36.327587 [debug] [ThreadPool]: On list_COVID_DB_MARTS: show objects in COVID_DB.MARTS
    limit 10000
    

/* {"app": "dbt", "dbt_version": "1.11.7", "profile_name": "covid_pipeline", "target_name": "dev", "connection_name": "list_COVID_DB_MARTS"} */;
[0m19:54:36.328099 [debug] [ThreadPool]: Opening a new connection, currently in state init
[0m19:54:36.328866 [debug] [ThreadPool]: Opening a new connection, currently in state init
[0m19:54:37.263635 [debug] [ThreadPool]: SQL status: SUCCESS 5 in 0.935 seconds
[0m19:54:37.268993 [debug] [ThreadPool]: SQL status: SUCCESS 3 in 0.942 seconds
[0m19:54:37.275832 [debug] [ThreadPool]: SQL status: SUCCESS 2 in 0.948 seconds
[0m19:54:37.278724 [debug] [MainThread]: Sending event: {'category': 'dbt', 'action': 'runnable_timing', 'label': 'fcdd7265-91c3-400a-a973-357c50e3fb61', 'context': [<snowplow_tracker.self_describing_json.SelfDescribingJson object at 0x000001EA992836C0>]}
[0m19:54:37.285121 [debug] [Thread-5 (]: Began running node test.covid_pipeline.not_null_mart_case_fatality_rate_state_fips.ff74c298a6
[0m19:54:37.285715 [debug] [Thread-2 (]: Began running node test.covid_pipeline.accepted_values_mart_data_freshness_freshness_status__Fresh__Recent__Stale__Very_Stale.a93cf2ba0c
[0m19:54:37.286267 [debug] [Thread-4 (]: Began running node test.covid_pipeline.not_null_mart_case_fatality_rate_case_month.9ed9496d51
[0m19:54:37.287316 [debug] [Thread-3 (]: Began running node test.covid_pipeline.not_null_mart_case_fatality_rate_case_fatality_rate_pct.a4f0405f94
[0m19:54:37.286800 [info ] [Thread-5 (]: 4 of 16 START test not_null_mart_case_fatality_rate_state_fips ................. [RUN]
[0m19:54:37.288068 [info ] [Thread-2 (]: 1 of 16 START test accepted_values_mart_data_freshness_freshness_status__Fresh__Recent__Stale__Very_Stale  [RUN]
[0m19:54:37.290030 [debug] [Thread-5 (]: Acquiring new snowflake connection 'test.covid_pipeline.not_null_mart_case_fatality_rate_state_fips.ff74c298a6'
[0m19:54:37.290692 [debug] [Thread-2 (]: Acquiring new snowflake connection 'test.covid_pipeline.accepted_values_mart_data_freshness_freshness_status__Fresh__Recent__Stale__Very_Stale.a93cf2ba0c'
[0m19:54:37.288569 [info ] [Thread-4 (]: 3 of 16 START test not_null_mart_case_fatality_rate_case_month ................. [RUN]
[0m19:54:37.291394 [debug] [Thread-5 (]: Began compiling node test.covid_pipeline.not_null_mart_case_fatality_rate_state_fips.ff74c298a6
[0m19:54:37.291937 [debug] [Thread-2 (]: Began compiling node test.covid_pipeline.accepted_values_mart_data_freshness_freshness_status__Fresh__Recent__Stale__Very_Stale.a93cf2ba0c
[0m19:54:37.292552 [debug] [Thread-4 (]: Acquiring new snowflake connection 'test.covid_pipeline.not_null_mart_case_fatality_rate_case_month.9ed9496d51'
[0m19:54:37.289112 [info ] [Thread-3 (]: 2 of 16 START test not_null_mart_case_fatality_rate_case_fatality_rate_pct ..... [RUN]
[0m19:54:37.317402 [debug] [Thread-5 (]: Writing injected SQL for node "test.covid_pipeline.not_null_mart_case_fatality_rate_state_fips.ff74c298a6"
[0m19:54:37.339211 [debug] [Thread-2 (]: Writing injected SQL for node "test.covid_pipeline.accepted_values_mart_data_freshness_freshness_status__Fresh__Recent__Stale__Very_Stale.a93cf2ba0c"
[0m19:54:37.340182 [debug] [Thread-4 (]: Began compiling node test.covid_pipeline.not_null_mart_case_fatality_rate_case_month.9ed9496d51
[0m19:54:37.341220 [debug] [Thread-3 (]: Acquiring new snowflake connection 'test.covid_pipeline.not_null_mart_case_fatality_rate_case_fatality_rate_pct.a4f0405f94'
[0m19:54:37.349933 [debug] [Thread-4 (]: Writing injected SQL for node "test.covid_pipeline.not_null_mart_case_fatality_rate_case_month.9ed9496d51"
[0m19:54:37.351734 [debug] [Thread-3 (]: Began compiling node test.covid_pipeline.not_null_mart_case_fatality_rate_case_fatality_rate_pct.a4f0405f94
[0m19:54:37.359970 [debug] [Thread-3 (]: Writing injected SQL for node "test.covid_pipeline.not_null_mart_case_fatality_rate_case_fatality_rate_pct.a4f0405f94"
[0m19:54:37.361662 [debug] [Thread-4 (]: Began executing node test.covid_pipeline.not_null_mart_case_fatality_rate_case_month.9ed9496d51
[0m19:54:37.362611 [debug] [Thread-5 (]: Began executing node test.covid_pipeline.not_null_mart_case_fatality_rate_state_fips.ff74c298a6
[0m19:54:37.405911 [debug] [Thread-4 (]: Writing runtime sql for node "test.covid_pipeline.not_null_mart_case_fatality_rate_case_month.9ed9496d51"
[0m19:54:37.410871 [debug] [Thread-5 (]: Writing runtime sql for node "test.covid_pipeline.not_null_mart_case_fatality_rate_state_fips.ff74c298a6"
[0m19:54:37.412066 [debug] [Thread-2 (]: Began executing node test.covid_pipeline.accepted_values_mart_data_freshness_freshness_status__Fresh__Recent__Stale__Very_Stale.a93cf2ba0c
[0m19:54:37.418730 [debug] [Thread-2 (]: Writing runtime sql for node "test.covid_pipeline.accepted_values_mart_data_freshness_freshness_status__Fresh__Recent__Stale__Very_Stale.a93cf2ba0c"
[0m19:54:37.419775 [debug] [Thread-3 (]: Began executing node test.covid_pipeline.not_null_mart_case_fatality_rate_case_fatality_rate_pct.a4f0405f94
[0m19:54:37.424670 [debug] [Thread-3 (]: Writing runtime sql for node "test.covid_pipeline.not_null_mart_case_fatality_rate_case_fatality_rate_pct.a4f0405f94"
[0m19:54:37.426537 [debug] [Thread-5 (]: Using snowflake connection "test.covid_pipeline.not_null_mart_case_fatality_rate_state_fips.ff74c298a6"
[0m19:54:37.427556 [debug] [Thread-5 (]: On test.covid_pipeline.not_null_mart_case_fatality_rate_state_fips.ff74c298a6: select
      count(*) as failures,
      count(*) != 0 as should_warn,
      count(*) != 0 as should_error
    from (
      
    
  
    
    



select state_fips
from COVID_DB.MARTS.mart_case_fatality_rate
where state_fips is null



  
  
      
    ) dbt_internal_test
/* {"app": "dbt", "dbt_version": "1.11.7", "profile_name": "covid_pipeline", "target_name": "dev", "node_id": "test.covid_pipeline.not_null_mart_case_fatality_rate_state_fips.ff74c298a6"} */
[0m19:54:37.429242 [debug] [Thread-4 (]: Using snowflake connection "test.covid_pipeline.not_null_mart_case_fatality_rate_case_month.9ed9496d51"
[0m19:54:37.430213 [debug] [Thread-5 (]: Opening a new connection, currently in state init
[0m19:54:37.431283 [debug] [Thread-4 (]: On test.covid_pipeline.not_null_mart_case_fatality_rate_case_month.9ed9496d51: select
      count(*) as failures,
      count(*) != 0 as should_warn,
      count(*) != 0 as should_error
    from (
      
    
  
    
    



select case_month
from COVID_DB.MARTS.mart_case_fatality_rate
where case_month is null



  
  
      
    ) dbt_internal_test
/* {"app": "dbt", "dbt_version": "1.11.7", "profile_name": "covid_pipeline", "target_name": "dev", "node_id": "test.covid_pipeline.not_null_mart_case_fatality_rate_case_month.9ed9496d51"} */
[0m19:54:37.433070 [debug] [Thread-2 (]: Using snowflake connection "test.covid_pipeline.accepted_values_mart_data_freshness_freshness_status__Fresh__Recent__Stale__Very_Stale.a93cf2ba0c"
[0m19:54:37.434837 [debug] [Thread-3 (]: Using snowflake connection "test.covid_pipeline.not_null_mart_case_fatality_rate_case_fatality_rate_pct.a4f0405f94"
[0m19:54:37.435730 [debug] [Thread-4 (]: Opening a new connection, currently in state init
[0m19:54:37.436728 [debug] [Thread-2 (]: On test.covid_pipeline.accepted_values_mart_data_freshness_freshness_status__Fresh__Recent__Stale__Very_Stale.a93cf2ba0c: select
      count(*) as failures,
      count(*) != 0 as should_warn,
      count(*) != 0 as should_error
    from (
      
    
  
    
    

with all_values as (

    select
        freshness_status as value_field,
        count(*) as n_records

    from COVID_DB.MARTS.mart_data_freshness
    group by freshness_status

)

select *
from all_values
where value_field not in (
    'Fresh','Recent','Stale','Very Stale'
)



  
  
      
    ) dbt_internal_test
/* {"app": "dbt", "dbt_version": "1.11.7", "profile_name": "covid_pipeline", "target_name": "dev", "node_id": "test.covid_pipeline.accepted_values_mart_data_freshness_freshness_status__Fresh__Recent__Stale__Very_Stale.a93cf2ba0c"} */
[0m19:54:37.437720 [debug] [Thread-3 (]: On test.covid_pipeline.not_null_mart_case_fatality_rate_case_fatality_rate_pct.a4f0405f94: select
      count(*) as failures,
      count(*) != 0 as should_warn,
      count(*) != 0 as should_error
    from (
      
    
  
    
    



select case_fatality_rate_pct
from COVID_DB.MARTS.mart_case_fatality_rate
where case_fatality_rate_pct is null



  
  
      
    ) dbt_internal_test
/* {"app": "dbt", "dbt_version": "1.11.7", "profile_name": "covid_pipeline", "target_name": "dev", "node_id": "test.covid_pipeline.not_null_mart_case_fatality_rate_case_fatality_rate_pct.a4f0405f94"} */
[0m19:54:37.439644 [debug] [Thread-2 (]: Opening a new connection, currently in state init
[0m19:54:37.440720 [debug] [Thread-3 (]: Opening a new connection, currently in state init
[0m19:54:38.336391 [debug] [Thread-2 (]: SQL status: SUCCESS 1 in 0.897 seconds
[0m19:54:38.351397 [info ] [Thread-2 (]: 1 of 16 PASS accepted_values_mart_data_freshness_freshness_status__Fresh__Recent__Stale__Very_Stale  [[32mPASS[0m in 1.06s]
[0m19:54:38.352996 [debug] [Thread-5 (]: SQL status: SUCCESS 1 in 0.923 seconds
[0m19:54:38.353737 [debug] [Thread-2 (]: Finished running node test.covid_pipeline.accepted_values_mart_data_freshness_freshness_status__Fresh__Recent__Stale__Very_Stale.a93cf2ba0c
[0m19:54:38.356420 [debug] [Thread-2 (]: Began running node test.covid_pipeline.not_null_mart_cases_per_100k_case_month.4773fb69da
[0m19:54:38.355844 [info ] [Thread-5 (]: 4 of 16 PASS not_null_mart_case_fatality_rate_state_fips ....................... [[32mPASS[0m in 1.07s]
[0m19:54:38.357975 [debug] [Thread-5 (]: Finished running node test.covid_pipeline.not_null_mart_case_fatality_rate_state_fips.ff74c298a6
[0m19:54:38.358555 [debug] [Thread-5 (]: Began running node test.covid_pipeline.not_null_mart_cases_per_100k_cases_per_100k.7e883eee3a
[0m19:54:38.357272 [info ] [Thread-2 (]: 5 of 16 START test not_null_mart_cases_per_100k_case_month ..................... [RUN]
[0m19:54:38.359787 [debug] [Thread-2 (]: Re-using an available connection from the pool (formerly test.covid_pipeline.accepted_values_mart_data_freshness_freshness_status__Fresh__Recent__Stale__Very_Stale.a93cf2ba0c, now test.covid_pipeline.not_null_mart_cases_per_100k_case_month.4773fb69da)
[0m19:54:38.360245 [debug] [Thread-2 (]: Began compiling node test.covid_pipeline.not_null_mart_cases_per_100k_case_month.4773fb69da
[0m19:54:38.364516 [debug] [Thread-2 (]: Writing injected SQL for node "test.covid_pipeline.not_null_mart_cases_per_100k_case_month.4773fb69da"
[0m19:54:38.359149 [info ] [Thread-5 (]: 6 of 16 START test not_null_mart_cases_per_100k_cases_per_100k ................. [RUN]
[0m19:54:38.365765 [debug] [Thread-5 (]: Re-using an available connection from the pool (formerly test.covid_pipeline.not_null_mart_case_fatality_rate_state_fips.ff74c298a6, now test.covid_pipeline.not_null_mart_cases_per_100k_cases_per_100k.7e883eee3a)
[0m19:54:38.366844 [debug] [Thread-5 (]: Began compiling node test.covid_pipeline.not_null_mart_cases_per_100k_cases_per_100k.7e883eee3a
[0m19:54:38.373291 [debug] [Thread-5 (]: Writing injected SQL for node "test.covid_pipeline.not_null_mart_cases_per_100k_cases_per_100k.7e883eee3a"
[0m19:54:38.374071 [debug] [Thread-2 (]: Began executing node test.covid_pipeline.not_null_mart_cases_per_100k_case_month.4773fb69da
[0m19:54:38.378481 [debug] [Thread-2 (]: Writing runtime sql for node "test.covid_pipeline.not_null_mart_cases_per_100k_case_month.4773fb69da"
[0m19:54:38.379787 [debug] [Thread-5 (]: Began executing node test.covid_pipeline.not_null_mart_cases_per_100k_cases_per_100k.7e883eee3a
[0m19:54:38.384116 [debug] [Thread-5 (]: Writing runtime sql for node "test.covid_pipeline.not_null_mart_cases_per_100k_cases_per_100k.7e883eee3a"
[0m19:54:38.385997 [debug] [Thread-2 (]: Using snowflake connection "test.covid_pipeline.not_null_mart_cases_per_100k_case_month.4773fb69da"
[0m19:54:38.386886 [debug] [Thread-2 (]: On test.covid_pipeline.not_null_mart_cases_per_100k_case_month.4773fb69da: select
      count(*) as failures,
      count(*) != 0 as should_warn,
      count(*) != 0 as should_error
    from (
      
    
  
    
    



select case_month
from COVID_DB.MARTS.mart_cases_per_100k
where case_month is null



  
  
      
    ) dbt_internal_test
/* {"app": "dbt", "dbt_version": "1.11.7", "profile_name": "covid_pipeline", "target_name": "dev", "node_id": "test.covid_pipeline.not_null_mart_cases_per_100k_case_month.4773fb69da"} */
[0m19:54:38.389212 [debug] [Thread-5 (]: Using snowflake connection "test.covid_pipeline.not_null_mart_cases_per_100k_cases_per_100k.7e883eee3a"
[0m19:54:38.389919 [debug] [Thread-5 (]: On test.covid_pipeline.not_null_mart_cases_per_100k_cases_per_100k.7e883eee3a: select
      count(*) as failures,
      count(*) != 0 as should_warn,
      count(*) != 0 as should_error
    from (
      
    
  
    
    



select cases_per_100k
from COVID_DB.MARTS.mart_cases_per_100k
where cases_per_100k is null



  
  
      
    ) dbt_internal_test
/* {"app": "dbt", "dbt_version": "1.11.7", "profile_name": "covid_pipeline", "target_name": "dev", "node_id": "test.covid_pipeline.not_null_mart_cases_per_100k_cases_per_100k.7e883eee3a"} */
[0m19:54:38.438723 [debug] [Thread-4 (]: SQL status: SUCCESS 1 in 1.003 seconds
[0m19:54:38.441048 [info ] [Thread-4 (]: 3 of 16 PASS not_null_mart_case_fatality_rate_case_month ....................... [[32mPASS[0m in 1.15s]
[0m19:54:38.442065 [debug] [Thread-4 (]: Finished running node test.covid_pipeline.not_null_mart_case_fatality_rate_case_month.9ed9496d51
[0m19:54:38.442566 [debug] [Thread-4 (]: Began running node test.covid_pipeline.not_null_mart_cases_per_100k_county_fips.f6c5500509
[0m19:54:38.443333 [info ] [Thread-4 (]: 7 of 16 START test not_null_mart_cases_per_100k_county_fips .................... [RUN]
[0m19:54:38.444371 [debug] [Thread-4 (]: Re-using an available connection from the pool (formerly test.covid_pipeline.not_null_mart_case_fatality_rate_case_month.9ed9496d51, now test.covid_pipeline.not_null_mart_cases_per_100k_county_fips.f6c5500509)
[0m19:54:38.445205 [debug] [Thread-4 (]: Began compiling node test.covid_pipeline.not_null_mart_cases_per_100k_county_fips.f6c5500509
[0m19:54:38.449748 [debug] [Thread-4 (]: Writing injected SQL for node "test.covid_pipeline.not_null_mart_cases_per_100k_county_fips.f6c5500509"
[0m19:54:38.451222 [debug] [Thread-4 (]: Began executing node test.covid_pipeline.not_null_mart_cases_per_100k_county_fips.f6c5500509
[0m19:54:38.458849 [debug] [Thread-4 (]: Writing runtime sql for node "test.covid_pipeline.not_null_mart_cases_per_100k_county_fips.f6c5500509"
[0m19:54:38.460444 [debug] [Thread-4 (]: Using snowflake connection "test.covid_pipeline.not_null_mart_cases_per_100k_county_fips.f6c5500509"
[0m19:54:38.461009 [debug] [Thread-4 (]: On test.covid_pipeline.not_null_mart_cases_per_100k_county_fips.f6c5500509: select
      count(*) as failures,
      count(*) != 0 as should_warn,
      count(*) != 0 as should_error
    from (
      
    
  
    
    



select county_fips
from COVID_DB.MARTS.mart_cases_per_100k
where county_fips is null



  
  
      
    ) dbt_internal_test
/* {"app": "dbt", "dbt_version": "1.11.7", "profile_name": "covid_pipeline", "target_name": "dev", "node_id": "test.covid_pipeline.not_null_mart_cases_per_100k_county_fips.f6c5500509"} */
[0m19:54:38.600668 [debug] [Thread-3 (]: SQL status: SUCCESS 1 in 1.160 seconds
[0m19:54:38.602907 [info ] [Thread-3 (]: 2 of 16 PASS not_null_mart_case_fatality_rate_case_fatality_rate_pct ........... [[32mPASS[0m in 1.26s]
[0m19:54:38.604066 [debug] [Thread-3 (]: Finished running node test.covid_pipeline.not_null_mart_case_fatality_rate_case_fatality_rate_pct.a4f0405f94
[0m19:54:38.604627 [debug] [Thread-3 (]: Began running node test.covid_pipeline.not_null_mart_data_freshness_freshness_status.d73145837c
[0m19:54:38.605141 [info ] [Thread-3 (]: 8 of 16 START test not_null_mart_data_freshness_freshness_status ............... [RUN]
[0m19:54:38.605986 [debug] [Thread-3 (]: Re-using an available connection from the pool (formerly test.covid_pipeline.not_null_mart_case_fatality_rate_case_fatality_rate_pct.a4f0405f94, now test.covid_pipeline.not_null_mart_data_freshness_freshness_status.d73145837c)
[0m19:54:38.606506 [debug] [Thread-3 (]: Began compiling node test.covid_pipeline.not_null_mart_data_freshness_freshness_status.d73145837c
[0m19:54:38.610813 [debug] [Thread-3 (]: Writing injected SQL for node "test.covid_pipeline.not_null_mart_data_freshness_freshness_status.d73145837c"
[0m19:54:38.612551 [debug] [Thread-3 (]: Began executing node test.covid_pipeline.not_null_mart_data_freshness_freshness_status.d73145837c
[0m19:54:38.615165 [debug] [Thread-3 (]: Writing runtime sql for node "test.covid_pipeline.not_null_mart_data_freshness_freshness_status.d73145837c"
[0m19:54:38.617353 [debug] [Thread-3 (]: Using snowflake connection "test.covid_pipeline.not_null_mart_data_freshness_freshness_status.d73145837c"
[0m19:54:38.618234 [debug] [Thread-3 (]: On test.covid_pipeline.not_null_mart_data_freshness_freshness_status.d73145837c: select
      count(*) as failures,
      count(*) != 0 as should_warn,
      count(*) != 0 as should_error
    from (
      
    
  
    
    



select freshness_status
from COVID_DB.MARTS.mart_data_freshness
where freshness_status is null



  
  
      
    ) dbt_internal_test
/* {"app": "dbt", "dbt_version": "1.11.7", "profile_name": "covid_pipeline", "target_name": "dev", "node_id": "test.covid_pipeline.not_null_mart_data_freshness_freshness_status.d73145837c"} */
[0m19:54:38.654922 [debug] [Thread-5 (]: SQL status: SUCCESS 1 in 0.264 seconds
[0m19:54:38.657172 [info ] [Thread-5 (]: 6 of 16 PASS not_null_mart_cases_per_100k_cases_per_100k ....................... [[32mPASS[0m in 0.29s]
[0m19:54:38.658482 [debug] [Thread-5 (]: Finished running node test.covid_pipeline.not_null_mart_cases_per_100k_cases_per_100k.7e883eee3a
[0m19:54:38.659210 [debug] [Thread-5 (]: Began running node test.covid_pipeline.not_null_mart_data_freshness_source_table.2fc2ee7ce6
[0m19:54:38.659729 [info ] [Thread-5 (]: 9 of 16 START test not_null_mart_data_freshness_source_table ................... [RUN]
[0m19:54:38.660536 [debug] [Thread-5 (]: Re-using an available connection from the pool (formerly test.covid_pipeline.not_null_mart_cases_per_100k_cases_per_100k.7e883eee3a, now test.covid_pipeline.not_null_mart_data_freshness_source_table.2fc2ee7ce6)
[0m19:54:38.661026 [debug] [Thread-5 (]: Began compiling node test.covid_pipeline.not_null_mart_data_freshness_source_table.2fc2ee7ce6
[0m19:54:38.665131 [debug] [Thread-5 (]: Writing injected SQL for node "test.covid_pipeline.not_null_mart_data_freshness_source_table.2fc2ee7ce6"
[0m19:54:38.667103 [debug] [Thread-5 (]: Began executing node test.covid_pipeline.not_null_mart_data_freshness_source_table.2fc2ee7ce6
[0m19:54:38.670550 [debug] [Thread-5 (]: Writing runtime sql for node "test.covid_pipeline.not_null_mart_data_freshness_source_table.2fc2ee7ce6"
[0m19:54:38.672394 [debug] [Thread-5 (]: Using snowflake connection "test.covid_pipeline.not_null_mart_data_freshness_source_table.2fc2ee7ce6"
[0m19:54:38.672959 [debug] [Thread-5 (]: On test.covid_pipeline.not_null_mart_data_freshness_source_table.2fc2ee7ce6: select
      count(*) as failures,
      count(*) != 0 as should_warn,
      count(*) != 0 as should_error
    from (
      
    
  
    
    



select source_table
from COVID_DB.MARTS.mart_data_freshness
where source_table is null



  
  
      
    ) dbt_internal_test
/* {"app": "dbt", "dbt_version": "1.11.7", "profile_name": "covid_pipeline", "target_name": "dev", "node_id": "test.covid_pipeline.not_null_mart_data_freshness_source_table.2fc2ee7ce6"} */
[0m19:54:38.680722 [debug] [Thread-4 (]: SQL status: SUCCESS 1 in 0.219 seconds
[0m19:54:38.683116 [info ] [Thread-4 (]: 7 of 16 PASS not_null_mart_cases_per_100k_county_fips .......................... [[32mPASS[0m in 0.24s]
[0m19:54:38.684394 [debug] [Thread-4 (]: Finished running node test.covid_pipeline.not_null_mart_cases_per_100k_county_fips.f6c5500509
[0m19:54:38.685010 [debug] [Thread-4 (]: Began running node test.covid_pipeline.not_null_mart_rolling_avg_cases_case_month.6480b6c0cc
[0m19:54:38.685527 [info ] [Thread-4 (]: 10 of 16 START test not_null_mart_rolling_avg_cases_case_month ................. [RUN]
[0m19:54:38.686608 [debug] [Thread-4 (]: Re-using an available connection from the pool (formerly test.covid_pipeline.not_null_mart_cases_per_100k_county_fips.f6c5500509, now test.covid_pipeline.not_null_mart_rolling_avg_cases_case_month.6480b6c0cc)
[0m19:54:38.687395 [debug] [Thread-4 (]: Began compiling node test.covid_pipeline.not_null_mart_rolling_avg_cases_case_month.6480b6c0cc
[0m19:54:38.693671 [debug] [Thread-4 (]: Writing injected SQL for node "test.covid_pipeline.not_null_mart_rolling_avg_cases_case_month.6480b6c0cc"
[0m19:54:38.695387 [debug] [Thread-4 (]: Began executing node test.covid_pipeline.not_null_mart_rolling_avg_cases_case_month.6480b6c0cc
[0m19:54:38.699532 [debug] [Thread-4 (]: Writing runtime sql for node "test.covid_pipeline.not_null_mart_rolling_avg_cases_case_month.6480b6c0cc"
[0m19:54:38.702154 [debug] [Thread-4 (]: Using snowflake connection "test.covid_pipeline.not_null_mart_rolling_avg_cases_case_month.6480b6c0cc"
[0m19:54:38.703088 [debug] [Thread-4 (]: On test.covid_pipeline.not_null_mart_rolling_avg_cases_case_month.6480b6c0cc: select
      count(*) as failures,
      count(*) != 0 as should_warn,
      count(*) != 0 as should_error
    from (
      
    
  
    
    



select case_month
from COVID_DB.MARTS.mart_rolling_avg_cases
where case_month is null



  
  
      
    ) dbt_internal_test
/* {"app": "dbt", "dbt_version": "1.11.7", "profile_name": "covid_pipeline", "target_name": "dev", "node_id": "test.covid_pipeline.not_null_mart_rolling_avg_cases_case_month.6480b6c0cc"} */
[0m19:54:38.736167 [debug] [Thread-3 (]: SQL status: SUCCESS 1 in 0.117 seconds
[0m19:54:38.738691 [info ] [Thread-3 (]: 8 of 16 PASS not_null_mart_data_freshness_freshness_status ..................... [[32mPASS[0m in 0.13s]
[0m19:54:38.739932 [debug] [Thread-3 (]: Finished running node test.covid_pipeline.not_null_mart_data_freshness_freshness_status.d73145837c
[0m19:54:38.740455 [debug] [Thread-3 (]: Began running node test.covid_pipeline.not_null_mart_rolling_avg_cases_monthly_cases.76aa447b37
[0m19:54:38.740943 [info ] [Thread-3 (]: 11 of 16 START test not_null_mart_rolling_avg_cases_monthly_cases .............. [RUN]
[0m19:54:38.741748 [debug] [Thread-3 (]: Re-using an available connection from the pool (formerly test.covid_pipeline.not_null_mart_data_freshness_freshness_status.d73145837c, now test.covid_pipeline.not_null_mart_rolling_avg_cases_monthly_cases.76aa447b37)
[0m19:54:38.742237 [debug] [Thread-3 (]: Began compiling node test.covid_pipeline.not_null_mart_rolling_avg_cases_monthly_cases.76aa447b37
[0m19:54:38.746901 [debug] [Thread-3 (]: Writing injected SQL for node "test.covid_pipeline.not_null_mart_rolling_avg_cases_monthly_cases.76aa447b37"
[0m19:54:38.748157 [debug] [Thread-3 (]: Began executing node test.covid_pipeline.not_null_mart_rolling_avg_cases_monthly_cases.76aa447b37
[0m19:54:38.751131 [debug] [Thread-3 (]: Writing runtime sql for node "test.covid_pipeline.not_null_mart_rolling_avg_cases_monthly_cases.76aa447b37"
[0m19:54:38.752954 [debug] [Thread-3 (]: Using snowflake connection "test.covid_pipeline.not_null_mart_rolling_avg_cases_monthly_cases.76aa447b37"
[0m19:54:38.753919 [debug] [Thread-3 (]: On test.covid_pipeline.not_null_mart_rolling_avg_cases_monthly_cases.76aa447b37: select
      count(*) as failures,
      count(*) != 0 as should_warn,
      count(*) != 0 as should_error
    from (
      
    
  
    
    



select monthly_cases
from COVID_DB.MARTS.mart_rolling_avg_cases
where monthly_cases is null



  
  
      
    ) dbt_internal_test
/* {"app": "dbt", "dbt_version": "1.11.7", "profile_name": "covid_pipeline", "target_name": "dev", "node_id": "test.covid_pipeline.not_null_mart_rolling_avg_cases_monthly_cases.76aa447b37"} */
[0m19:54:38.817748 [debug] [Thread-2 (]: SQL status: SUCCESS 1 in 0.430 seconds
[0m19:54:38.820065 [info ] [Thread-2 (]: 5 of 16 PASS not_null_mart_cases_per_100k_case_month ........................... [[32mPASS[0m in 0.46s]
[0m19:54:38.821166 [debug] [Thread-2 (]: Finished running node test.covid_pipeline.not_null_mart_cases_per_100k_case_month.4773fb69da
[0m19:54:38.821688 [debug] [Thread-2 (]: Began running node test.covid_pipeline.not_null_mart_rolling_avg_cases_rolling_3mo_avg_cases.0af87146df
[0m19:54:38.822175 [info ] [Thread-2 (]: 12 of 16 START test not_null_mart_rolling_avg_cases_rolling_3mo_avg_cases ...... [RUN]
[0m19:54:38.822945 [debug] [Thread-2 (]: Re-using an available connection from the pool (formerly test.covid_pipeline.not_null_mart_cases_per_100k_case_month.4773fb69da, now test.covid_pipeline.not_null_mart_rolling_avg_cases_rolling_3mo_avg_cases.0af87146df)
[0m19:54:38.823426 [debug] [Thread-2 (]: Began compiling node test.covid_pipeline.not_null_mart_rolling_avg_cases_rolling_3mo_avg_cases.0af87146df
[0m19:54:38.828295 [debug] [Thread-2 (]: Writing injected SQL for node "test.covid_pipeline.not_null_mart_rolling_avg_cases_rolling_3mo_avg_cases.0af87146df"
[0m19:54:38.829748 [debug] [Thread-2 (]: Began executing node test.covid_pipeline.not_null_mart_rolling_avg_cases_rolling_3mo_avg_cases.0af87146df
[0m19:54:38.833143 [debug] [Thread-2 (]: Writing runtime sql for node "test.covid_pipeline.not_null_mart_rolling_avg_cases_rolling_3mo_avg_cases.0af87146df"
[0m19:54:38.835435 [debug] [Thread-2 (]: Using snowflake connection "test.covid_pipeline.not_null_mart_rolling_avg_cases_rolling_3mo_avg_cases.0af87146df"
[0m19:54:38.836295 [debug] [Thread-2 (]: On test.covid_pipeline.not_null_mart_rolling_avg_cases_rolling_3mo_avg_cases.0af87146df: select
      count(*) as failures,
      count(*) != 0 as should_warn,
      count(*) != 0 as should_error
    from (
      
    
  
    
    



select rolling_3mo_avg_cases
from COVID_DB.MARTS.mart_rolling_avg_cases
where rolling_3mo_avg_cases is null



  
  
      
    ) dbt_internal_test
/* {"app": "dbt", "dbt_version": "1.11.7", "profile_name": "covid_pipeline", "target_name": "dev", "node_id": "test.covid_pipeline.not_null_mart_rolling_avg_cases_rolling_3mo_avg_cases.0af87146df"} */
[0m19:54:38.894474 [debug] [Thread-5 (]: SQL status: SUCCESS 1 in 0.221 seconds
[0m19:54:38.897900 [info ] [Thread-5 (]: 9 of 16 PASS not_null_mart_data_freshness_source_table ......................... [[32mPASS[0m in 0.24s]
[0m19:54:38.899285 [debug] [Thread-5 (]: Finished running node test.covid_pipeline.not_null_mart_data_freshness_source_table.2fc2ee7ce6
[0m19:54:38.899896 [debug] [Thread-5 (]: Began running node test.covid_pipeline.not_null_mart_rolling_avg_cases_state_fips.8e09741ccb
[0m19:54:38.900561 [info ] [Thread-5 (]: 13 of 16 START test not_null_mart_rolling_avg_cases_state_fips ................. [RUN]
[0m19:54:38.901403 [debug] [Thread-5 (]: Re-using an available connection from the pool (formerly test.covid_pipeline.not_null_mart_data_freshness_source_table.2fc2ee7ce6, now test.covid_pipeline.not_null_mart_rolling_avg_cases_state_fips.8e09741ccb)
[0m19:54:38.901896 [debug] [Thread-5 (]: Began compiling node test.covid_pipeline.not_null_mart_rolling_avg_cases_state_fips.8e09741ccb
[0m19:54:38.906475 [debug] [Thread-5 (]: Writing injected SQL for node "test.covid_pipeline.not_null_mart_rolling_avg_cases_state_fips.8e09741ccb"
[0m19:54:38.907733 [debug] [Thread-5 (]: Began executing node test.covid_pipeline.not_null_mart_rolling_avg_cases_state_fips.8e09741ccb
[0m19:54:38.911376 [debug] [Thread-5 (]: Writing runtime sql for node "test.covid_pipeline.not_null_mart_rolling_avg_cases_state_fips.8e09741ccb"
[0m19:54:38.913647 [debug] [Thread-5 (]: Using snowflake connection "test.covid_pipeline.not_null_mart_rolling_avg_cases_state_fips.8e09741ccb"
[0m19:54:38.914441 [debug] [Thread-5 (]: On test.covid_pipeline.not_null_mart_rolling_avg_cases_state_fips.8e09741ccb: select
      count(*) as failures,
      count(*) != 0 as should_warn,
      count(*) != 0 as should_error
    from (
      
    
  
    
    



select state_fips
from COVID_DB.MARTS.mart_rolling_avg_cases
where state_fips is null



  
  
      
    ) dbt_internal_test
/* {"app": "dbt", "dbt_version": "1.11.7", "profile_name": "covid_pipeline", "target_name": "dev", "node_id": "test.covid_pipeline.not_null_mart_rolling_avg_cases_state_fips.8e09741ccb"} */
[0m19:54:38.923300 [debug] [Thread-3 (]: SQL status: SUCCESS 1 in 0.169 seconds
[0m19:54:38.925684 [info ] [Thread-3 (]: 11 of 16 PASS not_null_mart_rolling_avg_cases_monthly_cases .................... [[32mPASS[0m in 0.18s]
[0m19:54:38.926858 [debug] [Thread-3 (]: Finished running node test.covid_pipeline.not_null_mart_rolling_avg_cases_monthly_cases.76aa447b37
[0m19:54:38.927404 [debug] [Thread-3 (]: Began running node test.covid_pipeline.not_null_mart_vaccination_vs_cases_county_fips.407223a3c6
[0m19:54:38.927899 [info ] [Thread-3 (]: 14 of 16 START test not_null_mart_vaccination_vs_cases_county_fips ............. [RUN]
[0m19:54:38.928750 [debug] [Thread-3 (]: Re-using an available connection from the pool (formerly test.covid_pipeline.not_null_mart_rolling_avg_cases_monthly_cases.76aa447b37, now test.covid_pipeline.not_null_mart_vaccination_vs_cases_county_fips.407223a3c6)
[0m19:54:38.929242 [debug] [Thread-3 (]: Began compiling node test.covid_pipeline.not_null_mart_vaccination_vs_cases_county_fips.407223a3c6
[0m19:54:38.933831 [debug] [Thread-3 (]: Writing injected SQL for node "test.covid_pipeline.not_null_mart_vaccination_vs_cases_county_fips.407223a3c6"
[0m19:54:38.935844 [debug] [Thread-3 (]: Began executing node test.covid_pipeline.not_null_mart_vaccination_vs_cases_county_fips.407223a3c6
[0m19:54:38.940926 [debug] [Thread-3 (]: Writing runtime sql for node "test.covid_pipeline.not_null_mart_vaccination_vs_cases_county_fips.407223a3c6"
[0m19:54:38.943507 [debug] [Thread-3 (]: Using snowflake connection "test.covid_pipeline.not_null_mart_vaccination_vs_cases_county_fips.407223a3c6"
[0m19:54:38.944113 [debug] [Thread-3 (]: On test.covid_pipeline.not_null_mart_vaccination_vs_cases_county_fips.407223a3c6: select
      count(*) as failures,
      count(*) != 0 as should_warn,
      count(*) != 0 as should_error
    from (
      
    
  
    
    



select county_fips
from COVID_DB.MARTS.mart_vaccination_vs_cases
where county_fips is null



  
  
      
    ) dbt_internal_test
/* {"app": "dbt", "dbt_version": "1.11.7", "profile_name": "covid_pipeline", "target_name": "dev", "node_id": "test.covid_pipeline.not_null_mart_vaccination_vs_cases_county_fips.407223a3c6"} */
[0m19:54:38.964335 [debug] [Thread-4 (]: SQL status: SUCCESS 1 in 0.260 seconds
[0m19:54:38.967051 [info ] [Thread-4 (]: 10 of 16 PASS not_null_mart_rolling_avg_cases_case_month ....................... [[32mPASS[0m in 0.28s]
[0m19:54:38.968348 [debug] [Thread-4 (]: Finished running node test.covid_pipeline.not_null_mart_rolling_avg_cases_case_month.6480b6c0cc
[0m19:54:38.968933 [debug] [Thread-4 (]: Began running node test.covid_pipeline.unique_mart_data_freshness_source_table.d8eb64dde4
[0m19:54:38.969555 [info ] [Thread-4 (]: 15 of 16 START test unique_mart_data_freshness_source_table .................... [RUN]
[0m19:54:38.970721 [debug] [Thread-4 (]: Re-using an available connection from the pool (formerly test.covid_pipeline.not_null_mart_rolling_avg_cases_case_month.6480b6c0cc, now test.covid_pipeline.unique_mart_data_freshness_source_table.d8eb64dde4)
[0m19:54:38.971474 [debug] [Thread-4 (]: Began compiling node test.covid_pipeline.unique_mart_data_freshness_source_table.d8eb64dde4
[0m19:54:38.979124 [debug] [Thread-4 (]: Writing injected SQL for node "test.covid_pipeline.unique_mart_data_freshness_source_table.d8eb64dde4"
[0m19:54:38.980677 [debug] [Thread-4 (]: Began executing node test.covid_pipeline.unique_mart_data_freshness_source_table.d8eb64dde4
[0m19:54:38.984935 [debug] [Thread-4 (]: Writing runtime sql for node "test.covid_pipeline.unique_mart_data_freshness_source_table.d8eb64dde4"
[0m19:54:38.987459 [debug] [Thread-4 (]: Using snowflake connection "test.covid_pipeline.unique_mart_data_freshness_source_table.d8eb64dde4"
[0m19:54:38.988250 [debug] [Thread-4 (]: On test.covid_pipeline.unique_mart_data_freshness_source_table.d8eb64dde4: select
      count(*) as failures,
      count(*) != 0 as should_warn,
      count(*) != 0 as should_error
    from (
      
    
  
    
    

select
    source_table as unique_field,
    count(*) as n_records

from COVID_DB.MARTS.mart_data_freshness
where source_table is not null
group by source_table
having count(*) > 1



  
  
      
    ) dbt_internal_test
/* {"app": "dbt", "dbt_version": "1.11.7", "profile_name": "covid_pipeline", "target_name": "dev", "node_id": "test.covid_pipeline.unique_mart_data_freshness_source_table.d8eb64dde4"} */
[0m19:54:39.079531 [debug] [Thread-2 (]: SQL status: SUCCESS 1 in 0.243 seconds
[0m19:54:39.081998 [info ] [Thread-2 (]: 12 of 16 PASS not_null_mart_rolling_avg_cases_rolling_3mo_avg_cases ............ [[32mPASS[0m in 0.26s]
[0m19:54:39.083271 [debug] [Thread-2 (]: Finished running node test.covid_pipeline.not_null_mart_rolling_avg_cases_rolling_3mo_avg_cases.0af87146df
[0m19:54:39.083880 [debug] [Thread-2 (]: Began running node test.covid_pipeline.unique_mart_vaccination_vs_cases_county_fips.114454f6db
[0m19:54:39.084360 [info ] [Thread-2 (]: 16 of 16 START test unique_mart_vaccination_vs_cases_county_fips ............... [RUN]
[0m19:54:39.085175 [debug] [Thread-2 (]: Re-using an available connection from the pool (formerly test.covid_pipeline.not_null_mart_rolling_avg_cases_rolling_3mo_avg_cases.0af87146df, now test.covid_pipeline.unique_mart_vaccination_vs_cases_county_fips.114454f6db)
[0m19:54:39.085672 [debug] [Thread-2 (]: Began compiling node test.covid_pipeline.unique_mart_vaccination_vs_cases_county_fips.114454f6db
[0m19:54:39.090017 [debug] [Thread-2 (]: Writing injected SQL for node "test.covid_pipeline.unique_mart_vaccination_vs_cases_county_fips.114454f6db"
[0m19:54:39.091443 [debug] [Thread-2 (]: Began executing node test.covid_pipeline.unique_mart_vaccination_vs_cases_county_fips.114454f6db
[0m19:54:39.095615 [debug] [Thread-2 (]: Writing runtime sql for node "test.covid_pipeline.unique_mart_vaccination_vs_cases_county_fips.114454f6db"
[0m19:54:39.097788 [debug] [Thread-2 (]: Using snowflake connection "test.covid_pipeline.unique_mart_vaccination_vs_cases_county_fips.114454f6db"
[0m19:54:39.098430 [debug] [Thread-2 (]: On test.covid_pipeline.unique_mart_vaccination_vs_cases_county_fips.114454f6db: select
      count(*) as failures,
      count(*) != 0 as should_warn,
      count(*) != 0 as should_error
    from (
      
    
  
    
    

select
    county_fips as unique_field,
    count(*) as n_records

from COVID_DB.MARTS.mart_vaccination_vs_cases
where county_fips is not null
group by county_fips
having count(*) > 1



  
  
      
    ) dbt_internal_test
/* {"app": "dbt", "dbt_version": "1.11.7", "profile_name": "covid_pipeline", "target_name": "dev", "node_id": "test.covid_pipeline.unique_mart_vaccination_vs_cases_county_fips.114454f6db"} */
[0m19:54:39.163366 [debug] [Thread-3 (]: SQL status: SUCCESS 1 in 0.219 seconds
[0m19:54:39.165571 [info ] [Thread-3 (]: 14 of 16 PASS not_null_mart_vaccination_vs_cases_county_fips ................... [[32mPASS[0m in 0.24s]
[0m19:54:39.167449 [debug] [Thread-3 (]: Finished running node test.covid_pipeline.not_null_mart_vaccination_vs_cases_county_fips.407223a3c6
[0m19:54:39.168611 [debug] [Thread-5 (]: SQL status: SUCCESS 1 in 0.253 seconds
[0m19:54:39.170742 [info ] [Thread-5 (]: 13 of 16 PASS not_null_mart_rolling_avg_cases_state_fips ....................... [[32mPASS[0m in 0.27s]
[0m19:54:39.172124 [debug] [Thread-5 (]: Finished running node test.covid_pipeline.not_null_mart_rolling_avg_cases_state_fips.8e09741ccb
[0m19:54:39.252994 [debug] [Thread-4 (]: SQL status: SUCCESS 1 in 0.264 seconds
[0m19:54:39.255233 [info ] [Thread-4 (]: 15 of 16 PASS unique_mart_data_freshness_source_table .......................... [[32mPASS[0m in 0.28s]
[0m19:54:39.256377 [debug] [Thread-4 (]: Finished running node test.covid_pipeline.unique_mart_data_freshness_source_table.d8eb64dde4
[0m19:54:39.272340 [debug] [Thread-2 (]: SQL status: SUCCESS 1 in 0.173 seconds
[0m19:54:39.274554 [error] [Thread-2 (]: 16 of 16 FAIL 3211 unique_mart_vaccination_vs_cases_county_fips ................ [[31mFAIL 3211[0m in 0.19s]
[0m19:54:39.275618 [debug] [Thread-2 (]: Finished running node test.covid_pipeline.unique_mart_vaccination_vs_cases_county_fips.114454f6db
[0m19:54:39.278072 [debug] [MainThread]: Connection 'master' was properly closed.
[0m19:54:39.278533 [debug] [MainThread]: Connection 'list_COVID_DB_MARTS' was left open.
[0m19:54:39.278980 [debug] [MainThread]: On list_COVID_DB_MARTS: Close
[0m19:54:39.416624 [debug] [MainThread]: Connection 'list_COVID_DB_STAGING' was left open.
[0m19:54:39.417388 [debug] [MainThread]: On list_COVID_DB_STAGING: Close
[0m19:54:39.527347 [debug] [MainThread]: Connection 'list_COVID_DB_INTERMEDIATE' was left open.
[0m19:54:39.527970 [debug] [MainThread]: On list_COVID_DB_INTERMEDIATE: Close
[0m19:54:39.659803 [debug] [MainThread]: Connection 'test.covid_pipeline.not_null_mart_rolling_avg_cases_state_fips.8e09741ccb' was left open.
[0m19:54:39.660292 [debug] [MainThread]: On test.covid_pipeline.not_null_mart_rolling_avg_cases_state_fips.8e09741ccb: Close
[0m19:54:39.798563 [debug] [MainThread]: Connection 'test.covid_pipeline.unique_mart_vaccination_vs_cases_county_fips.114454f6db' was left open.
[0m19:54:39.799266 [debug] [MainThread]: On test.covid_pipeline.unique_mart_vaccination_vs_cases_county_fips.114454f6db: Close
[0m19:54:39.950372 [debug] [MainThread]: Connection 'test.covid_pipeline.unique_mart_data_freshness_source_table.d8eb64dde4' was left open.
[0m19:54:39.951022 [debug] [MainThread]: On test.covid_pipeline.unique_mart_data_freshness_source_table.d8eb64dde4: Close
[0m19:54:40.357248 [debug] [MainThread]: Connection 'test.covid_pipeline.not_null_mart_vaccination_vs_cases_county_fips.407223a3c6' was left open.
[0m19:54:40.357739 [debug] [MainThread]: On test.covid_pipeline.not_null_mart_vaccination_vs_cases_county_fips.407223a3c6: Close
[0m19:54:40.466158 [info ] [MainThread]: 
[0m19:54:40.467321 [info ] [MainThread]: Finished running 16 data tests in 0 hours 0 minutes and 4.31 seconds (4.31s).
[0m19:54:40.471571 [debug] [MainThread]: Command end result
[0m19:54:40.511925 [debug] [MainThread]: Wrote artifact WritableManifest to C:\Users\Admin\workspace\DE_2025\Project3_Covid19_JW\dbt_project\target\manifest.json
[0m19:54:40.515697 [debug] [MainThread]: Wrote artifact SemanticManifest to C:\Users\Admin\workspace\DE_2025\Project3_Covid19_JW\dbt_project\target\semantic_manifest.json
[0m19:54:40.527121 [debug] [MainThread]: Wrote artifact RunExecutionResult to C:\Users\Admin\workspace\DE_2025\Project3_Covid19_JW\dbt_project\target\run_results.json
[0m19:54:40.527686 [info ] [MainThread]: 
[0m19:54:40.528401 [info ] [MainThread]: [31mCompleted with 1 error, 0 partial successes, and 0 warnings:[0m
[0m19:54:40.529073 [info ] [MainThread]: 
[0m19:54:40.529793 [error] [MainThread]: [31mFailure in test unique_mart_vaccination_vs_cases_county_fips (models\marts\schema.yml)[0m
[0m19:54:40.530736 [error] [MainThread]:   Got 3211 results, configured to fail if != 0
[0m19:54:40.531407 [info ] [MainThread]: 
[0m19:54:40.532165 [info ] [MainThread]:   compiled code at target\compiled\covid_pipeline\models\marts\schema.yml\unique_mart_vaccination_vs_cases_county_fips.sql
[0m19:54:40.533107 [info ] [MainThread]: 
[0m19:54:40.534296 [info ] [MainThread]: Done. PASS=15 WARN=0 ERROR=1 SKIP=0 NO-OP=0 TOTAL=16
[0m19:54:40.536688 [debug] [MainThread]: Command `dbt test` failed at 19:54:40.536419 after 7.96 seconds
[0m19:54:40.537344 [debug] [MainThread]: Sending event: {'category': 'dbt', 'action': 'invocation', 'label': 'end', 'context': [<snowplow_tracker.self_describing_json.SelfDescribingJson object at 0x000001EA842ECB90>, <snowplow_tracker.self_describing_json.SelfDescribingJson object at 0x000001EA9A6A9B20>, <snowplow_tracker.self_describing_json.SelfDescribingJson object at 0x000001EA9A6AAF10>]}
[0m19:54:40.537822 [debug] [MainThread]: Flushing usage events
[0m19:54:40.739686 [debug] [MainThread]: An error was encountered while trying to flush usage events
[0m19:56:01.463884 [debug] [MainThread]: Sending event: {'category': 'dbt', 'action': 'invocation', 'label': 'start', 'context': [<snowplow_tracker.self_describing_json.SelfDescribingJson object at 0x00000153294A4C20>, <snowplow_tracker.self_describing_json.SelfDescribingJson object at 0x0000015326FE8910>, <snowplow_tracker.self_describing_json.SelfDescribingJson object at 0x0000015329F7C910>]}


============================== 19:56:01.469954 | 37a8a559-0827-4853-8546-fcb1ad1fcdc8 ==============================
[0m19:56:01.469954 [info ] [MainThread]: Running with dbt=1.11.7
[0m19:56:01.470985 [debug] [MainThread]: running dbt with arguments {'static_parser': 'True', 'no_print': 'None', 'version_check': 'True', 'warn_error_options': 'WarnErrorOptionsV2(error=[], warn=[], silence=[])', 'target_path': 'None', 'printer_width': '80', 'write_json': 'True', 'empty': 'None', 'log_cache_events': 'False', 'introspect': 'True', 'cache_selected_only': 'False', 'fail_fast': 'False', 'debug': 'False', 'log_format': 'default', 'profiles_dir': 'C:\\Users\\Admin\\.dbt', 'send_anonymous_usage_stats': 'True', 'quiet': 'False', 'warn_error': 'None', 'partial_parse': 'True', 'use_colors': 'True', 'indirect_selection': 'eager', 'invocation_command': 'dbt test', 'use_experimental_parser': 'False', 'log_path': 'C:\\Users\\Admin\\workspace\\DE_2025\\Project3_Covid19_JW\\dbt_project\\logs'}
[0m19:56:02.831191 [debug] [MainThread]: Snowflake adapter: Setting snowflake.connector to ERROR (file logging only)
[0m19:56:02.831818 [debug] [MainThread]: Snowflake adapter: Setting botocore to ERROR (file logging only)
[0m19:56:02.832279 [debug] [MainThread]: Snowflake adapter: Setting boto3 to ERROR (file logging only)
[0m19:56:03.136961 [debug] [MainThread]: Sending event: {'category': 'dbt', 'action': 'project_id', 'label': '37a8a559-0827-4853-8546-fcb1ad1fcdc8', 'context': [<snowplow_tracker.self_describing_json.SelfDescribingJson object at 0x00000153298EEEA0>]}
[0m19:56:03.228218 [debug] [MainThread]: Sending event: {'category': 'dbt', 'action': 'adapter_info', 'label': '37a8a559-0827-4853-8546-fcb1ad1fcdc8', 'context': [<snowplow_tracker.self_describing_json.SelfDescribingJson object at 0x000001533EE8D370>]}
[0m19:56:03.230062 [info ] [MainThread]: Registered adapter: snowflake=1.11.3
[0m19:56:03.838111 [debug] [MainThread]: checksum: b80718358155fc17c3559352095564dd56ada1cc1a1c0ef2e62c857e71583775, vars: {}, profile: , target: , version: 1.11.7
[0m19:56:04.077799 [debug] [MainThread]: Partial parsing enabled: 0 files deleted, 0 files added, 1 files changed.
[0m19:56:04.078856 [debug] [MainThread]: Partial parsing: updated file: covid_pipeline://models\marts\schema.yml
[0m19:56:04.687328 [debug] [MainThread]: Sending event: {'category': 'dbt', 'action': 'load_project', 'label': '37a8a559-0827-4853-8546-fcb1ad1fcdc8', 'context': [<snowplow_tracker.self_describing_json.SelfDescribingJson object at 0x000001533F43AD50>]}
[0m19:56:04.813423 [debug] [MainThread]: Wrote artifact WritableManifest to C:\Users\Admin\workspace\DE_2025\Project3_Covid19_JW\dbt_project\target\manifest.json
[0m19:56:04.816809 [debug] [MainThread]: Wrote artifact SemanticManifest to C:\Users\Admin\workspace\DE_2025\Project3_Covid19_JW\dbt_project\target\semantic_manifest.json
[0m19:56:04.871612 [debug] [MainThread]: Sending event: {'category': 'dbt', 'action': 'resource_counts', 'label': '37a8a559-0827-4853-8546-fcb1ad1fcdc8', 'context': [<snowplow_tracker.self_describing_json.SelfDescribingJson object at 0x000001533F87C7D0>]}
[0m19:56:04.872547 [info ] [MainThread]: Found 10 models, 16 data tests, 3 sources, 523 macros
[0m19:56:04.873575 [debug] [MainThread]: Sending event: {'category': 'dbt', 'action': 'runnable_timing', 'label': '37a8a559-0827-4853-8546-fcb1ad1fcdc8', 'context': [<snowplow_tracker.self_describing_json.SelfDescribingJson object at 0x000001533F83F310>]}
[0m19:56:04.877860 [info ] [MainThread]: 
[0m19:56:04.878698 [info ] [MainThread]: Concurrency: 4 threads (target='dev')
[0m19:56:04.879550 [info ] [MainThread]: 
[0m19:56:04.880754 [debug] [MainThread]: Acquiring new snowflake connection 'master'
[0m19:56:04.887473 [debug] [ThreadPool]: Acquiring new snowflake connection 'list_COVID_DB_INTERMEDIATE'
[0m19:56:04.905286 [debug] [ThreadPool]: Acquiring new snowflake connection 'list_COVID_DB_STAGING'
[0m19:56:04.921114 [debug] [ThreadPool]: Acquiring new snowflake connection 'list_COVID_DB_MARTS'
[0m19:56:05.024220 [debug] [ThreadPool]: Using snowflake connection "list_COVID_DB_INTERMEDIATE"
[0m19:56:05.025049 [debug] [ThreadPool]: Using snowflake connection "list_COVID_DB_STAGING"
[0m19:56:05.025908 [debug] [ThreadPool]: Using snowflake connection "list_COVID_DB_MARTS"
[0m19:56:05.026460 [debug] [ThreadPool]: On list_COVID_DB_INTERMEDIATE: show objects in COVID_DB.INTERMEDIATE
    limit 10000
    

/* {"app": "dbt", "dbt_version": "1.11.7", "profile_name": "covid_pipeline", "target_name": "dev", "connection_name": "list_COVID_DB_INTERMEDIATE"} */;
[0m19:56:05.027087 [debug] [ThreadPool]: On list_COVID_DB_STAGING: show objects in COVID_DB.STAGING
    limit 10000
    

/* {"app": "dbt", "dbt_version": "1.11.7", "profile_name": "covid_pipeline", "target_name": "dev", "connection_name": "list_COVID_DB_STAGING"} */;
[0m19:56:05.027657 [debug] [ThreadPool]: On list_COVID_DB_MARTS: show objects in COVID_DB.MARTS
    limit 10000
    

/* {"app": "dbt", "dbt_version": "1.11.7", "profile_name": "covid_pipeline", "target_name": "dev", "connection_name": "list_COVID_DB_MARTS"} */;
[0m19:56:05.028184 [debug] [ThreadPool]: Opening a new connection, currently in state init
[0m19:56:05.028658 [debug] [ThreadPool]: Opening a new connection, currently in state init
[0m19:56:05.029147 [debug] [ThreadPool]: Opening a new connection, currently in state init
[0m19:56:05.954551 [debug] [ThreadPool]: SQL status: SUCCESS 3 in 0.926 seconds
[0m19:56:06.000885 [debug] [ThreadPool]: SQL status: SUCCESS 5 in 0.972 seconds
[0m19:56:06.464672 [debug] [ThreadPool]: SQL status: SUCCESS 2 in 1.436 seconds
[0m19:56:06.467625 [debug] [MainThread]: Sending event: {'category': 'dbt', 'action': 'runnable_timing', 'label': '37a8a559-0827-4853-8546-fcb1ad1fcdc8', 'context': [<snowplow_tracker.self_describing_json.SelfDescribingJson object at 0x000001533F8A2D00>]}
[0m19:56:06.473669 [debug] [Thread-4 (]: Began running node test.covid_pipeline.not_null_mart_case_fatality_rate_case_month.9ed9496d51
[0m19:56:06.474386 [debug] [Thread-5 (]: Began running node test.covid_pipeline.not_null_mart_case_fatality_rate_state_fips.ff74c298a6
[0m19:56:06.474909 [debug] [Thread-3 (]: Began running node test.covid_pipeline.not_null_mart_case_fatality_rate_case_fatality_rate_pct.a4f0405f94
[0m19:56:06.476008 [debug] [Thread-2 (]: Began running node test.covid_pipeline.accepted_values_mart_data_freshness_freshness_status__Fresh__Recent__Stale__Very_Stale.a93cf2ba0c
[0m19:56:06.475463 [info ] [Thread-4 (]: 3 of 16 START test not_null_mart_case_fatality_rate_case_month ................. [RUN]
[0m19:56:06.476817 [info ] [Thread-5 (]: 4 of 16 START test not_null_mart_case_fatality_rate_state_fips ................. [RUN]
[0m19:56:06.479140 [debug] [Thread-4 (]: Acquiring new snowflake connection 'test.covid_pipeline.not_null_mart_case_fatality_rate_case_month.9ed9496d51'
[0m19:56:06.480224 [debug] [Thread-5 (]: Acquiring new snowflake connection 'test.covid_pipeline.not_null_mart_case_fatality_rate_state_fips.ff74c298a6'
[0m19:56:06.480819 [debug] [Thread-4 (]: Began compiling node test.covid_pipeline.not_null_mart_case_fatality_rate_case_month.9ed9496d51
[0m19:56:06.477524 [info ] [Thread-3 (]: 2 of 16 START test not_null_mart_case_fatality_rate_case_fatality_rate_pct ..... [RUN]
[0m19:56:06.511389 [debug] [Thread-3 (]: Acquiring new snowflake connection 'test.covid_pipeline.not_null_mart_case_fatality_rate_case_fatality_rate_pct.a4f0405f94'
[0m19:56:06.512333 [debug] [Thread-3 (]: Began compiling node test.covid_pipeline.not_null_mart_case_fatality_rate_case_fatality_rate_pct.a4f0405f94
[0m19:56:06.478030 [info ] [Thread-2 (]: 1 of 16 START test accepted_values_mart_data_freshness_freshness_status__Fresh__Recent__Stale__Very_Stale  [RUN]
[0m19:56:06.538273 [debug] [Thread-2 (]: Acquiring new snowflake connection 'test.covid_pipeline.accepted_values_mart_data_freshness_freshness_status__Fresh__Recent__Stale__Very_Stale.a93cf2ba0c'
[0m19:56:06.481539 [debug] [Thread-5 (]: Began compiling node test.covid_pipeline.not_null_mart_case_fatality_rate_state_fips.ff74c298a6
[0m19:56:06.507748 [debug] [Thread-4 (]: Writing injected SQL for node "test.covid_pipeline.not_null_mart_case_fatality_rate_case_month.9ed9496d51"
[0m19:56:06.541139 [debug] [Thread-2 (]: Began compiling node test.covid_pipeline.accepted_values_mart_data_freshness_freshness_status__Fresh__Recent__Stale__Very_Stale.a93cf2ba0c
[0m19:56:06.520911 [debug] [Thread-3 (]: Writing injected SQL for node "test.covid_pipeline.not_null_mart_case_fatality_rate_case_fatality_rate_pct.a4f0405f94"
[0m19:56:06.548899 [debug] [Thread-5 (]: Writing injected SQL for node "test.covid_pipeline.not_null_mart_case_fatality_rate_state_fips.ff74c298a6"
[0m19:56:06.570003 [debug] [Thread-2 (]: Writing injected SQL for node "test.covid_pipeline.accepted_values_mart_data_freshness_freshness_status__Fresh__Recent__Stale__Very_Stale.a93cf2ba0c"
[0m19:56:06.571580 [debug] [Thread-4 (]: Began executing node test.covid_pipeline.not_null_mart_case_fatality_rate_case_month.9ed9496d51
[0m19:56:06.608422 [debug] [Thread-5 (]: Began executing node test.covid_pipeline.not_null_mart_case_fatality_rate_state_fips.ff74c298a6
[0m19:56:06.651718 [debug] [Thread-3 (]: Began executing node test.covid_pipeline.not_null_mart_case_fatality_rate_case_fatality_rate_pct.a4f0405f94
[0m19:56:06.672776 [debug] [Thread-5 (]: Writing runtime sql for node "test.covid_pipeline.not_null_mart_case_fatality_rate_state_fips.ff74c298a6"
[0m19:56:06.676722 [debug] [Thread-4 (]: Writing runtime sql for node "test.covid_pipeline.not_null_mart_case_fatality_rate_case_month.9ed9496d51"
[0m19:56:06.680537 [debug] [Thread-3 (]: Writing runtime sql for node "test.covid_pipeline.not_null_mart_case_fatality_rate_case_fatality_rate_pct.a4f0405f94"
[0m19:56:06.681821 [debug] [Thread-2 (]: Began executing node test.covid_pipeline.accepted_values_mart_data_freshness_freshness_status__Fresh__Recent__Stale__Very_Stale.a93cf2ba0c
[0m19:56:06.685542 [debug] [Thread-2 (]: Writing runtime sql for node "test.covid_pipeline.accepted_values_mart_data_freshness_freshness_status__Fresh__Recent__Stale__Very_Stale.a93cf2ba0c"
[0m19:56:06.687433 [debug] [Thread-5 (]: Using snowflake connection "test.covid_pipeline.not_null_mart_case_fatality_rate_state_fips.ff74c298a6"
[0m19:56:06.689059 [debug] [Thread-4 (]: Using snowflake connection "test.covid_pipeline.not_null_mart_case_fatality_rate_case_month.9ed9496d51"
[0m19:56:06.689777 [debug] [Thread-5 (]: On test.covid_pipeline.not_null_mart_case_fatality_rate_state_fips.ff74c298a6: select
      count(*) as failures,
      count(*) != 0 as should_warn,
      count(*) != 0 as should_error
    from (
      
    
  
    
    



select state_fips
from COVID_DB.MARTS.mart_case_fatality_rate
where state_fips is null



  
  
      
    ) dbt_internal_test
/* {"app": "dbt", "dbt_version": "1.11.7", "profile_name": "covid_pipeline", "target_name": "dev", "node_id": "test.covid_pipeline.not_null_mart_case_fatality_rate_state_fips.ff74c298a6"} */
[0m19:56:06.691115 [debug] [Thread-3 (]: Using snowflake connection "test.covid_pipeline.not_null_mart_case_fatality_rate_case_fatality_rate_pct.a4f0405f94"
[0m19:56:06.692065 [debug] [Thread-4 (]: On test.covid_pipeline.not_null_mart_case_fatality_rate_case_month.9ed9496d51: select
      count(*) as failures,
      count(*) != 0 as should_warn,
      count(*) != 0 as should_error
    from (
      
    
  
    
    



select case_month
from COVID_DB.MARTS.mart_case_fatality_rate
where case_month is null



  
  
      
    ) dbt_internal_test
/* {"app": "dbt", "dbt_version": "1.11.7", "profile_name": "covid_pipeline", "target_name": "dev", "node_id": "test.covid_pipeline.not_null_mart_case_fatality_rate_case_month.9ed9496d51"} */
[0m19:56:06.692924 [debug] [Thread-5 (]: Opening a new connection, currently in state init
[0m19:56:06.694343 [debug] [Thread-2 (]: Using snowflake connection "test.covid_pipeline.accepted_values_mart_data_freshness_freshness_status__Fresh__Recent__Stale__Very_Stale.a93cf2ba0c"
[0m19:56:06.695025 [debug] [Thread-3 (]: On test.covid_pipeline.not_null_mart_case_fatality_rate_case_fatality_rate_pct.a4f0405f94: select
      count(*) as failures,
      count(*) != 0 as should_warn,
      count(*) != 0 as should_error
    from (
      
    
  
    
    



select case_fatality_rate_pct
from COVID_DB.MARTS.mart_case_fatality_rate
where case_fatality_rate_pct is null



  
  
      
    ) dbt_internal_test
/* {"app": "dbt", "dbt_version": "1.11.7", "profile_name": "covid_pipeline", "target_name": "dev", "node_id": "test.covid_pipeline.not_null_mart_case_fatality_rate_case_fatality_rate_pct.a4f0405f94"} */
[0m19:56:06.695720 [debug] [Thread-4 (]: Opening a new connection, currently in state init
[0m19:56:06.696838 [debug] [Thread-2 (]: On test.covid_pipeline.accepted_values_mart_data_freshness_freshness_status__Fresh__Recent__Stale__Very_Stale.a93cf2ba0c: select
      count(*) as failures,
      count(*) != 0 as should_warn,
      count(*) != 0 as should_error
    from (
      
    
  
    
    

with all_values as (

    select
        freshness_status as value_field,
        count(*) as n_records

    from COVID_DB.MARTS.mart_data_freshness
    group by freshness_status

)

select *
from all_values
where value_field not in (
    'Fresh','Recent','Stale','Very Stale'
)



  
  
      
    ) dbt_internal_test
/* {"app": "dbt", "dbt_version": "1.11.7", "profile_name": "covid_pipeline", "target_name": "dev", "node_id": "test.covid_pipeline.accepted_values_mart_data_freshness_freshness_status__Fresh__Recent__Stale__Very_Stale.a93cf2ba0c"} */
[0m19:56:06.697946 [debug] [Thread-3 (]: Opening a new connection, currently in state init
[0m19:56:06.698970 [debug] [Thread-2 (]: Opening a new connection, currently in state init
[0m19:56:07.260524 [debug] [Thread-3 (]: SQL status: SUCCESS 1 in 0.563 seconds
[0m19:56:07.271015 [info ] [Thread-3 (]: 2 of 16 PASS not_null_mart_case_fatality_rate_case_fatality_rate_pct ........... [[32mPASS[0m in 0.76s]
[0m19:56:07.272380 [debug] [Thread-3 (]: Finished running node test.covid_pipeline.not_null_mart_case_fatality_rate_case_fatality_rate_pct.a4f0405f94
[0m19:56:07.272921 [debug] [Thread-3 (]: Began running node test.covid_pipeline.not_null_mart_cases_per_100k_case_month.4773fb69da
[0m19:56:07.273558 [info ] [Thread-3 (]: 5 of 16 START test not_null_mart_cases_per_100k_case_month ..................... [RUN]
[0m19:56:07.274377 [debug] [Thread-3 (]: Re-using an available connection from the pool (formerly test.covid_pipeline.not_null_mart_case_fatality_rate_case_fatality_rate_pct.a4f0405f94, now test.covid_pipeline.not_null_mart_cases_per_100k_case_month.4773fb69da)
[0m19:56:07.274858 [debug] [Thread-3 (]: Began compiling node test.covid_pipeline.not_null_mart_cases_per_100k_case_month.4773fb69da
[0m19:56:07.279460 [debug] [Thread-3 (]: Writing injected SQL for node "test.covid_pipeline.not_null_mart_cases_per_100k_case_month.4773fb69da"
[0m19:56:07.280614 [debug] [Thread-3 (]: Began executing node test.covid_pipeline.not_null_mart_cases_per_100k_case_month.4773fb69da
[0m19:56:07.283825 [debug] [Thread-3 (]: Writing runtime sql for node "test.covid_pipeline.not_null_mart_cases_per_100k_case_month.4773fb69da"
[0m19:56:07.285427 [debug] [Thread-3 (]: Using snowflake connection "test.covid_pipeline.not_null_mart_cases_per_100k_case_month.4773fb69da"
[0m19:56:07.286250 [debug] [Thread-3 (]: On test.covid_pipeline.not_null_mart_cases_per_100k_case_month.4773fb69da: select
      count(*) as failures,
      count(*) != 0 as should_warn,
      count(*) != 0 as should_error
    from (
      
    
  
    
    



select case_month
from COVID_DB.MARTS.mart_cases_per_100k
where case_month is null



  
  
      
    ) dbt_internal_test
/* {"app": "dbt", "dbt_version": "1.11.7", "profile_name": "covid_pipeline", "target_name": "dev", "node_id": "test.covid_pipeline.not_null_mart_cases_per_100k_case_month.4773fb69da"} */
[0m19:56:07.319343 [debug] [Thread-2 (]: SQL status: SUCCESS 1 in 0.620 seconds
[0m19:56:07.321791 [info ] [Thread-2 (]: 1 of 16 PASS accepted_values_mart_data_freshness_freshness_status__Fresh__Recent__Stale__Very_Stale  [[32mPASS[0m in 0.78s]
[0m19:56:07.323135 [debug] [Thread-2 (]: Finished running node test.covid_pipeline.accepted_values_mart_data_freshness_freshness_status__Fresh__Recent__Stale__Very_Stale.a93cf2ba0c
[0m19:56:07.323745 [debug] [Thread-2 (]: Began running node test.covid_pipeline.not_null_mart_cases_per_100k_cases_per_100k.7e883eee3a
[0m19:56:07.324265 [info ] [Thread-2 (]: 6 of 16 START test not_null_mart_cases_per_100k_cases_per_100k ................. [RUN]
[0m19:56:07.325216 [debug] [Thread-2 (]: Re-using an available connection from the pool (formerly test.covid_pipeline.accepted_values_mart_data_freshness_freshness_status__Fresh__Recent__Stale__Very_Stale.a93cf2ba0c, now test.covid_pipeline.not_null_mart_cases_per_100k_cases_per_100k.7e883eee3a)
[0m19:56:07.326347 [debug] [Thread-2 (]: Began compiling node test.covid_pipeline.not_null_mart_cases_per_100k_cases_per_100k.7e883eee3a
[0m19:56:07.331585 [debug] [Thread-2 (]: Writing injected SQL for node "test.covid_pipeline.not_null_mart_cases_per_100k_cases_per_100k.7e883eee3a"
[0m19:56:07.333011 [debug] [Thread-2 (]: Began executing node test.covid_pipeline.not_null_mart_cases_per_100k_cases_per_100k.7e883eee3a
[0m19:56:07.336311 [debug] [Thread-2 (]: Writing runtime sql for node "test.covid_pipeline.not_null_mart_cases_per_100k_cases_per_100k.7e883eee3a"
[0m19:56:07.338231 [debug] [Thread-2 (]: Using snowflake connection "test.covid_pipeline.not_null_mart_cases_per_100k_cases_per_100k.7e883eee3a"
[0m19:56:07.338830 [debug] [Thread-2 (]: On test.covid_pipeline.not_null_mart_cases_per_100k_cases_per_100k.7e883eee3a: select
      count(*) as failures,
      count(*) != 0 as should_warn,
      count(*) != 0 as should_error
    from (
      
    
  
    
    



select cases_per_100k
from COVID_DB.MARTS.mart_cases_per_100k
where cases_per_100k is null



  
  
      
    ) dbt_internal_test
/* {"app": "dbt", "dbt_version": "1.11.7", "profile_name": "covid_pipeline", "target_name": "dev", "node_id": "test.covid_pipeline.not_null_mart_cases_per_100k_cases_per_100k.7e883eee3a"} */
[0m19:56:07.446706 [debug] [Thread-3 (]: SQL status: SUCCESS 1 in 0.160 seconds
[0m19:56:07.448961 [info ] [Thread-3 (]: 5 of 16 PASS not_null_mart_cases_per_100k_case_month ........................... [[32mPASS[0m in 0.17s]
[0m19:56:07.450097 [debug] [Thread-3 (]: Finished running node test.covid_pipeline.not_null_mart_cases_per_100k_case_month.4773fb69da
[0m19:56:07.450626 [debug] [Thread-3 (]: Began running node test.covid_pipeline.not_null_mart_cases_per_100k_county_fips.f6c5500509
[0m19:56:07.451104 [info ] [Thread-3 (]: 7 of 16 START test not_null_mart_cases_per_100k_county_fips .................... [RUN]
[0m19:56:07.451887 [debug] [Thread-3 (]: Re-using an available connection from the pool (formerly test.covid_pipeline.not_null_mart_cases_per_100k_case_month.4773fb69da, now test.covid_pipeline.not_null_mart_cases_per_100k_county_fips.f6c5500509)
[0m19:56:07.452384 [debug] [Thread-3 (]: Began compiling node test.covid_pipeline.not_null_mart_cases_per_100k_county_fips.f6c5500509
[0m19:56:07.457190 [debug] [Thread-3 (]: Writing injected SQL for node "test.covid_pipeline.not_null_mart_cases_per_100k_county_fips.f6c5500509"
[0m19:56:07.458870 [debug] [Thread-3 (]: Began executing node test.covid_pipeline.not_null_mart_cases_per_100k_county_fips.f6c5500509
[0m19:56:07.461751 [debug] [Thread-3 (]: Writing runtime sql for node "test.covid_pipeline.not_null_mart_cases_per_100k_county_fips.f6c5500509"
[0m19:56:07.463291 [debug] [Thread-3 (]: Using snowflake connection "test.covid_pipeline.not_null_mart_cases_per_100k_county_fips.f6c5500509"
[0m19:56:07.463864 [debug] [Thread-3 (]: On test.covid_pipeline.not_null_mart_cases_per_100k_county_fips.f6c5500509: select
      count(*) as failures,
      count(*) != 0 as should_warn,
      count(*) != 0 as should_error
    from (
      
    
  
    
    



select county_fips
from COVID_DB.MARTS.mart_cases_per_100k
where county_fips is null



  
  
      
    ) dbt_internal_test
/* {"app": "dbt", "dbt_version": "1.11.7", "profile_name": "covid_pipeline", "target_name": "dev", "node_id": "test.covid_pipeline.not_null_mart_cases_per_100k_county_fips.f6c5500509"} */
[0m19:56:07.517810 [debug] [Thread-2 (]: SQL status: SUCCESS 1 in 0.178 seconds
[0m19:56:07.520578 [info ] [Thread-2 (]: 6 of 16 PASS not_null_mart_cases_per_100k_cases_per_100k ....................... [[32mPASS[0m in 0.20s]
[0m19:56:07.522238 [debug] [Thread-2 (]: Finished running node test.covid_pipeline.not_null_mart_cases_per_100k_cases_per_100k.7e883eee3a
[0m19:56:07.523193 [debug] [Thread-5 (]: SQL status: SUCCESS 1 in 0.830 seconds
[0m19:56:07.523803 [debug] [Thread-2 (]: Began running node test.covid_pipeline.not_null_mart_data_freshness_freshness_status.d73145837c
[0m19:56:07.526506 [info ] [Thread-5 (]: 4 of 16 PASS not_null_mart_case_fatality_rate_state_fips ....................... [[32mPASS[0m in 1.05s]
[0m19:56:07.528456 [debug] [Thread-5 (]: Finished running node test.covid_pipeline.not_null_mart_case_fatality_rate_state_fips.ff74c298a6
[0m19:56:07.529016 [debug] [Thread-5 (]: Began running node test.covid_pipeline.not_null_mart_data_freshness_source_table.2fc2ee7ce6
[0m19:56:07.527210 [info ] [Thread-2 (]: 8 of 16 START test not_null_mart_data_freshness_freshness_status ............... [RUN]
[0m19:56:07.530422 [debug] [Thread-2 (]: Re-using an available connection from the pool (formerly test.covid_pipeline.not_null_mart_cases_per_100k_cases_per_100k.7e883eee3a, now test.covid_pipeline.not_null_mart_data_freshness_freshness_status.d73145837c)
[0m19:56:07.530922 [debug] [Thread-2 (]: Began compiling node test.covid_pipeline.not_null_mart_data_freshness_freshness_status.d73145837c
[0m19:56:07.536162 [debug] [Thread-2 (]: Writing injected SQL for node "test.covid_pipeline.not_null_mart_data_freshness_freshness_status.d73145837c"
[0m19:56:07.529521 [info ] [Thread-5 (]: 9 of 16 START test not_null_mart_data_freshness_source_table ................... [RUN]
[0m19:56:07.537395 [debug] [Thread-5 (]: Re-using an available connection from the pool (formerly test.covid_pipeline.not_null_mart_case_fatality_rate_state_fips.ff74c298a6, now test.covid_pipeline.not_null_mart_data_freshness_source_table.2fc2ee7ce6)
[0m19:56:07.538009 [debug] [Thread-5 (]: Began compiling node test.covid_pipeline.not_null_mart_data_freshness_source_table.2fc2ee7ce6
[0m19:56:07.542526 [debug] [Thread-5 (]: Writing injected SQL for node "test.covid_pipeline.not_null_mart_data_freshness_source_table.2fc2ee7ce6"
[0m19:56:07.543532 [debug] [Thread-2 (]: Began executing node test.covid_pipeline.not_null_mart_data_freshness_freshness_status.d73145837c
[0m19:56:07.547468 [debug] [Thread-2 (]: Writing runtime sql for node "test.covid_pipeline.not_null_mart_data_freshness_freshness_status.d73145837c"
[0m19:56:07.548645 [debug] [Thread-5 (]: Began executing node test.covid_pipeline.not_null_mart_data_freshness_source_table.2fc2ee7ce6
[0m19:56:07.552057 [debug] [Thread-5 (]: Writing runtime sql for node "test.covid_pipeline.not_null_mart_data_freshness_source_table.2fc2ee7ce6"
[0m19:56:07.553265 [debug] [Thread-2 (]: Using snowflake connection "test.covid_pipeline.not_null_mart_data_freshness_freshness_status.d73145837c"
[0m19:56:07.553865 [debug] [Thread-2 (]: On test.covid_pipeline.not_null_mart_data_freshness_freshness_status.d73145837c: select
      count(*) as failures,
      count(*) != 0 as should_warn,
      count(*) != 0 as should_error
    from (
      
    
  
    
    



select freshness_status
from COVID_DB.MARTS.mart_data_freshness
where freshness_status is null



  
  
      
    ) dbt_internal_test
/* {"app": "dbt", "dbt_version": "1.11.7", "profile_name": "covid_pipeline", "target_name": "dev", "node_id": "test.covid_pipeline.not_null_mart_data_freshness_freshness_status.d73145837c"} */
[0m19:56:07.555932 [debug] [Thread-5 (]: Using snowflake connection "test.covid_pipeline.not_null_mart_data_freshness_source_table.2fc2ee7ce6"
[0m19:56:07.556966 [debug] [Thread-5 (]: On test.covid_pipeline.not_null_mart_data_freshness_source_table.2fc2ee7ce6: select
      count(*) as failures,
      count(*) != 0 as should_warn,
      count(*) != 0 as should_error
    from (
      
    
  
    
    



select source_table
from COVID_DB.MARTS.mart_data_freshness
where source_table is null



  
  
      
    ) dbt_internal_test
/* {"app": "dbt", "dbt_version": "1.11.7", "profile_name": "covid_pipeline", "target_name": "dev", "node_id": "test.covid_pipeline.not_null_mart_data_freshness_source_table.2fc2ee7ce6"} */
[0m19:56:07.563296 [debug] [Thread-4 (]: SQL status: SUCCESS 1 in 0.868 seconds
[0m19:56:07.565933 [info ] [Thread-4 (]: 3 of 16 PASS not_null_mart_case_fatality_rate_case_month ....................... [[32mPASS[0m in 1.09s]
[0m19:56:07.567408 [debug] [Thread-4 (]: Finished running node test.covid_pipeline.not_null_mart_case_fatality_rate_case_month.9ed9496d51
[0m19:56:07.567972 [debug] [Thread-4 (]: Began running node test.covid_pipeline.not_null_mart_rolling_avg_cases_case_month.6480b6c0cc
[0m19:56:07.568490 [info ] [Thread-4 (]: 10 of 16 START test not_null_mart_rolling_avg_cases_case_month ................. [RUN]
[0m19:56:07.569399 [debug] [Thread-4 (]: Re-using an available connection from the pool (formerly test.covid_pipeline.not_null_mart_case_fatality_rate_case_month.9ed9496d51, now test.covid_pipeline.not_null_mart_rolling_avg_cases_case_month.6480b6c0cc)
[0m19:56:07.569914 [debug] [Thread-4 (]: Began compiling node test.covid_pipeline.not_null_mart_rolling_avg_cases_case_month.6480b6c0cc
[0m19:56:07.575210 [debug] [Thread-4 (]: Writing injected SQL for node "test.covid_pipeline.not_null_mart_rolling_avg_cases_case_month.6480b6c0cc"
[0m19:56:07.576602 [debug] [Thread-4 (]: Began executing node test.covid_pipeline.not_null_mart_rolling_avg_cases_case_month.6480b6c0cc
[0m19:56:07.579520 [debug] [Thread-4 (]: Writing runtime sql for node "test.covid_pipeline.not_null_mart_rolling_avg_cases_case_month.6480b6c0cc"
[0m19:56:07.581666 [debug] [Thread-4 (]: Using snowflake connection "test.covid_pipeline.not_null_mart_rolling_avg_cases_case_month.6480b6c0cc"
[0m19:56:07.582325 [debug] [Thread-4 (]: On test.covid_pipeline.not_null_mart_rolling_avg_cases_case_month.6480b6c0cc: select
      count(*) as failures,
      count(*) != 0 as should_warn,
      count(*) != 0 as should_error
    from (
      
    
  
    
    



select case_month
from COVID_DB.MARTS.mart_rolling_avg_cases
where case_month is null



  
  
      
    ) dbt_internal_test
/* {"app": "dbt", "dbt_version": "1.11.7", "profile_name": "covid_pipeline", "target_name": "dev", "node_id": "test.covid_pipeline.not_null_mart_rolling_avg_cases_case_month.6480b6c0cc"} */
[0m19:56:07.600941 [debug] [Thread-3 (]: SQL status: SUCCESS 1 in 0.137 seconds
[0m19:56:07.603231 [info ] [Thread-3 (]: 7 of 16 PASS not_null_mart_cases_per_100k_county_fips .......................... [[32mPASS[0m in 0.15s]
[0m19:56:07.604550 [debug] [Thread-3 (]: Finished running node test.covid_pipeline.not_null_mart_cases_per_100k_county_fips.f6c5500509
[0m19:56:07.605364 [debug] [Thread-3 (]: Began running node test.covid_pipeline.not_null_mart_rolling_avg_cases_monthly_cases.76aa447b37
[0m19:56:07.606142 [info ] [Thread-3 (]: 11 of 16 START test not_null_mart_rolling_avg_cases_monthly_cases .............. [RUN]
[0m19:56:07.607264 [debug] [Thread-3 (]: Re-using an available connection from the pool (formerly test.covid_pipeline.not_null_mart_cases_per_100k_county_fips.f6c5500509, now test.covid_pipeline.not_null_mart_rolling_avg_cases_monthly_cases.76aa447b37)
[0m19:56:07.608031 [debug] [Thread-3 (]: Began compiling node test.covid_pipeline.not_null_mart_rolling_avg_cases_monthly_cases.76aa447b37
[0m19:56:07.615908 [debug] [Thread-3 (]: Writing injected SQL for node "test.covid_pipeline.not_null_mart_rolling_avg_cases_monthly_cases.76aa447b37"
[0m19:56:07.617234 [debug] [Thread-3 (]: Began executing node test.covid_pipeline.not_null_mart_rolling_avg_cases_monthly_cases.76aa447b37
[0m19:56:07.620005 [debug] [Thread-3 (]: Writing runtime sql for node "test.covid_pipeline.not_null_mart_rolling_avg_cases_monthly_cases.76aa447b37"
[0m19:56:07.621542 [debug] [Thread-3 (]: Using snowflake connection "test.covid_pipeline.not_null_mart_rolling_avg_cases_monthly_cases.76aa447b37"
[0m19:56:07.622090 [debug] [Thread-3 (]: On test.covid_pipeline.not_null_mart_rolling_avg_cases_monthly_cases.76aa447b37: select
      count(*) as failures,
      count(*) != 0 as should_warn,
      count(*) != 0 as should_error
    from (
      
    
  
    
    



select monthly_cases
from COVID_DB.MARTS.mart_rolling_avg_cases
where monthly_cases is null



  
  
      
    ) dbt_internal_test
/* {"app": "dbt", "dbt_version": "1.11.7", "profile_name": "covid_pipeline", "target_name": "dev", "node_id": "test.covid_pipeline.not_null_mart_rolling_avg_cases_monthly_cases.76aa447b37"} */
[0m19:56:07.695509 [debug] [Thread-5 (]: SQL status: SUCCESS 1 in 0.138 seconds
[0m19:56:07.698040 [info ] [Thread-5 (]: 9 of 16 PASS not_null_mart_data_freshness_source_table ......................... [[32mPASS[0m in 0.16s]
[0m19:56:07.699667 [debug] [Thread-5 (]: Finished running node test.covid_pipeline.not_null_mart_data_freshness_source_table.2fc2ee7ce6
[0m19:56:07.700407 [debug] [Thread-5 (]: Began running node test.covid_pipeline.not_null_mart_rolling_avg_cases_rolling_3mo_avg_cases.0af87146df
[0m19:56:07.701979 [debug] [Thread-4 (]: SQL status: SUCCESS 1 in 0.119 seconds
[0m19:56:07.700965 [info ] [Thread-5 (]: 12 of 16 START test not_null_mart_rolling_avg_cases_rolling_3mo_avg_cases ...... [RUN]
[0m19:56:07.704931 [debug] [Thread-5 (]: Re-using an available connection from the pool (formerly test.covid_pipeline.not_null_mart_data_freshness_source_table.2fc2ee7ce6, now test.covid_pipeline.not_null_mart_rolling_avg_cases_rolling_3mo_avg_cases.0af87146df)
[0m19:56:07.704188 [info ] [Thread-4 (]: 10 of 16 PASS not_null_mart_rolling_avg_cases_case_month ....................... [[32mPASS[0m in 0.13s]
[0m19:56:07.705894 [debug] [Thread-5 (]: Began compiling node test.covid_pipeline.not_null_mart_rolling_avg_cases_rolling_3mo_avg_cases.0af87146df
[0m19:56:07.707952 [debug] [Thread-4 (]: Finished running node test.covid_pipeline.not_null_mart_rolling_avg_cases_case_month.6480b6c0cc
[0m19:56:07.715293 [debug] [Thread-5 (]: Writing injected SQL for node "test.covid_pipeline.not_null_mart_rolling_avg_cases_rolling_3mo_avg_cases.0af87146df"
[0m19:56:07.717092 [debug] [Thread-2 (]: SQL status: SUCCESS 1 in 0.163 seconds
[0m19:56:07.717971 [debug] [Thread-4 (]: Began running node test.covid_pipeline.not_null_mart_rolling_avg_cases_state_fips.8e09741ccb
[0m19:56:07.721148 [info ] [Thread-2 (]: 8 of 16 PASS not_null_mart_data_freshness_freshness_status ..................... [[32mPASS[0m in 0.19s]
[0m19:56:07.722746 [debug] [Thread-5 (]: Began executing node test.covid_pipeline.not_null_mart_rolling_avg_cases_rolling_3mo_avg_cases.0af87146df
[0m19:56:07.723799 [debug] [Thread-2 (]: Finished running node test.covid_pipeline.not_null_mart_data_freshness_freshness_status.d73145837c
[0m19:56:07.727702 [debug] [Thread-5 (]: Writing runtime sql for node "test.covid_pipeline.not_null_mart_rolling_avg_cases_rolling_3mo_avg_cases.0af87146df"
[0m19:56:07.721892 [info ] [Thread-4 (]: 13 of 16 START test not_null_mart_rolling_avg_cases_state_fips ................. [RUN]
[0m19:56:07.728595 [debug] [Thread-2 (]: Began running node test.covid_pipeline.not_null_mart_vaccination_vs_cases_county_fips.407223a3c6
[0m19:56:07.729422 [debug] [Thread-4 (]: Re-using an available connection from the pool (formerly test.covid_pipeline.not_null_mart_rolling_avg_cases_case_month.6480b6c0cc, now test.covid_pipeline.not_null_mart_rolling_avg_cases_state_fips.8e09741ccb)
[0m19:56:07.730715 [debug] [Thread-4 (]: Began compiling node test.covid_pipeline.not_null_mart_rolling_avg_cases_state_fips.8e09741ccb
[0m19:56:07.730084 [info ] [Thread-2 (]: 14 of 16 START test not_null_mart_vaccination_vs_cases_county_fips ............. [RUN]
[0m19:56:07.736388 [debug] [Thread-4 (]: Writing injected SQL for node "test.covid_pipeline.not_null_mart_rolling_avg_cases_state_fips.8e09741ccb"
[0m19:56:07.737792 [debug] [Thread-2 (]: Re-using an available connection from the pool (formerly test.covid_pipeline.not_null_mart_data_freshness_freshness_status.d73145837c, now test.covid_pipeline.not_null_mart_vaccination_vs_cases_county_fips.407223a3c6)
[0m19:56:07.738791 [debug] [Thread-3 (]: SQL status: SUCCESS 1 in 0.116 seconds
[0m19:56:07.739707 [debug] [Thread-5 (]: Using snowflake connection "test.covid_pipeline.not_null_mart_rolling_avg_cases_rolling_3mo_avg_cases.0af87146df"
[0m19:56:07.740503 [debug] [Thread-2 (]: Began compiling node test.covid_pipeline.not_null_mart_vaccination_vs_cases_county_fips.407223a3c6
[0m19:56:07.744020 [debug] [Thread-5 (]: On test.covid_pipeline.not_null_mart_rolling_avg_cases_rolling_3mo_avg_cases.0af87146df: select
      count(*) as failures,
      count(*) != 0 as should_warn,
      count(*) != 0 as should_error
    from (
      
    
  
    
    



select rolling_3mo_avg_cases
from COVID_DB.MARTS.mart_rolling_avg_cases
where rolling_3mo_avg_cases is null



  
  
      
    ) dbt_internal_test
/* {"app": "dbt", "dbt_version": "1.11.7", "profile_name": "covid_pipeline", "target_name": "dev", "node_id": "test.covid_pipeline.not_null_mart_rolling_avg_cases_rolling_3mo_avg_cases.0af87146df"} */
[0m19:56:07.743282 [info ] [Thread-3 (]: 11 of 16 PASS not_null_mart_rolling_avg_cases_monthly_cases .................... [[32mPASS[0m in 0.14s]
[0m19:56:07.750544 [debug] [Thread-2 (]: Writing injected SQL for node "test.covid_pipeline.not_null_mart_vaccination_vs_cases_county_fips.407223a3c6"
[0m19:56:07.752005 [debug] [Thread-4 (]: Began executing node test.covid_pipeline.not_null_mart_rolling_avg_cases_state_fips.8e09741ccb
[0m19:56:07.753974 [debug] [Thread-3 (]: Finished running node test.covid_pipeline.not_null_mart_rolling_avg_cases_monthly_cases.76aa447b37
[0m19:56:07.758989 [debug] [Thread-4 (]: Writing runtime sql for node "test.covid_pipeline.not_null_mart_rolling_avg_cases_state_fips.8e09741ccb"
[0m19:56:07.760072 [debug] [Thread-3 (]: Began running node test.covid_pipeline.unique_mart_data_freshness_source_table.d8eb64dde4
[0m19:56:07.762580 [debug] [Thread-2 (]: Began executing node test.covid_pipeline.not_null_mart_vaccination_vs_cases_county_fips.407223a3c6
[0m19:56:07.766168 [debug] [Thread-2 (]: Writing runtime sql for node "test.covid_pipeline.not_null_mart_vaccination_vs_cases_county_fips.407223a3c6"
[0m19:56:07.761654 [info ] [Thread-3 (]: 15 of 16 START test unique_mart_data_freshness_source_table .................... [RUN]
[0m19:56:07.767380 [debug] [Thread-3 (]: Re-using an available connection from the pool (formerly test.covid_pipeline.not_null_mart_rolling_avg_cases_monthly_cases.76aa447b37, now test.covid_pipeline.unique_mart_data_freshness_source_table.d8eb64dde4)
[0m19:56:07.768231 [debug] [Thread-3 (]: Began compiling node test.covid_pipeline.unique_mart_data_freshness_source_table.d8eb64dde4
[0m19:56:07.769506 [debug] [Thread-4 (]: Using snowflake connection "test.covid_pipeline.not_null_mart_rolling_avg_cases_state_fips.8e09741ccb"
[0m19:56:07.777227 [debug] [Thread-3 (]: Writing injected SQL for node "test.covid_pipeline.unique_mart_data_freshness_source_table.d8eb64dde4"
[0m19:56:07.778062 [debug] [Thread-4 (]: On test.covid_pipeline.not_null_mart_rolling_avg_cases_state_fips.8e09741ccb: select
      count(*) as failures,
      count(*) != 0 as should_warn,
      count(*) != 0 as should_error
    from (
      
    
  
    
    



select state_fips
from COVID_DB.MARTS.mart_rolling_avg_cases
where state_fips is null



  
  
      
    ) dbt_internal_test
/* {"app": "dbt", "dbt_version": "1.11.7", "profile_name": "covid_pipeline", "target_name": "dev", "node_id": "test.covid_pipeline.not_null_mart_rolling_avg_cases_state_fips.8e09741ccb"} */
[0m19:56:07.779504 [debug] [Thread-2 (]: Using snowflake connection "test.covid_pipeline.not_null_mart_vaccination_vs_cases_county_fips.407223a3c6"
[0m19:56:07.781499 [debug] [Thread-2 (]: On test.covid_pipeline.not_null_mart_vaccination_vs_cases_county_fips.407223a3c6: select
      count(*) as failures,
      count(*) != 0 as should_warn,
      count(*) != 0 as should_error
    from (
      
    
  
    
    



select county_fips
from COVID_DB.MARTS.mart_vaccination_vs_cases
where county_fips is null



  
  
      
    ) dbt_internal_test
/* {"app": "dbt", "dbt_version": "1.11.7", "profile_name": "covid_pipeline", "target_name": "dev", "node_id": "test.covid_pipeline.not_null_mart_vaccination_vs_cases_county_fips.407223a3c6"} */
[0m19:56:07.784349 [debug] [Thread-3 (]: Began executing node test.covid_pipeline.unique_mart_data_freshness_source_table.d8eb64dde4
[0m19:56:07.788069 [debug] [Thread-3 (]: Writing runtime sql for node "test.covid_pipeline.unique_mart_data_freshness_source_table.d8eb64dde4"
[0m19:56:07.789904 [debug] [Thread-3 (]: Using snowflake connection "test.covid_pipeline.unique_mart_data_freshness_source_table.d8eb64dde4"
[0m19:56:07.790511 [debug] [Thread-3 (]: On test.covid_pipeline.unique_mart_data_freshness_source_table.d8eb64dde4: select
      count(*) as failures,
      count(*) != 0 as should_warn,
      count(*) != 0 as should_error
    from (
      
    
  
    
    

select
    source_table as unique_field,
    count(*) as n_records

from COVID_DB.MARTS.mart_data_freshness
where source_table is not null
group by source_table
having count(*) > 1



  
  
      
    ) dbt_internal_test
/* {"app": "dbt", "dbt_version": "1.11.7", "profile_name": "covid_pipeline", "target_name": "dev", "node_id": "test.covid_pipeline.unique_mart_data_freshness_source_table.d8eb64dde4"} */
[0m19:56:07.859558 [debug] [Thread-5 (]: SQL status: SUCCESS 1 in 0.108 seconds
[0m19:56:07.862080 [info ] [Thread-5 (]: 12 of 16 PASS not_null_mart_rolling_avg_cases_rolling_3mo_avg_cases ............ [[32mPASS[0m in 0.16s]
[0m19:56:07.863245 [debug] [Thread-5 (]: Finished running node test.covid_pipeline.not_null_mart_rolling_avg_cases_rolling_3mo_avg_cases.0af87146df
[0m19:56:07.863783 [debug] [Thread-5 (]: Began running node test.covid_pipeline.unique_mart_vaccination_vs_cases_county_fips.114454f6db
[0m19:56:07.864293 [info ] [Thread-5 (]: 16 of 16 START test unique_mart_vaccination_vs_cases_county_fips ............... [RUN]
[0m19:56:07.865122 [debug] [Thread-5 (]: Re-using an available connection from the pool (formerly test.covid_pipeline.not_null_mart_rolling_avg_cases_rolling_3mo_avg_cases.0af87146df, now test.covid_pipeline.unique_mart_vaccination_vs_cases_county_fips.114454f6db)
[0m19:56:07.865644 [debug] [Thread-5 (]: Began compiling node test.covid_pipeline.unique_mart_vaccination_vs_cases_county_fips.114454f6db
[0m19:56:07.870404 [debug] [Thread-5 (]: Writing injected SQL for node "test.covid_pipeline.unique_mart_vaccination_vs_cases_county_fips.114454f6db"
[0m19:56:07.871607 [debug] [Thread-5 (]: Began executing node test.covid_pipeline.unique_mart_vaccination_vs_cases_county_fips.114454f6db
[0m19:56:07.874836 [debug] [Thread-5 (]: Writing runtime sql for node "test.covid_pipeline.unique_mart_vaccination_vs_cases_county_fips.114454f6db"
[0m19:56:07.877613 [debug] [Thread-5 (]: Using snowflake connection "test.covid_pipeline.unique_mart_vaccination_vs_cases_county_fips.114454f6db"
[0m19:56:07.878553 [debug] [Thread-5 (]: On test.covid_pipeline.unique_mart_vaccination_vs_cases_county_fips.114454f6db: select
      count(*) as failures,
      count(*) != 0 as should_warn,
      count(*) != 0 as should_error
    from (
      
    
  
    
    

select
    county_fips as unique_field,
    count(*) as n_records

from COVID_DB.MARTS.mart_vaccination_vs_cases
where county_fips is not null
group by county_fips
having count(*) > 1



  
  
      
    ) dbt_internal_test
/* {"app": "dbt", "dbt_version": "1.11.7", "profile_name": "covid_pipeline", "target_name": "dev", "node_id": "test.covid_pipeline.unique_mart_vaccination_vs_cases_county_fips.114454f6db"} */
[0m19:56:07.923259 [debug] [Thread-3 (]: SQL status: SUCCESS 1 in 0.132 seconds
[0m19:56:07.928386 [debug] [Thread-2 (]: SQL status: SUCCESS 1 in 0.146 seconds
[0m19:56:07.927134 [info ] [Thread-3 (]: 15 of 16 PASS unique_mart_data_freshness_source_table .......................... [[32mPASS[0m in 0.16s]
[0m19:56:07.932523 [debug] [Thread-3 (]: Finished running node test.covid_pipeline.unique_mart_data_freshness_source_table.d8eb64dde4
[0m19:56:07.931646 [info ] [Thread-2 (]: 14 of 16 PASS not_null_mart_vaccination_vs_cases_county_fips ................... [[32mPASS[0m in 0.19s]
[0m19:56:07.933751 [debug] [Thread-2 (]: Finished running node test.covid_pipeline.not_null_mart_vaccination_vs_cases_county_fips.407223a3c6
[0m19:56:07.939674 [debug] [Thread-4 (]: SQL status: SUCCESS 1 in 0.159 seconds
[0m19:56:07.942445 [info ] [Thread-4 (]: 13 of 16 PASS not_null_mart_rolling_avg_cases_state_fips ....................... [[32mPASS[0m in 0.21s]
[0m19:56:07.944186 [debug] [Thread-4 (]: Finished running node test.covid_pipeline.not_null_mart_rolling_avg_cases_state_fips.8e09741ccb
[0m19:56:08.038624 [debug] [Thread-5 (]: SQL status: SUCCESS 1 in 0.159 seconds
[0m19:56:08.040939 [warn ] [Thread-5 (]: 16 of 16 WARN 3211 unique_mart_vaccination_vs_cases_county_fips ................ [[33mWARN 3211[0m in 0.18s]
[0m19:56:08.042178 [debug] [Thread-5 (]: Finished running node test.covid_pipeline.unique_mart_vaccination_vs_cases_county_fips.114454f6db
[0m19:56:08.044163 [debug] [MainThread]: Connection 'master' was properly closed.
[0m19:56:08.044624 [debug] [MainThread]: Connection 'list_COVID_DB_INTERMEDIATE' was left open.
[0m19:56:08.045023 [debug] [MainThread]: On list_COVID_DB_INTERMEDIATE: Close
[0m19:56:08.163217 [debug] [MainThread]: Connection 'list_COVID_DB_STAGING' was left open.
[0m19:56:08.163723 [debug] [MainThread]: On list_COVID_DB_STAGING: Close
[0m19:56:08.294438 [debug] [MainThread]: Connection 'list_COVID_DB_MARTS' was left open.
[0m19:56:08.294919 [debug] [MainThread]: On list_COVID_DB_MARTS: Close
[0m19:56:08.413391 [debug] [MainThread]: Connection 'test.covid_pipeline.not_null_mart_rolling_avg_cases_state_fips.8e09741ccb' was left open.
[0m19:56:08.413858 [debug] [MainThread]: On test.covid_pipeline.not_null_mart_rolling_avg_cases_state_fips.8e09741ccb: Close
[0m19:56:08.521138 [debug] [MainThread]: Connection 'test.covid_pipeline.unique_mart_vaccination_vs_cases_county_fips.114454f6db' was left open.
[0m19:56:08.521611 [debug] [MainThread]: On test.covid_pipeline.unique_mart_vaccination_vs_cases_county_fips.114454f6db: Close
[0m19:56:08.631114 [debug] [MainThread]: Connection 'test.covid_pipeline.unique_mart_data_freshness_source_table.d8eb64dde4' was left open.
[0m19:56:08.631579 [debug] [MainThread]: On test.covid_pipeline.unique_mart_data_freshness_source_table.d8eb64dde4: Close
[0m19:56:08.747324 [debug] [MainThread]: Connection 'test.covid_pipeline.not_null_mart_vaccination_vs_cases_county_fips.407223a3c6' was left open.
[0m19:56:08.748018 [debug] [MainThread]: On test.covid_pipeline.not_null_mart_vaccination_vs_cases_county_fips.407223a3c6: Close
[0m19:56:08.845254 [info ] [MainThread]: 
[0m19:56:08.846024 [info ] [MainThread]: Finished running 16 data tests in 0 hours 0 minutes and 3.96 seconds (3.96s).
[0m19:56:08.849882 [debug] [MainThread]: Command end result
[0m19:56:08.898697 [debug] [MainThread]: Wrote artifact WritableManifest to C:\Users\Admin\workspace\DE_2025\Project3_Covid19_JW\dbt_project\target\manifest.json
[0m19:56:08.901773 [debug] [MainThread]: Wrote artifact SemanticManifest to C:\Users\Admin\workspace\DE_2025\Project3_Covid19_JW\dbt_project\target\semantic_manifest.json
[0m19:56:08.910648 [debug] [MainThread]: Wrote artifact RunExecutionResult to C:\Users\Admin\workspace\DE_2025\Project3_Covid19_JW\dbt_project\target\run_results.json
[0m19:56:08.911202 [info ] [MainThread]: 
[0m19:56:08.911897 [info ] [MainThread]: [33mCompleted with 1 warning:[0m
[0m19:56:08.912560 [info ] [MainThread]: 
[0m19:56:08.913274 [warn ] [MainThread]: [33mWarning in test unique_mart_vaccination_vs_cases_county_fips (models\marts\schema.yml)[0m
[0m19:56:08.913978 [warn ] [MainThread]: Got 3211 results, configured to warn if != 0
[0m19:56:08.914894 [info ] [MainThread]: 
[0m19:56:08.915677 [info ] [MainThread]:   compiled code at target\compiled\covid_pipeline\models\marts\schema.yml\unique_mart_vaccination_vs_cases_county_fips.sql
[0m19:56:08.916649 [info ] [MainThread]: 
[0m19:56:08.917733 [info ] [MainThread]: Done. PASS=15 WARN=1 ERROR=0 SKIP=0 NO-OP=0 TOTAL=16
[0m19:56:08.919937 [debug] [MainThread]: Command `dbt test` succeeded at 19:56:08.919686 after 7.62 seconds
[0m19:56:08.920551 [debug] [MainThread]: Sending event: {'category': 'dbt', 'action': 'invocation', 'label': 'end', 'context': [<snowplow_tracker.self_describing_json.SelfDescribingJson object at 0x000001532A4F0B90>, <snowplow_tracker.self_describing_json.SelfDescribingJson object at 0x0000015340E0F490>, <snowplow_tracker.self_describing_json.SelfDescribingJson object at 0x0000015340E0E6D0>]}
[0m19:56:08.921093 [debug] [MainThread]: Flushing usage events
[0m19:56:09.127882 [debug] [MainThread]: An error was encountered while trying to flush usage events
[0m18:46:24.719626 [debug] [MainThread]: Sending event: {'category': 'dbt', 'action': 'invocation', 'label': 'start', 'context': [<snowplow_tracker.self_describing_json.SelfDescribingJson object at 0x00000285E5CF4C20>, <snowplow_tracker.self_describing_json.SelfDescribingJson object at 0x00000285E3838910>, <snowplow_tracker.self_describing_json.SelfDescribingJson object at 0x00000285E67C8910>]}


============================== 18:46:24.726616 | 4d335fd6-bae6-4b2c-b410-49c744b206e5 ==============================
[0m18:46:24.726616 [info ] [MainThread]: Running with dbt=1.11.7
[0m18:46:24.727727 [debug] [MainThread]: running dbt with arguments {'static_parser': 'True', 'no_print': 'None', 'version_check': 'True', 'target_path': 'None', 'warn_error_options': 'WarnErrorOptionsV2(error=[], warn=[], silence=[])', 'printer_width': '80', 'write_json': 'True', 'introspect': 'True', 'log_cache_events': 'False', 'empty': 'None', 'cache_selected_only': 'False', 'log_format': 'default', 'debug': 'False', 'fail_fast': 'False', 'partial_parse': 'True', 'send_anonymous_usage_stats': 'True', 'quiet': 'False', 'warn_error': 'None', 'profiles_dir': 'C:\\Users\\Admin\\.dbt', 'invocation_command': 'dbt deps', 'use_colors': 'True', 'indirect_selection': 'eager', 'use_experimental_parser': 'False', 'log_path': 'C:\\Users\\Admin\\workspace\\DE_2025\\Project3_Covid19_JW\\dbt_project\\logs'}
[0m18:46:24.994408 [debug] [MainThread]: Sending event: {'category': 'dbt', 'action': 'project_id', 'label': '4d335fd6-bae6-4b2c-b410-49c744b206e5', 'context': [<snowplow_tracker.self_describing_json.SelfDescribingJson object at 0x00000285E613EEA0>]}
[0m18:46:25.198217 [debug] [MainThread]: Set downloads directory='C:\Users\Admin\AppData\Local\Temp\dbt-downloads-717mch8o'
[0m18:46:25.199255 [debug] [MainThread]: Making package index registry request: GET https://hub.getdbt.com/api/v1/index.json
[0m18:46:25.350491 [debug] [MainThread]: Response from registry index: GET https://hub.getdbt.com/api/v1/index.json 200
[0m18:46:25.352602 [debug] [MainThread]: Making package registry request: GET https://hub.getdbt.com/api/v1/dbt-labs/dbt_utils.json
[0m18:46:25.423710 [debug] [MainThread]: Response from registry: GET https://hub.getdbt.com/api/v1/dbt-labs/dbt_utils.json 200
[0m18:46:25.447307 [info ] [MainThread]: Updating lock file in file path: C:\Users\Admin\workspace\DE_2025\Project3_Covid19_JW\dbt_project/package-lock.yml
[0m18:46:25.460288 [debug] [MainThread]: Set downloads directory='C:\Users\Admin\AppData\Local\Temp\dbt-downloads-d4xita3w'
[0m18:46:25.465677 [info ] [MainThread]: Installing dbt-labs/dbt_utils
[0m18:46:26.209587 [info ] [MainThread]: Installed from version 1.3.3
[0m18:46:26.210561 [info ] [MainThread]: Up to date!
[0m18:46:26.211641 [debug] [MainThread]: Sending event: {'category': 'dbt', 'action': 'package', 'label': '4d335fd6-bae6-4b2c-b410-49c744b206e5', 'property_': 'install', 'context': [<snowplow_tracker.self_describing_json.SelfDescribingJson object at 0x00000285E81789E0>, <snowplow_tracker.self_describing_json.SelfDescribingJson object at 0x00000285E817ACF0>]}
[0m18:46:26.215249 [debug] [MainThread]: Command `dbt deps` succeeded at 18:46:26.214923 after 1.67 seconds
[0m18:46:26.216161 [debug] [MainThread]: Sending event: {'category': 'dbt', 'action': 'invocation', 'label': 'end', 'context': [<snowplow_tracker.self_describing_json.SelfDescribingJson object at 0x00000285E8157250>, <snowplow_tracker.self_describing_json.SelfDescribingJson object at 0x00000285E5A16B70>, <snowplow_tracker.self_describing_json.SelfDescribingJson object at 0x00000285E7E572F0>]}
[0m18:46:26.217113 [debug] [MainThread]: Flushing usage events
[0m18:46:26.418589 [debug] [MainThread]: An error was encountered while trying to flush usage events
[0m20:54:57.043586 [debug] [MainThread]: Sending event: {'category': 'dbt', 'action': 'invocation', 'label': 'start', 'context': [<snowplow_tracker.self_describing_json.SelfDescribingJson object at 0x0000029ECC434C20>, <snowplow_tracker.self_describing_json.SelfDescribingJson object at 0x0000029EC9F78910>, <snowplow_tracker.self_describing_json.SelfDescribingJson object at 0x0000029ECCF0C910>]}


============================== 20:54:57.049868 | 55b13e03-0bc7-492e-a154-f860211c7dfd ==============================
[0m20:54:57.049868 [info ] [MainThread]: Running with dbt=1.11.7
[0m20:54:57.050911 [debug] [MainThread]: running dbt with arguments {'version_check': 'True', 'no_print': 'None', 'static_parser': 'True', 'warn_error_options': 'WarnErrorOptionsV2(error=[], warn=[], silence=[])', 'target_path': 'None', 'printer_width': '80', 'write_json': 'True', 'introspect': 'True', 'log_cache_events': 'False', 'empty': 'False', 'cache_selected_only': 'False', 'fail_fast': 'False', 'debug': 'False', 'log_format': 'default', 'profiles_dir': 'C:\\Users\\Admin\\.dbt', 'send_anonymous_usage_stats': 'True', 'quiet': 'False', 'warn_error': 'None', 'partial_parse': 'True', 'use_colors': 'True', 'invocation_command': 'dbt run --select staging', 'indirect_selection': 'eager', 'use_experimental_parser': 'False', 'log_path': 'C:\\Users\\Admin\\workspace\\DE_2025\\Project3_Covid19_JW\\dbt_project\\logs'}
[0m20:54:58.406180 [debug] [MainThread]: Snowflake adapter: Setting snowflake.connector to ERROR (file logging only)
[0m20:54:58.407082 [debug] [MainThread]: Snowflake adapter: Setting botocore to ERROR (file logging only)
[0m20:54:58.407761 [debug] [MainThread]: Snowflake adapter: Setting boto3 to ERROR (file logging only)
[0m20:54:58.719880 [debug] [MainThread]: Sending event: {'category': 'dbt', 'action': 'project_id', 'label': '55b13e03-0bc7-492e-a154-f860211c7dfd', 'context': [<snowplow_tracker.self_describing_json.SelfDescribingJson object at 0x0000029ECC87EEA0>]}
[0m20:54:58.814556 [debug] [MainThread]: Sending event: {'category': 'dbt', 'action': 'adapter_info', 'label': '55b13e03-0bc7-492e-a154-f860211c7dfd', 'context': [<snowplow_tracker.self_describing_json.SelfDescribingJson object at 0x0000029EE1DFD370>]}
[0m20:54:58.816445 [info ] [MainThread]: Registered adapter: snowflake=1.11.3
[0m20:54:59.641683 [debug] [MainThread]: checksum: b80718358155fc17c3559352095564dd56ada1cc1a1c0ef2e62c857e71583775, vars: {}, profile: , target: , version: 1.11.7
[0m20:54:59.803850 [info ] [MainThread]: Unable to do partial parsing because a project dependency has been added
[0m20:54:59.804897 [debug] [MainThread]: Sending event: {'category': 'dbt', 'action': 'partial_parser', 'label': '55b13e03-0bc7-492e-a154-f860211c7dfd', 'context': [<snowplow_tracker.self_describing_json.SelfDescribingJson object at 0x0000029EE239D950>]}
[0m20:55:04.523778 [warn ] [MainThread]: [[33mWARNING[0m][MissingArgumentsPropertyInGenericTestDeprecation]: Deprecated
functionality
Found top-level arguments to test `accepted_values` defined on
'mart_data_freshness' in package 'covid_pipeline' (models\marts\schema.yml).
Arguments to generic tests should be nested under the `arguments` property.
[0m20:55:04.525500 [debug] [MainThread]: Sending event: {'category': 'dbt', 'action': 'deprecation', 'label': '55b13e03-0bc7-492e-a154-f860211c7dfd', 'property_': 'warn', 'context': [<snowplow_tracker.self_describing_json.SelfDescribingJson object at 0x0000029EE22E7B60>]}
[0m20:55:04.887793 [debug] [MainThread]: Sending event: {'category': 'dbt', 'action': 'load_project', 'label': '55b13e03-0bc7-492e-a154-f860211c7dfd', 'context': [<snowplow_tracker.self_describing_json.SelfDescribingJson object at 0x0000029EE259E510>]}
[0m20:55:05.017199 [debug] [MainThread]: Wrote artifact WritableManifest to C:\Users\Admin\workspace\DE_2025\Project3_Covid19_JW\dbt_project\target\manifest.json
[0m20:55:05.036341 [debug] [MainThread]: Wrote artifact SemanticManifest to C:\Users\Admin\workspace\DE_2025\Project3_Covid19_JW\dbt_project\target\semantic_manifest.json
[0m20:55:05.079103 [debug] [MainThread]: Sending event: {'category': 'dbt', 'action': 'resource_counts', 'label': '55b13e03-0bc7-492e-a154-f860211c7dfd', 'context': [<snowplow_tracker.self_describing_json.SelfDescribingJson object at 0x0000029EE22297E0>]}
[0m20:55:05.079764 [info ] [MainThread]: Found 10 models, 16 data tests, 3 sources, 639 macros
[0m20:55:05.080499 [debug] [MainThread]: Sending event: {'category': 'dbt', 'action': 'runnable_timing', 'label': '55b13e03-0bc7-492e-a154-f860211c7dfd', 'context': [<snowplow_tracker.self_describing_json.SelfDescribingJson object at 0x0000029EE2788350>]}
[0m20:55:05.083303 [info ] [MainThread]: 
[0m20:55:05.084206 [info ] [MainThread]: Concurrency: 4 threads (target='dev')
[0m20:55:05.084940 [info ] [MainThread]: 
[0m20:55:05.085858 [debug] [MainThread]: Acquiring new snowflake connection 'master'
[0m20:55:05.091864 [debug] [ThreadPool]: Acquiring new snowflake connection 'list_COVID_DB'
[0m20:55:08.977236 [debug] [ThreadPool]: Using snowflake connection "list_COVID_DB"
[0m20:55:08.977796 [debug] [ThreadPool]: On list_COVID_DB: show terse schemas in database COVID_DB
    limit 10000
/* {"app": "dbt", "dbt_version": "1.11.7", "profile_name": "covid_pipeline", "target_name": "dev", "connection_name": "list_COVID_DB"} */
[0m20:55:08.978229 [debug] [ThreadPool]: Opening a new connection, currently in state init
[0m20:55:10.053682 [debug] [ThreadPool]: SQL status: SUCCESS 6 in 1.075 seconds
[0m20:55:10.057434 [debug] [ThreadPool]: Acquiring new snowflake connection 'list_COVID_DB_STAGING'
[0m20:55:10.164015 [debug] [ThreadPool]: Using snowflake connection "list_COVID_DB_STAGING"
[0m20:55:10.168179 [debug] [ThreadPool]: Acquiring new snowflake connection 'list_COVID_DB_MARTS'
[0m20:55:10.168919 [debug] [ThreadPool]: On list_COVID_DB_STAGING: show objects in COVID_DB.STAGING
    limit 10000
    

/* {"app": "dbt", "dbt_version": "1.11.7", "profile_name": "covid_pipeline", "target_name": "dev", "connection_name": "list_COVID_DB_STAGING"} */;
[0m20:55:10.169585 [debug] [ThreadPool]: Acquiring new snowflake connection 'list_COVID_DB_INTERMEDIATE'
[0m20:55:10.171916 [debug] [ThreadPool]: Using snowflake connection "list_COVID_DB_MARTS"
[0m20:55:10.172616 [debug] [ThreadPool]: Opening a new connection, currently in state init
[0m20:55:10.176375 [debug] [ThreadPool]: Using snowflake connection "list_COVID_DB_INTERMEDIATE"
[0m20:55:10.177142 [debug] [ThreadPool]: On list_COVID_DB_MARTS: show objects in COVID_DB.MARTS
    limit 10000
    

/* {"app": "dbt", "dbt_version": "1.11.7", "profile_name": "covid_pipeline", "target_name": "dev", "connection_name": "list_COVID_DB_MARTS"} */;
[0m20:55:10.177893 [debug] [ThreadPool]: On list_COVID_DB_INTERMEDIATE: show objects in COVID_DB.INTERMEDIATE
    limit 10000
    

/* {"app": "dbt", "dbt_version": "1.11.7", "profile_name": "covid_pipeline", "target_name": "dev", "connection_name": "list_COVID_DB_INTERMEDIATE"} */;
[0m20:55:10.178425 [debug] [ThreadPool]: Opening a new connection, currently in state init
[0m20:55:10.179619 [debug] [ThreadPool]: Opening a new connection, currently in state init
[0m20:55:10.723920 [debug] [ThreadPool]: SQL status: SUCCESS 5 in 0.545 seconds
[0m20:55:11.052880 [debug] [ThreadPool]: SQL status: SUCCESS 2 in 0.873 seconds
[0m20:55:11.114676 [debug] [ThreadPool]: SQL status: SUCCESS 3 in 0.942 seconds
[0m20:55:11.117564 [debug] [MainThread]: Sending event: {'category': 'dbt', 'action': 'runnable_timing', 'label': '55b13e03-0bc7-492e-a154-f860211c7dfd', 'context': [<snowplow_tracker.self_describing_json.SelfDescribingJson object at 0x0000029EE2780050>]}
[0m20:55:11.124037 [debug] [Thread-3 (]: Began running node model.covid_pipeline.stg_population
[0m20:55:11.124673 [debug] [Thread-4 (]: Began running node model.covid_pipeline.stg_vaccinations
[0m20:55:11.125955 [debug] [Thread-2 (]: Began running node model.covid_pipeline.stg_covid_cases
[0m20:55:11.125409 [info ] [Thread-3 (]: 2 of 3 START sql view model STAGING.stg_population ............................. [RUN]
[0m20:55:11.128185 [debug] [Thread-3 (]: Acquiring new snowflake connection 'model.covid_pipeline.stg_population'
[0m20:55:11.128751 [debug] [Thread-3 (]: Began compiling node model.covid_pipeline.stg_population
[0m20:55:11.137112 [debug] [Thread-3 (]: Writing injected SQL for node "model.covid_pipeline.stg_population"
[0m20:55:11.126693 [info ] [Thread-4 (]: 3 of 3 START sql view model STAGING.stg_vaccinations ........................... [RUN]
[0m20:55:11.138201 [debug] [Thread-4 (]: Acquiring new snowflake connection 'model.covid_pipeline.stg_vaccinations'
[0m20:55:11.127537 [info ] [Thread-2 (]: 1 of 3 START sql view model STAGING.stg_covid_cases ............................ [RUN]
[0m20:55:11.139180 [debug] [Thread-4 (]: Began compiling node model.covid_pipeline.stg_vaccinations
[0m20:55:11.140082 [debug] [Thread-2 (]: Acquiring new snowflake connection 'model.covid_pipeline.stg_covid_cases'
[0m20:55:11.144077 [debug] [Thread-4 (]: Writing injected SQL for node "model.covid_pipeline.stg_vaccinations"
[0m20:55:11.145080 [debug] [Thread-2 (]: Began compiling node model.covid_pipeline.stg_covid_cases
[0m20:55:11.145879 [debug] [Thread-3 (]: Began executing node model.covid_pipeline.stg_population
[0m20:55:11.149768 [debug] [Thread-2 (]: Writing injected SQL for node "model.covid_pipeline.stg_covid_cases"
[0m20:55:11.190842 [debug] [Thread-4 (]: Began executing node model.covid_pipeline.stg_vaccinations
[0m20:55:11.195968 [debug] [Thread-3 (]: Writing runtime sql for node "model.covid_pipeline.stg_population"
[0m20:55:11.199038 [debug] [Thread-4 (]: Writing runtime sql for node "model.covid_pipeline.stg_vaccinations"
[0m20:55:11.200160 [debug] [Thread-2 (]: Began executing node model.covid_pipeline.stg_covid_cases
[0m20:55:11.203304 [debug] [Thread-2 (]: Writing runtime sql for node "model.covid_pipeline.stg_covid_cases"
[0m20:55:11.205109 [debug] [Thread-3 (]: Using snowflake connection "model.covid_pipeline.stg_population"
[0m20:55:11.205710 [debug] [Thread-3 (]: On model.covid_pipeline.stg_population: create or replace   view COVID_DB.STAGING.stg_population
  
  
  
  
  as (
    -- Staging: US Census 2023 county population estimates
-- Static dataset — one row per county.

with source as (
    select * from COVID_DB.RAW.raw_population
),

cleaned as (
    select
        lpad(fips, 5, '0')          as county_fips,
        lpad(state, 2, '0')         as state_fips,
        lpad(county, 3, '0')        as county_code,
        trim(name)                   as county_name,
        try_to_number(pop)           as population,

        current_timestamp() as _loaded_at

    from source
    where fips is not null
      and pop is not null
)

select * from cleaned
  )
/* {"app": "dbt", "dbt_version": "1.11.7", "profile_name": "covid_pipeline", "target_name": "dev", "node_id": "model.covid_pipeline.stg_population"} */;
[0m20:55:11.207306 [debug] [Thread-4 (]: Using snowflake connection "model.covid_pipeline.stg_vaccinations"
[0m20:55:11.207838 [debug] [Thread-3 (]: Opening a new connection, currently in state init
[0m20:55:11.208818 [debug] [Thread-4 (]: On model.covid_pipeline.stg_vaccinations: create or replace   view COVID_DB.STAGING.stg_vaccinations
  
  
  
  
  as (
    -- Staging: CDC COVID-19 vaccinations by county
-- Light cleaning only — cast types, normalize FIPS, drop junk rows.

with source as (
    select * from COVID_DB.RAW.raw_vaccinations
),

cleaned as (
    select
        lpad(fips, 5, '0')                    as county_fips,
        nullif(trim(recip_county), '')         as county_name,
        upper(trim(recip_state))               as state_abbrev,
        try_to_date(date)                      as vaccination_date,

        try_to_number(administered_dose1_recip)  as dose1_cumulative,
        try_to_number(series_complete_yes)        as series_complete_cumulative,
        try_to_number(booster_doses)              as booster_cumulative,
        try_to_number(census2019)                 as census2019_pop,

        current_timestamp() as _loaded_at

    from source
    where fips is not null
      and fips not in ('UNK', 'UNKNOWN', '')
      and date is not null
)

select * from cleaned
  )
/* {"app": "dbt", "dbt_version": "1.11.7", "profile_name": "covid_pipeline", "target_name": "dev", "node_id": "model.covid_pipeline.stg_vaccinations"} */;
[0m20:55:11.211422 [debug] [Thread-2 (]: Using snowflake connection "model.covid_pipeline.stg_covid_cases"
[0m20:55:11.211999 [debug] [Thread-4 (]: Opening a new connection, currently in state init
[0m20:55:11.212746 [debug] [Thread-2 (]: On model.covid_pipeline.stg_covid_cases: create or replace   view COVID_DB.STAGING.stg_covid_cases
  
  
  
  
  as (
    -- Staging: CDC COVID-19 cases
-- Light cleaning only — no business logic here.
-- Column names mapped from actual RAW_COVID_CASES schema (verified 2026-03-31).

with source as (
    select * from COVID_DB.RAW.raw_covid_cases
),

cleaned as (
    select
        -- Build a 5-digit FIPS key for joining
        lpad(state_fips_code, 2, '0') || lpad(county_fips_code, 3, '0') as county_fips,
        lpad(state_fips_code, 2, '0')                                    as state_fips,

        -- Normalize month to a proper date (first day of the month)
        try_to_date(case_month, 'YYYY-MM')                               as case_month,

        -- Geographic fields
        nullif(trim(res_state), '')   as res_state,
        nullif(trim(res_county), '')  as res_county,

        -- Demographic fields
        nullif(trim(age_group), '')   as age_group,
        nullif(trim(sex), '')         as sex,
        nullif(trim(race), '')        as race,
        nullif(trim(ethnicity), '')   as ethnicity,

        -- Clinical status fields
        nullif(trim(current_status), '')             as current_status,
        nullif(trim(symptom_status), '')             as symptom_status,
        nullif(trim(hosp_yn), '')                    as hosp_yn,
        nullif(trim(icu_yn), '')                     as icu_yn,
        nullif(trim(death_yn), '')                   as death_yn,
        nullif(trim(underlying_conditions_yn), '')   as underlying_conditions_yn,

        -- Derived binary flags for easier aggregation in intermediate/marts
        case when upper(death_yn) = 'YES' then 1 else 0 end   as is_death,
        case when upper(hosp_yn)  = 'YES' then 1 else 0 end   as is_hospitalized,
        case when upper(icu_yn)   = 'YES' then 1 else 0 end   as is_icu,

        current_timestamp() as _loaded_at

    from source
    where state_fips_code is not null
      and case_month is not null
)

select * from cleaned
  )
/* {"app": "dbt", "dbt_version": "1.11.7", "profile_name": "covid_pipeline", "target_name": "dev", "node_id": "model.covid_pipeline.stg_covid_cases"} */;
[0m20:55:11.213710 [debug] [Thread-2 (]: Opening a new connection, currently in state init
[0m20:55:11.965579 [debug] [Thread-4 (]: SQL status: SUCCESS 1 in 0.754 seconds
[0m20:55:12.001958 [debug] [Thread-3 (]: SQL status: SUCCESS 1 in 0.794 seconds
[0m20:55:12.005047 [debug] [Thread-4 (]: Sending event: {'category': 'dbt', 'action': 'run_model', 'label': '55b13e03-0bc7-492e-a154-f860211c7dfd', 'context': [<snowplow_tracker.self_describing_json.SelfDescribingJson object at 0x0000029EE24AA030>]}
[0m20:55:12.005585 [debug] [Thread-3 (]: Sending event: {'category': 'dbt', 'action': 'run_model', 'label': '55b13e03-0bc7-492e-a154-f860211c7dfd', 'context': [<snowplow_tracker.self_describing_json.SelfDescribingJson object at 0x0000029EE3DDD640>]}
[0m20:55:12.006448 [info ] [Thread-4 (]: 3 of 3 OK created sql view model STAGING.stg_vaccinations ...................... [[32mSUCCESS 1[0m in 0.86s]
[0m20:55:12.008179 [debug] [Thread-4 (]: Finished running node model.covid_pipeline.stg_vaccinations
[0m20:55:12.007203 [info ] [Thread-3 (]: 2 of 3 OK created sql view model STAGING.stg_population ........................ [[32mSUCCESS 1[0m in 0.88s]
[0m20:55:12.009635 [debug] [Thread-3 (]: Finished running node model.covid_pipeline.stg_population
[0m20:55:12.652331 [debug] [Thread-2 (]: SQL status: SUCCESS 1 in 1.439 seconds
[0m20:55:12.655080 [debug] [Thread-2 (]: Sending event: {'category': 'dbt', 'action': 'run_model', 'label': '55b13e03-0bc7-492e-a154-f860211c7dfd', 'context': [<snowplow_tracker.self_describing_json.SelfDescribingJson object at 0x0000029EE3DAB930>]}
[0m20:55:12.655951 [info ] [Thread-2 (]: 1 of 3 OK created sql view model STAGING.stg_covid_cases ....................... [[32mSUCCESS 1[0m in 1.52s]
[0m20:55:12.657075 [debug] [Thread-2 (]: Finished running node model.covid_pipeline.stg_covid_cases
[0m20:55:12.659069 [debug] [MainThread]: Connection 'master' was properly closed.
[0m20:55:12.659640 [debug] [MainThread]: Connection 'list_COVID_DB' was left open.
[0m20:55:12.660134 [debug] [MainThread]: On list_COVID_DB: Close
[0m20:55:12.769927 [debug] [MainThread]: Connection 'list_COVID_DB_STAGING' was left open.
[0m20:55:12.770470 [debug] [MainThread]: On list_COVID_DB_STAGING: Close
[0m20:55:12.877664 [debug] [MainThread]: Connection 'list_COVID_DB_MARTS' was left open.
[0m20:55:12.878192 [debug] [MainThread]: On list_COVID_DB_MARTS: Close
[0m20:55:12.995405 [debug] [MainThread]: Connection 'list_COVID_DB_INTERMEDIATE' was left open.
[0m20:55:12.995891 [debug] [MainThread]: On list_COVID_DB_INTERMEDIATE: Close
[0m20:55:13.104953 [debug] [MainThread]: Connection 'model.covid_pipeline.stg_population' was left open.
[0m20:55:13.105453 [debug] [MainThread]: On model.covid_pipeline.stg_population: Close
[0m20:55:13.228572 [debug] [MainThread]: Connection 'model.covid_pipeline.stg_vaccinations' was left open.
[0m20:55:13.229079 [debug] [MainThread]: On model.covid_pipeline.stg_vaccinations: Close
[0m20:55:13.343408 [debug] [MainThread]: Connection 'model.covid_pipeline.stg_covid_cases' was left open.
[0m20:55:13.343934 [debug] [MainThread]: On model.covid_pipeline.stg_covid_cases: Close
[0m20:55:13.460529 [info ] [MainThread]: 
[0m20:55:13.461287 [info ] [MainThread]: Finished running 3 view models in 0 hours 0 minutes and 8.37 seconds (8.37s).
[0m20:55:13.462733 [debug] [MainThread]: Command end result
[0m20:55:13.500710 [debug] [MainThread]: Wrote artifact WritableManifest to C:\Users\Admin\workspace\DE_2025\Project3_Covid19_JW\dbt_project\target\manifest.json
[0m20:55:13.504240 [debug] [MainThread]: Wrote artifact SemanticManifest to C:\Users\Admin\workspace\DE_2025\Project3_Covid19_JW\dbt_project\target\semantic_manifest.json
[0m20:55:13.513684 [debug] [MainThread]: Wrote artifact RunExecutionResult to C:\Users\Admin\workspace\DE_2025\Project3_Covid19_JW\dbt_project\target\run_results.json
[0m20:55:13.514411 [info ] [MainThread]: 
[0m20:55:13.515290 [info ] [MainThread]: [32mCompleted successfully[0m
[0m20:55:13.516015 [info ] [MainThread]: 
[0m20:55:13.516828 [info ] [MainThread]: Done. PASS=3 WARN=0 ERROR=0 SKIP=0 NO-OP=0 TOTAL=3
[0m20:55:13.517891 [warn ] [MainThread]: [[33mWARNING[0m][DeprecationsSummary]: Deprecated functionality
Summary of encountered deprecations:
- MissingArgumentsPropertyInGenericTestDeprecation: 1 occurrence
To see all deprecation instances instead of just the first occurrence of each,
run command again with the `--show-all-deprecations` flag. You may also need to
run with `--no-partial-parse` as some deprecations are only encountered during
parsing.
[0m20:55:13.519698 [debug] [MainThread]: Command `dbt run` succeeded at 20:55:13.519542 after 16.65 seconds
[0m20:55:13.520179 [debug] [MainThread]: Sending event: {'category': 'dbt', 'action': 'invocation', 'label': 'end', 'context': [<snowplow_tracker.self_describing_json.SelfDescribingJson object at 0x0000029ECC782210>, <snowplow_tracker.self_describing_json.SelfDescribingJson object at 0x0000029EE3DBA7B0>, <snowplow_tracker.self_describing_json.SelfDescribingJson object at 0x0000029EE3DBAE70>]}
[0m20:55:13.520646 [debug] [MainThread]: Flushing usage events
[0m20:55:13.721212 [debug] [MainThread]: An error was encountered while trying to flush usage events
[0m20:55:18.436574 [debug] [MainThread]: Sending event: {'category': 'dbt', 'action': 'invocation', 'label': 'start', 'context': [<snowplow_tracker.self_describing_json.SelfDescribingJson object at 0x000001896EBD4C20>, <snowplow_tracker.self_describing_json.SelfDescribingJson object at 0x000001896C708910>, <snowplow_tracker.self_describing_json.SelfDescribingJson object at 0x000001896F6AC910>]}


============================== 20:55:18.442954 | af98c3d8-855e-4de7-bd56-e92735888d0b ==============================
[0m20:55:18.442954 [info ] [MainThread]: Running with dbt=1.11.7
[0m20:55:18.444615 [debug] [MainThread]: running dbt with arguments {'static_parser': 'True', 'no_print': 'None', 'version_check': 'True', 'warn_error_options': 'WarnErrorOptionsV2(error=[], warn=[], silence=[])', 'target_path': 'None', 'printer_width': '80', 'write_json': 'True', 'empty': 'False', 'log_cache_events': 'False', 'introspect': 'True', 'cache_selected_only': 'False', 'log_format': 'default', 'debug': 'False', 'fail_fast': 'False', 'profiles_dir': 'C:\\Users\\Admin\\.dbt', 'send_anonymous_usage_stats': 'True', 'quiet': 'False', 'warn_error': 'None', 'partial_parse': 'True', 'use_colors': 'True', 'invocation_command': 'dbt run --select intermediate', 'indirect_selection': 'eager', 'use_experimental_parser': 'False', 'log_path': 'C:\\Users\\Admin\\workspace\\DE_2025\\Project3_Covid19_JW\\dbt_project\\logs'}
[0m20:55:19.805650 [debug] [MainThread]: Snowflake adapter: Setting snowflake.connector to ERROR (file logging only)
[0m20:55:19.806285 [debug] [MainThread]: Snowflake adapter: Setting botocore to ERROR (file logging only)
[0m20:55:19.806758 [debug] [MainThread]: Snowflake adapter: Setting boto3 to ERROR (file logging only)
[0m20:55:20.127649 [debug] [MainThread]: Sending event: {'category': 'dbt', 'action': 'project_id', 'label': 'af98c3d8-855e-4de7-bd56-e92735888d0b', 'context': [<snowplow_tracker.self_describing_json.SelfDescribingJson object at 0x000001896F01EEA0>]}
[0m20:55:20.224830 [debug] [MainThread]: Sending event: {'category': 'dbt', 'action': 'adapter_info', 'label': 'af98c3d8-855e-4de7-bd56-e92735888d0b', 'context': [<snowplow_tracker.self_describing_json.SelfDescribingJson object at 0x00000189046BD370>]}
[0m20:55:20.227055 [info ] [MainThread]: Registered adapter: snowflake=1.11.3
[0m20:55:20.846706 [debug] [MainThread]: checksum: b80718358155fc17c3559352095564dd56ada1cc1a1c0ef2e62c857e71583775, vars: {}, profile: , target: , version: 1.11.7
[0m20:55:21.107981 [debug] [MainThread]: Partial parsing enabled: 0 files deleted, 0 files added, 0 files changed.
[0m20:55:21.108506 [debug] [MainThread]: Nothing changed, skipping partial parsing.
[0m20:55:21.108889 [debug] [MainThread]: Partial parsing enabled, no changes found, skipping parsing
[0m20:55:21.174803 [debug] [MainThread]: Sending event: {'category': 'dbt', 'action': 'load_project', 'label': 'af98c3d8-855e-4de7-bd56-e92735888d0b', 'context': [<snowplow_tracker.self_describing_json.SelfDescribingJson object at 0x00000189046CDA50>]}
[0m20:55:21.303889 [debug] [MainThread]: Wrote artifact WritableManifest to C:\Users\Admin\workspace\DE_2025\Project3_Covid19_JW\dbt_project\target\manifest.json
[0m20:55:21.307650 [debug] [MainThread]: Wrote artifact SemanticManifest to C:\Users\Admin\workspace\DE_2025\Project3_Covid19_JW\dbt_project\target\semantic_manifest.json
[0m20:55:21.348598 [debug] [MainThread]: Sending event: {'category': 'dbt', 'action': 'resource_counts', 'label': 'af98c3d8-855e-4de7-bd56-e92735888d0b', 'context': [<snowplow_tracker.self_describing_json.SelfDescribingJson object at 0x000001896E73D8B0>]}
[0m20:55:21.349244 [info ] [MainThread]: Found 10 models, 16 data tests, 3 sources, 639 macros
[0m20:55:21.350032 [debug] [MainThread]: Sending event: {'category': 'dbt', 'action': 'runnable_timing', 'label': 'af98c3d8-855e-4de7-bd56-e92735888d0b', 'context': [<snowplow_tracker.self_describing_json.SelfDescribingJson object at 0x0000018904760C90>]}
[0m20:55:21.352536 [info ] [MainThread]: 
[0m20:55:21.353431 [info ] [MainThread]: Concurrency: 4 threads (target='dev')
[0m20:55:21.354583 [info ] [MainThread]: 
[0m20:55:21.356704 [debug] [MainThread]: Acquiring new snowflake connection 'master'
[0m20:55:21.363790 [debug] [ThreadPool]: Acquiring new snowflake connection 'list_COVID_DB'
[0m20:55:21.492581 [debug] [ThreadPool]: Using snowflake connection "list_COVID_DB"
[0m20:55:21.493465 [debug] [ThreadPool]: On list_COVID_DB: show terse schemas in database COVID_DB
    limit 10000
/* {"app": "dbt", "dbt_version": "1.11.7", "profile_name": "covid_pipeline", "target_name": "dev", "connection_name": "list_COVID_DB"} */
[0m20:55:21.494060 [debug] [ThreadPool]: Opening a new connection, currently in state init
[0m20:55:22.367691 [debug] [ThreadPool]: SQL status: SUCCESS 6 in 0.874 seconds
[0m20:55:22.371184 [debug] [ThreadPool]: Acquiring new snowflake connection 'list_COVID_DB_MARTS'
[0m20:55:22.385587 [debug] [ThreadPool]: Using snowflake connection "list_COVID_DB_MARTS"
[0m20:55:22.386245 [debug] [ThreadPool]: On list_COVID_DB_MARTS: show objects in COVID_DB.MARTS
    limit 10000
    

/* {"app": "dbt", "dbt_version": "1.11.7", "profile_name": "covid_pipeline", "target_name": "dev", "connection_name": "list_COVID_DB_MARTS"} */;
[0m20:55:22.386640 [debug] [ThreadPool]: Opening a new connection, currently in state init
[0m20:55:22.387370 [debug] [ThreadPool]: Acquiring new snowflake connection 'list_COVID_DB_INTERMEDIATE'
[0m20:55:22.390861 [debug] [ThreadPool]: Using snowflake connection "list_COVID_DB_INTERMEDIATE"
[0m20:55:22.391619 [debug] [ThreadPool]: On list_COVID_DB_INTERMEDIATE: show objects in COVID_DB.INTERMEDIATE
    limit 10000
    

/* {"app": "dbt", "dbt_version": "1.11.7", "profile_name": "covid_pipeline", "target_name": "dev", "connection_name": "list_COVID_DB_INTERMEDIATE"} */;
[0m20:55:22.392167 [debug] [ThreadPool]: Acquiring new snowflake connection 'list_COVID_DB_STAGING'
[0m20:55:22.392561 [debug] [ThreadPool]: Opening a new connection, currently in state init
[0m20:55:22.395552 [debug] [ThreadPool]: Using snowflake connection "list_COVID_DB_STAGING"
[0m20:55:22.396891 [debug] [ThreadPool]: On list_COVID_DB_STAGING: show objects in COVID_DB.STAGING
    limit 10000
    

/* {"app": "dbt", "dbt_version": "1.11.7", "profile_name": "covid_pipeline", "target_name": "dev", "connection_name": "list_COVID_DB_STAGING"} */;
[0m20:55:22.397282 [debug] [ThreadPool]: Opening a new connection, currently in state init
[0m20:55:23.045205 [debug] [ThreadPool]: SQL status: SUCCESS 3 in 0.648 seconds
[0m20:55:23.058965 [debug] [ThreadPool]: SQL status: SUCCESS 2 in 0.666 seconds
[0m20:55:23.073054 [debug] [ThreadPool]: SQL status: SUCCESS 5 in 0.686 seconds
[0m20:55:23.077228 [debug] [MainThread]: Sending event: {'category': 'dbt', 'action': 'runnable_timing', 'label': 'af98c3d8-855e-4de7-bd56-e92735888d0b', 'context': [<snowplow_tracker.self_describing_json.SelfDescribingJson object at 0x00000189052E3D40>]}
[0m20:55:23.083658 [debug] [Thread-3 (]: Began running node model.covid_pipeline.int_vaccinations_with_population
[0m20:55:23.084476 [debug] [Thread-2 (]: Began running node model.covid_pipeline.int_cases_with_population
[0m20:55:23.085280 [info ] [Thread-3 (]: 2 of 2 START sql view model INTERMEDIATE.int_vaccinations_with_population ...... [RUN]
[0m20:55:23.086785 [debug] [Thread-3 (]: Acquiring new snowflake connection 'model.covid_pipeline.int_vaccinations_with_population'
[0m20:55:23.087310 [debug] [Thread-3 (]: Began compiling node model.covid_pipeline.int_vaccinations_with_population
[0m20:55:23.097469 [debug] [Thread-3 (]: Writing injected SQL for node "model.covid_pipeline.int_vaccinations_with_population"
[0m20:55:23.085938 [info ] [Thread-2 (]: 1 of 2 START sql view model INTERMEDIATE.int_cases_with_population ............. [RUN]
[0m20:55:23.098548 [debug] [Thread-2 (]: Acquiring new snowflake connection 'model.covid_pipeline.int_cases_with_population'
[0m20:55:23.099201 [debug] [Thread-2 (]: Began compiling node model.covid_pipeline.int_cases_with_population
[0m20:55:23.103323 [debug] [Thread-2 (]: Writing injected SQL for node "model.covid_pipeline.int_cases_with_population"
[0m20:55:23.104561 [debug] [Thread-3 (]: Began executing node model.covid_pipeline.int_vaccinations_with_population
[0m20:55:23.153130 [debug] [Thread-3 (]: Writing runtime sql for node "model.covid_pipeline.int_vaccinations_with_population"
[0m20:55:23.154120 [debug] [Thread-2 (]: Began executing node model.covid_pipeline.int_cases_with_population
[0m20:55:23.157878 [debug] [Thread-2 (]: Writing runtime sql for node "model.covid_pipeline.int_cases_with_population"
[0m20:55:23.161161 [debug] [Thread-3 (]: Using snowflake connection "model.covid_pipeline.int_vaccinations_with_population"
[0m20:55:23.161926 [debug] [Thread-3 (]: On model.covid_pipeline.int_vaccinations_with_population: create or replace   view COVID_DB.INTERMEDIATE.int_vaccinations_with_population
  
  
  
  
  as (
    -- Intermediate: CDC vaccinations enriched with Census population
-- Takes the latest vaccination snapshot per county (max date),
-- joins population for coverage rate calculations.
-- Used by: mart_vaccination_vs_cases

with vaccinations as (
    select
        county_fips,
        state_abbrev,
        county_name,
        vaccination_date,
        dose1_cumulative,
        series_complete_cumulative,
        booster_cumulative,
        census2019_pop,
        -- Rank to get the most recent snapshot per county
        row_number() over (
            partition by county_fips
            order by vaccination_date desc
        ) as rn
    from COVID_DB.STAGING.stg_vaccinations
),

latest as (
    select * from vaccinations where rn = 1
),

population as (
    select county_fips, population
    from COVID_DB.STAGING.stg_population
),

joined as (
    select
        v.county_fips,
        v.state_abbrev,
        v.county_name,
        v.vaccination_date                as latest_vaccination_date,
        v.dose1_cumulative,
        v.series_complete_cumulative,
        v.booster_cumulative,
        coalesce(p.population, v.census2019_pop) as population,

        -- Coverage rates (cap at 100% to handle reporting artifacts)
        least(
            round(v.series_complete_cumulative * 100.0 / nullif(coalesce(p.population, v.census2019_pop), 0), 2),
            100
        ) as pct_series_complete,

        least(
            round(v.booster_cumulative * 100.0 / nullif(coalesce(p.population, v.census2019_pop), 0), 2),
            100
        ) as pct_boosted

    from latest v
    left join population p on v.county_fips = p.county_fips
)

select * from joined
  )
/* {"app": "dbt", "dbt_version": "1.11.7", "profile_name": "covid_pipeline", "target_name": "dev", "node_id": "model.covid_pipeline.int_vaccinations_with_population"} */;
[0m20:55:23.162975 [debug] [Thread-3 (]: Opening a new connection, currently in state init
[0m20:55:23.165184 [debug] [Thread-2 (]: Using snowflake connection "model.covid_pipeline.int_cases_with_population"
[0m20:55:23.165872 [debug] [Thread-2 (]: On model.covid_pipeline.int_cases_with_population: create or replace   view COVID_DB.INTERMEDIATE.int_cases_with_population
  
  
  
  
  as (
    -- Intermediate: CDC cases enriched with Census population
-- Aggregates case counts to monthly county level, then joins population.
-- Used by: mart_cases_per_100k, mart_case_fatality_rate, mart_rolling_avg_cases

with cases as (
    select
        county_fips,
        state_fips,
        case_month,
        count(*)        as total_cases,
        sum(is_death)   as total_deaths,
        sum(is_hospitalized) as total_hospitalizations
    from COVID_DB.STAGING.stg_covid_cases
    group by 1, 2, 3
),

population as (
    select
        county_fips,
        county_name,
        population
    from COVID_DB.STAGING.stg_population
),

joined as (
    select
        c.county_fips,
        c.state_fips,
        c.case_month,
        c.total_cases,
        c.total_deaths,
        c.total_hospitalizations,
        p.county_name,
        p.population
    from cases c
    left join population p
        on c.county_fips = p.county_fips
)

select * from joined
  )
/* {"app": "dbt", "dbt_version": "1.11.7", "profile_name": "covid_pipeline", "target_name": "dev", "node_id": "model.covid_pipeline.int_cases_with_population"} */;
[0m20:55:23.166414 [debug] [Thread-2 (]: Opening a new connection, currently in state init
[0m20:55:24.040240 [debug] [Thread-3 (]: SQL status: SUCCESS 1 in 0.877 seconds
[0m20:55:24.069309 [debug] [Thread-2 (]: SQL status: SUCCESS 1 in 0.903 seconds
[0m20:55:24.072295 [debug] [Thread-3 (]: Sending event: {'category': 'dbt', 'action': 'run_model', 'label': 'af98c3d8-855e-4de7-bd56-e92735888d0b', 'context': [<snowplow_tracker.self_describing_json.SelfDescribingJson object at 0x00000189051ECDD0>]}
[0m20:55:24.073507 [debug] [Thread-2 (]: Sending event: {'category': 'dbt', 'action': 'run_model', 'label': 'af98c3d8-855e-4de7-bd56-e92735888d0b', 'context': [<snowplow_tracker.self_describing_json.SelfDescribingJson object at 0x000001890527BCD0>]}
[0m20:55:24.073051 [info ] [Thread-3 (]: 2 of 2 OK created sql view model INTERMEDIATE.int_vaccinations_with_population . [[32mSUCCESS 1[0m in 0.98s]
[0m20:55:24.075246 [debug] [Thread-3 (]: Finished running node model.covid_pipeline.int_vaccinations_with_population
[0m20:55:24.074525 [info ] [Thread-2 (]: 1 of 2 OK created sql view model INTERMEDIATE.int_cases_with_population ........ [[32mSUCCESS 1[0m in 0.97s]
[0m20:55:24.076472 [debug] [Thread-2 (]: Finished running node model.covid_pipeline.int_cases_with_population
[0m20:55:24.078532 [debug] [MainThread]: Connection 'master' was properly closed.
[0m20:55:24.078970 [debug] [MainThread]: Connection 'list_COVID_DB' was left open.
[0m20:55:24.079654 [debug] [MainThread]: On list_COVID_DB: Close
[0m20:55:24.196821 [debug] [MainThread]: Connection 'list_COVID_DB_MARTS' was left open.
[0m20:55:24.197327 [debug] [MainThread]: On list_COVID_DB_MARTS: Close
[0m20:55:24.316806 [debug] [MainThread]: Connection 'list_COVID_DB_INTERMEDIATE' was left open.
[0m20:55:24.317300 [debug] [MainThread]: On list_COVID_DB_INTERMEDIATE: Close
[0m20:55:24.415672 [debug] [MainThread]: Connection 'list_COVID_DB_STAGING' was left open.
[0m20:55:24.416166 [debug] [MainThread]: On list_COVID_DB_STAGING: Close
[0m20:55:24.534283 [debug] [MainThread]: Connection 'model.covid_pipeline.int_vaccinations_with_population' was left open.
[0m20:55:24.534796 [debug] [MainThread]: On model.covid_pipeline.int_vaccinations_with_population: Close
[0m20:55:24.631904 [debug] [MainThread]: Connection 'model.covid_pipeline.int_cases_with_population' was left open.
[0m20:55:24.632382 [debug] [MainThread]: On model.covid_pipeline.int_cases_with_population: Close
[0m20:55:24.732150 [info ] [MainThread]: 
[0m20:55:24.732937 [info ] [MainThread]: Finished running 2 view models in 0 hours 0 minutes and 3.38 seconds (3.38s).
[0m20:55:24.734390 [debug] [MainThread]: Command end result
[0m20:55:24.779717 [debug] [MainThread]: Wrote artifact WritableManifest to C:\Users\Admin\workspace\DE_2025\Project3_Covid19_JW\dbt_project\target\manifest.json
[0m20:55:24.784232 [debug] [MainThread]: Wrote artifact SemanticManifest to C:\Users\Admin\workspace\DE_2025\Project3_Covid19_JW\dbt_project\target\semantic_manifest.json
[0m20:55:24.795086 [debug] [MainThread]: Wrote artifact RunExecutionResult to C:\Users\Admin\workspace\DE_2025\Project3_Covid19_JW\dbt_project\target\run_results.json
[0m20:55:24.795776 [info ] [MainThread]: 
[0m20:55:24.796628 [info ] [MainThread]: [32mCompleted successfully[0m
[0m20:55:24.797523 [info ] [MainThread]: 
[0m20:55:24.798433 [info ] [MainThread]: Done. PASS=2 WARN=0 ERROR=0 SKIP=0 NO-OP=0 TOTAL=2
[0m20:55:24.799891 [debug] [MainThread]: Command `dbt run` succeeded at 20:55:24.799735 after 6.55 seconds
[0m20:55:24.800378 [debug] [MainThread]: Sending event: {'category': 'dbt', 'action': 'invocation', 'label': 'end', 'context': [<snowplow_tracker.self_describing_json.SelfDescribingJson object at 0x0000018970D5D8B0>, <snowplow_tracker.self_describing_json.SelfDescribingJson object at 0x000001890528A720>, <snowplow_tracker.self_describing_json.SelfDescribingJson object at 0x0000018904C1BCD0>]}
[0m20:55:24.800824 [debug] [MainThread]: Flushing usage events
[0m20:55:24.977614 [debug] [MainThread]: An error was encountered while trying to flush usage events
[0m20:55:28.969270 [debug] [MainThread]: Sending event: {'category': 'dbt', 'action': 'invocation', 'label': 'start', 'context': [<snowplow_tracker.self_describing_json.SelfDescribingJson object at 0x00000217B6A64C20>, <snowplow_tracker.self_describing_json.SelfDescribingJson object at 0x00000217B45A8910>, <snowplow_tracker.self_describing_json.SelfDescribingJson object at 0x00000217B753C910>]}


============================== 20:55:28.976310 | 2d7b4645-cc03-4ad4-a4bd-d6991cbfdb88 ==============================
[0m20:55:28.976310 [info ] [MainThread]: Running with dbt=1.11.7
[0m20:55:28.977955 [debug] [MainThread]: running dbt with arguments {'version_check': 'True', 'no_print': 'None', 'static_parser': 'True', 'target_path': 'None', 'warn_error_options': 'WarnErrorOptionsV2(error=[], warn=[], silence=[])', 'printer_width': '80', 'write_json': 'True', 'introspect': 'True', 'log_cache_events': 'False', 'empty': 'False', 'cache_selected_only': 'False', 'log_format': 'default', 'debug': 'False', 'fail_fast': 'False', 'partial_parse': 'True', 'send_anonymous_usage_stats': 'True', 'quiet': 'False', 'warn_error': 'None', 'profiles_dir': 'C:\\Users\\Admin\\.dbt', 'use_colors': 'True', 'invocation_command': 'dbt run --select marts', 'indirect_selection': 'eager', 'use_experimental_parser': 'False', 'log_path': 'C:\\Users\\Admin\\workspace\\DE_2025\\Project3_Covid19_JW\\dbt_project\\logs'}
[0m20:55:30.351853 [debug] [MainThread]: Snowflake adapter: Setting snowflake.connector to ERROR (file logging only)
[0m20:55:30.352487 [debug] [MainThread]: Snowflake adapter: Setting botocore to ERROR (file logging only)
[0m20:55:30.352968 [debug] [MainThread]: Snowflake adapter: Setting boto3 to ERROR (file logging only)
[0m20:55:30.666479 [debug] [MainThread]: Sending event: {'category': 'dbt', 'action': 'project_id', 'label': '2d7b4645-cc03-4ad4-a4bd-d6991cbfdb88', 'context': [<snowplow_tracker.self_describing_json.SelfDescribingJson object at 0x00000217B6EAEEA0>]}
[0m20:55:30.765596 [debug] [MainThread]: Sending event: {'category': 'dbt', 'action': 'adapter_info', 'label': '2d7b4645-cc03-4ad4-a4bd-d6991cbfdb88', 'context': [<snowplow_tracker.self_describing_json.SelfDescribingJson object at 0x00000217CC42D370>]}
[0m20:55:30.767404 [info ] [MainThread]: Registered adapter: snowflake=1.11.3
[0m20:55:31.400876 [debug] [MainThread]: checksum: b80718358155fc17c3559352095564dd56ada1cc1a1c0ef2e62c857e71583775, vars: {}, profile: , target: , version: 1.11.7
[0m20:55:31.683003 [debug] [MainThread]: Partial parsing enabled: 0 files deleted, 0 files added, 0 files changed.
[0m20:55:31.683665 [debug] [MainThread]: Nothing changed, skipping partial parsing.
[0m20:55:31.684111 [debug] [MainThread]: Partial parsing enabled, no changes found, skipping parsing
[0m20:55:31.751110 [debug] [MainThread]: Sending event: {'category': 'dbt', 'action': 'load_project', 'label': '2d7b4645-cc03-4ad4-a4bd-d6991cbfdb88', 'context': [<snowplow_tracker.self_describing_json.SelfDescribingJson object at 0x00000217CC43DA50>]}
[0m20:55:31.887735 [debug] [MainThread]: Wrote artifact WritableManifest to C:\Users\Admin\workspace\DE_2025\Project3_Covid19_JW\dbt_project\target\manifest.json
[0m20:55:31.892544 [debug] [MainThread]: Wrote artifact SemanticManifest to C:\Users\Admin\workspace\DE_2025\Project3_Covid19_JW\dbt_project\target\semantic_manifest.json
[0m20:55:31.938674 [debug] [MainThread]: Sending event: {'category': 'dbt', 'action': 'resource_counts', 'label': '2d7b4645-cc03-4ad4-a4bd-d6991cbfdb88', 'context': [<snowplow_tracker.self_describing_json.SelfDescribingJson object at 0x00000217B65DD8B0>]}
[0m20:55:31.939627 [info ] [MainThread]: Found 10 models, 16 data tests, 3 sources, 639 macros
[0m20:55:31.940589 [debug] [MainThread]: Sending event: {'category': 'dbt', 'action': 'runnable_timing', 'label': '2d7b4645-cc03-4ad4-a4bd-d6991cbfdb88', 'context': [<snowplow_tracker.self_describing_json.SelfDescribingJson object at 0x00000217CC4D0C90>]}
[0m20:55:31.943314 [info ] [MainThread]: 
[0m20:55:31.944433 [info ] [MainThread]: Concurrency: 4 threads (target='dev')
[0m20:55:31.945383 [info ] [MainThread]: 
[0m20:55:31.946480 [debug] [MainThread]: Acquiring new snowflake connection 'master'
[0m20:55:31.953959 [debug] [ThreadPool]: Acquiring new snowflake connection 'list_COVID_DB'
[0m20:55:32.104727 [debug] [ThreadPool]: Using snowflake connection "list_COVID_DB"
[0m20:55:32.105603 [debug] [ThreadPool]: On list_COVID_DB: show terse schemas in database COVID_DB
    limit 10000
/* {"app": "dbt", "dbt_version": "1.11.7", "profile_name": "covid_pipeline", "target_name": "dev", "connection_name": "list_COVID_DB"} */
[0m20:55:32.106314 [debug] [ThreadPool]: Opening a new connection, currently in state init
[0m20:55:32.696314 [debug] [ThreadPool]: SQL status: SUCCESS 6 in 0.590 seconds
[0m20:55:32.700149 [debug] [ThreadPool]: Acquiring new snowflake connection 'list_COVID_DB_INTERMEDIATE'
[0m20:55:32.713616 [debug] [ThreadPool]: Acquiring new snowflake connection 'list_COVID_DB_MARTS'
[0m20:55:32.717050 [debug] [ThreadPool]: Using snowflake connection "list_COVID_DB_INTERMEDIATE"
[0m20:55:32.719408 [debug] [ThreadPool]: Using snowflake connection "list_COVID_DB_MARTS"
[0m20:55:32.719998 [debug] [ThreadPool]: Acquiring new snowflake connection 'list_COVID_DB_STAGING'
[0m20:55:32.720595 [debug] [ThreadPool]: On list_COVID_DB_INTERMEDIATE: show objects in COVID_DB.INTERMEDIATE
    limit 10000
    

/* {"app": "dbt", "dbt_version": "1.11.7", "profile_name": "covid_pipeline", "target_name": "dev", "connection_name": "list_COVID_DB_INTERMEDIATE"} */;
[0m20:55:32.721078 [debug] [ThreadPool]: On list_COVID_DB_MARTS: show objects in COVID_DB.MARTS
    limit 10000
    

/* {"app": "dbt", "dbt_version": "1.11.7", "profile_name": "covid_pipeline", "target_name": "dev", "connection_name": "list_COVID_DB_MARTS"} */;
[0m20:55:32.723631 [debug] [ThreadPool]: Using snowflake connection "list_COVID_DB_STAGING"
[0m20:55:32.724299 [debug] [ThreadPool]: Opening a new connection, currently in state init
[0m20:55:32.724791 [debug] [ThreadPool]: Opening a new connection, currently in state init
[0m20:55:32.725286 [debug] [ThreadPool]: On list_COVID_DB_STAGING: show objects in COVID_DB.STAGING
    limit 10000
    

/* {"app": "dbt", "dbt_version": "1.11.7", "profile_name": "covid_pipeline", "target_name": "dev", "connection_name": "list_COVID_DB_STAGING"} */;
[0m20:55:32.727406 [debug] [ThreadPool]: Opening a new connection, currently in state init
[0m20:55:33.188754 [debug] [ThreadPool]: SQL status: SUCCESS 5 in 0.464 seconds
[0m20:55:33.618290 [debug] [ThreadPool]: SQL status: SUCCESS 3 in 0.891 seconds
[0m20:55:33.663786 [debug] [ThreadPool]: SQL status: SUCCESS 2 in 0.939 seconds
[0m20:55:33.667159 [debug] [MainThread]: Sending event: {'category': 'dbt', 'action': 'runnable_timing', 'label': '2d7b4645-cc03-4ad4-a4bd-d6991cbfdb88', 'context': [<snowplow_tracker.self_describing_json.SelfDescribingJson object at 0x00000217CD053EE0>]}
[0m20:55:33.672993 [debug] [Thread-3 (]: Began running node model.covid_pipeline.mart_cases_per_100k
[0m20:55:33.673682 [debug] [Thread-4 (]: Began running node model.covid_pipeline.mart_data_freshness
[0m20:55:33.674375 [debug] [Thread-2 (]: Began running node model.covid_pipeline.mart_case_fatality_rate
[0m20:55:33.674883 [debug] [Thread-5 (]: Began running node model.covid_pipeline.mart_rolling_avg_cases
[0m20:55:33.675558 [info ] [Thread-3 (]: 2 of 5 START sql table model MARTS.mart_cases_per_100k ......................... [RUN]
[0m20:55:33.678325 [debug] [Thread-3 (]: Acquiring new snowflake connection 'model.covid_pipeline.mart_cases_per_100k'
[0m20:55:33.676170 [info ] [Thread-4 (]: 3 of 5 START sql table model MARTS.mart_data_freshness ......................... [RUN]
[0m20:55:33.679054 [debug] [Thread-3 (]: Began compiling node model.covid_pipeline.mart_cases_per_100k
[0m20:55:33.679721 [debug] [Thread-4 (]: Acquiring new snowflake connection 'model.covid_pipeline.mart_data_freshness'
[0m20:55:33.688236 [debug] [Thread-3 (]: Writing injected SQL for node "model.covid_pipeline.mart_cases_per_100k"
[0m20:55:33.676714 [info ] [Thread-2 (]: 1 of 5 START sql table model MARTS.mart_case_fatality_rate ..................... [RUN]
[0m20:55:33.689020 [debug] [Thread-4 (]: Began compiling node model.covid_pipeline.mart_data_freshness
[0m20:55:33.677491 [info ] [Thread-5 (]: 4 of 5 START sql table model MARTS.mart_rolling_avg_cases ...................... [RUN]
[0m20:55:33.690144 [debug] [Thread-2 (]: Acquiring new snowflake connection 'model.covid_pipeline.mart_case_fatality_rate'
[0m20:55:33.694986 [debug] [Thread-4 (]: Writing injected SQL for node "model.covid_pipeline.mart_data_freshness"
[0m20:55:33.695787 [debug] [Thread-5 (]: Acquiring new snowflake connection 'model.covid_pipeline.mart_rolling_avg_cases'
[0m20:55:33.696399 [debug] [Thread-2 (]: Began compiling node model.covid_pipeline.mart_case_fatality_rate
[0m20:55:33.697449 [debug] [Thread-5 (]: Began compiling node model.covid_pipeline.mart_rolling_avg_cases
[0m20:55:33.698232 [debug] [Thread-3 (]: Began executing node model.covid_pipeline.mart_cases_per_100k
[0m20:55:33.703192 [debug] [Thread-2 (]: Writing injected SQL for node "model.covid_pipeline.mart_case_fatality_rate"
[0m20:55:33.706772 [debug] [Thread-5 (]: Writing injected SQL for node "model.covid_pipeline.mart_rolling_avg_cases"
[0m20:55:33.713381 [debug] [Thread-4 (]: Began executing node model.covid_pipeline.mart_data_freshness
[0m20:55:33.753433 [debug] [Thread-3 (]: Writing runtime sql for node "model.covid_pipeline.mart_cases_per_100k"
[0m20:55:33.758600 [debug] [Thread-4 (]: Writing runtime sql for node "model.covid_pipeline.mart_data_freshness"
[0m20:55:33.760232 [debug] [Thread-2 (]: Began executing node model.covid_pipeline.mart_case_fatality_rate
[0m20:55:33.767251 [debug] [Thread-2 (]: Writing runtime sql for node "model.covid_pipeline.mart_case_fatality_rate"
[0m20:55:33.768565 [debug] [Thread-3 (]: Using snowflake connection "model.covid_pipeline.mart_cases_per_100k"
[0m20:55:33.769103 [debug] [Thread-5 (]: Began executing node model.covid_pipeline.mart_rolling_avg_cases
[0m20:55:33.769948 [debug] [Thread-3 (]: On model.covid_pipeline.mart_cases_per_100k: create or replace transient table COVID_DB.MARTS.mart_cases_per_100k
    
    
    
    as (-- Mart: Cases per 100k population by county and month
-- Normalizes case counts for fair comparison across counties of different sizes.

select
    county_fips,
    county_name,
    state_fips,
    case_month,
    total_cases,
    population,
    round(
        total_cases * 100000.0 / nullif(population, 0),
        2
    ) as cases_per_100k
from COVID_DB.INTERMEDIATE.int_cases_with_population
where population is not null
order by state_fips, county_fips, case_month
    )

/* {"app": "dbt", "dbt_version": "1.11.7", "profile_name": "covid_pipeline", "target_name": "dev", "node_id": "model.covid_pipeline.mart_cases_per_100k"} */;
[0m20:55:33.774342 [debug] [Thread-5 (]: Writing runtime sql for node "model.covid_pipeline.mart_rolling_avg_cases"
[0m20:55:33.775146 [debug] [Thread-3 (]: Opening a new connection, currently in state init
[0m20:55:33.779406 [debug] [Thread-4 (]: Using snowflake connection "model.covid_pipeline.mart_data_freshness"
[0m20:55:33.781585 [debug] [Thread-2 (]: Using snowflake connection "model.covid_pipeline.mart_case_fatality_rate"
[0m20:55:33.782723 [debug] [Thread-4 (]: On model.covid_pipeline.mart_data_freshness: create or replace transient table COVID_DB.MARTS.mart_data_freshness
    
    
    
    as (-- Mart: Data freshness report by source
-- Shows when each source was last loaded by reading _loaded_at from staging views.
-- Staging models add current_timestamp() as _loaded_at on every dbt run.

with freshness as (
    select
        'raw_covid_cases'    as source_table,
        'CDC SODA n8mc-b4w4' as source_name,
        max(_loaded_at)      as last_loaded_at
    from COVID_DB.STAGING.stg_covid_cases

    union all

    select
        'raw_vaccinations'   as source_table,
        'CDC SODA 8xkx-amqh' as source_name,
        max(_loaded_at)      as last_loaded_at
    from COVID_DB.STAGING.stg_vaccinations

    union all

    select
        'raw_population'     as source_table,
        'US Census PEP 2023' as source_name,
        max(_loaded_at)      as last_loaded_at
    from COVID_DB.STAGING.stg_population
)

select
    source_table,
    source_name,
    last_loaded_at,
    datediff('hour', last_loaded_at, current_timestamp())  as hours_since_load,
    case
        when datediff('day', last_loaded_at, current_timestamp()) <= 1  then 'Fresh'
        when datediff('day', last_loaded_at, current_timestamp()) <= 7  then 'Recent'
        when datediff('day', last_loaded_at, current_timestamp()) <= 30 then 'Stale'
        else 'Very Stale'
    end as freshness_status

from freshness
order by source_table
    )

/* {"app": "dbt", "dbt_version": "1.11.7", "profile_name": "covid_pipeline", "target_name": "dev", "node_id": "model.covid_pipeline.mart_data_freshness"} */;
[0m20:55:33.783692 [debug] [Thread-2 (]: On model.covid_pipeline.mart_case_fatality_rate: create or replace transient table COVID_DB.MARTS.mart_case_fatality_rate
    
    
    
    as (-- Mart: Case fatality rate (CFR) by state and month
-- CFR = deaths / confirmed_cases × 100
-- Highlights regional healthcare capacity differences over time.

with base as (
    select
        state_fips,
        case_month,
        sum(total_cases)  as total_cases,
        sum(total_deaths) as total_deaths
    from COVID_DB.INTERMEDIATE.int_cases_with_population
    group by 1, 2
)

select
    state_fips,
    case_month,
    total_cases,
    total_deaths,
    round(
        total_deaths * 100.0 / nullif(total_cases, 0),
        4
    ) as case_fatality_rate_pct
from base
order by state_fips, case_month
    )

/* {"app": "dbt", "dbt_version": "1.11.7", "profile_name": "covid_pipeline", "target_name": "dev", "node_id": "model.covid_pipeline.mart_case_fatality_rate"} */;
[0m20:55:33.784854 [debug] [Thread-4 (]: Opening a new connection, currently in state init
[0m20:55:33.786801 [debug] [Thread-5 (]: Using snowflake connection "model.covid_pipeline.mart_rolling_avg_cases"
[0m20:55:33.788194 [debug] [Thread-2 (]: Opening a new connection, currently in state init
[0m20:55:33.789385 [debug] [Thread-5 (]: On model.covid_pipeline.mart_rolling_avg_cases: create or replace transient table COVID_DB.MARTS.mart_rolling_avg_cases
    
    
    
    as (-- Mart: 7-day rolling average of new cases (approximated at monthly granularity)
-- Note: CDC cases data is monthly. We compute a 3-month rolling average as a
-- reasonable proxy — document this in the dashboard.

with monthly as (
    select
        state_fips,
        case_month,
        sum(total_cases) as monthly_cases
    from COVID_DB.INTERMEDIATE.int_cases_with_population
    group by 1, 2
),

rolling as (
    select
        state_fips,
        case_month,
        monthly_cases,
        avg(monthly_cases) over (
            partition by state_fips
            order by case_month
            rows between 2 preceding and current row
        ) as rolling_3mo_avg_cases
    from monthly
)

select * from rolling
order by state_fips, case_month
    )

/* {"app": "dbt", "dbt_version": "1.11.7", "profile_name": "covid_pipeline", "target_name": "dev", "node_id": "model.covid_pipeline.mart_rolling_avg_cases"} */;
[0m20:55:33.791327 [debug] [Thread-5 (]: Opening a new connection, currently in state init
[0m20:55:35.676814 [debug] [Thread-5 (]: SQL status: SUCCESS 78 in 1.886 seconds
[0m20:55:35.702961 [debug] [Thread-2 (]: SQL status: SUCCESS 78 in 1.915 seconds
[0m20:55:35.706223 [debug] [Thread-5 (]: Sending event: {'category': 'dbt', 'action': 'run_model', 'label': '2d7b4645-cc03-4ad4-a4bd-d6991cbfdb88', 'context': [<snowplow_tracker.self_describing_json.SelfDescribingJson object at 0x00000217CCF5F950>]}
[0m20:55:35.707384 [debug] [Thread-2 (]: Sending event: {'category': 'dbt', 'action': 'run_model', 'label': '2d7b4645-cc03-4ad4-a4bd-d6991cbfdb88', 'context': [<snowplow_tracker.self_describing_json.SelfDescribingJson object at 0x00000217CE2303C0>]}
[0m20:55:35.707005 [info ] [Thread-5 (]: 4 of 5 OK created sql table model MARTS.mart_rolling_avg_cases ................. [[32mSUCCESS 78[0m in 2.01s]
[0m20:55:35.708803 [debug] [Thread-5 (]: Finished running node model.covid_pipeline.mart_rolling_avg_cases
[0m20:55:35.709291 [debug] [Thread-5 (]: Began running node model.covid_pipeline.mart_vaccination_vs_cases
[0m20:55:35.708045 [info ] [Thread-2 (]: 1 of 5 OK created sql table model MARTS.mart_case_fatality_rate ................ [[32mSUCCESS 78[0m in 2.02s]
[0m20:55:35.711675 [debug] [Thread-2 (]: Finished running node model.covid_pipeline.mart_case_fatality_rate
[0m20:55:35.712725 [debug] [Thread-3 (]: SQL status: SUCCESS 24 in 1.938 seconds
[0m20:55:35.709803 [info ] [Thread-5 (]: 5 of 5 START sql table model MARTS.mart_vaccination_vs_cases ................... [RUN]
[0m20:55:35.715417 [debug] [Thread-3 (]: Sending event: {'category': 'dbt', 'action': 'run_model', 'label': '2d7b4645-cc03-4ad4-a4bd-d6991cbfdb88', 'context': [<snowplow_tracker.self_describing_json.SelfDescribingJson object at 0x00000217CE13EB70>]}
[0m20:55:35.716007 [debug] [Thread-5 (]: Re-using an available connection from the pool (formerly model.covid_pipeline.mart_rolling_avg_cases, now model.covid_pipeline.mart_vaccination_vs_cases)
[0m20:55:35.717247 [debug] [Thread-5 (]: Began compiling node model.covid_pipeline.mart_vaccination_vs_cases
[0m20:55:35.716771 [info ] [Thread-3 (]: 2 of 5 OK created sql table model MARTS.mart_cases_per_100k .................... [[32mSUCCESS 24[0m in 2.04s]
[0m20:55:35.721490 [debug] [Thread-5 (]: Writing injected SQL for node "model.covid_pipeline.mart_vaccination_vs_cases"
[0m20:55:35.722635 [debug] [Thread-3 (]: Finished running node model.covid_pipeline.mart_cases_per_100k
[0m20:55:35.724370 [debug] [Thread-5 (]: Began executing node model.covid_pipeline.mart_vaccination_vs_cases
[0m20:55:35.727631 [debug] [Thread-5 (]: Writing runtime sql for node "model.covid_pipeline.mart_vaccination_vs_cases"
[0m20:55:35.729706 [debug] [Thread-5 (]: Using snowflake connection "model.covid_pipeline.mart_vaccination_vs_cases"
[0m20:55:35.730287 [debug] [Thread-5 (]: On model.covid_pipeline.mart_vaccination_vs_cases: create or replace transient table COVID_DB.MARTS.mart_vaccination_vs_cases
    
    
    
    as (-- Mart: Vaccination coverage vs case rate by county
-- Joins the latest vaccination snapshot with cumulative case counts.
-- Enables correlation analysis: do more-vaccinated counties show fewer cases?

with cases_cumulative as (
    select
        county_fips,
        sum(total_cases)  as total_cases,
        sum(total_deaths) as total_deaths,
        max(population)   as population
    from COVID_DB.INTERMEDIATE.int_cases_with_population
    group by 1
),

vaccinations as (
    select * from COVID_DB.INTERMEDIATE.int_vaccinations_with_population
)

select
    v.county_fips,
    v.state_abbrev,
    v.county_name,
    v.latest_vaccination_date,
    v.pct_series_complete,
    v.pct_boosted,
    c.total_cases,
    c.total_deaths,
    c.population,
    round(
        c.total_cases * 100000.0 / nullif(c.population, 0),
        2
    ) as cumulative_cases_per_100k

from vaccinations v
left join cases_cumulative c on v.county_fips = c.county_fips
order by v.state_abbrev, v.county_fips
    )

/* {"app": "dbt", "dbt_version": "1.11.7", "profile_name": "covid_pipeline", "target_name": "dev", "node_id": "model.covid_pipeline.mart_vaccination_vs_cases"} */;
[0m20:55:36.211165 [debug] [Thread-4 (]: SQL status: SUCCESS 3 in 2.426 seconds
[0m20:55:36.217955 [debug] [Thread-4 (]: Sending event: {'category': 'dbt', 'action': 'run_model', 'label': '2d7b4645-cc03-4ad4-a4bd-d6991cbfdb88', 'context': [<snowplow_tracker.self_describing_json.SelfDescribingJson object at 0x00000217CE1C4850>]}
[0m20:55:36.218663 [info ] [Thread-4 (]: 3 of 5 OK created sql table model MARTS.mart_data_freshness .................... [[32mSUCCESS 3[0m in 2.54s]
[0m20:55:36.219832 [debug] [Thread-4 (]: Finished running node model.covid_pipeline.mart_data_freshness
[0m20:55:37.131000 [debug] [Thread-5 (]: SQL status: SUCCESS 6435 in 1.400 seconds
[0m20:55:37.133099 [debug] [Thread-5 (]: Sending event: {'category': 'dbt', 'action': 'run_model', 'label': '2d7b4645-cc03-4ad4-a4bd-d6991cbfdb88', 'context': [<snowplow_tracker.self_describing_json.SelfDescribingJson object at 0x00000217CE263540>]}
[0m20:55:37.133863 [info ] [Thread-5 (]: 5 of 5 OK created sql table model MARTS.mart_vaccination_vs_cases .............. [[32mSUCCESS 6435[0m in 1.42s]
[0m20:55:37.134933 [debug] [Thread-5 (]: Finished running node model.covid_pipeline.mart_vaccination_vs_cases
[0m20:55:37.136599 [debug] [MainThread]: Connection 'master' was properly closed.
[0m20:55:37.136998 [debug] [MainThread]: Connection 'list_COVID_DB' was left open.
[0m20:55:37.137354 [debug] [MainThread]: On list_COVID_DB: Close
[0m20:55:37.247703 [debug] [MainThread]: Connection 'list_COVID_DB_INTERMEDIATE' was left open.
[0m20:55:37.248188 [debug] [MainThread]: On list_COVID_DB_INTERMEDIATE: Close
[0m20:55:37.360715 [debug] [MainThread]: Connection 'list_COVID_DB_MARTS' was left open.
[0m20:55:37.361313 [debug] [MainThread]: On list_COVID_DB_MARTS: Close
[0m20:55:37.470941 [debug] [MainThread]: Connection 'list_COVID_DB_STAGING' was left open.
[0m20:55:37.471584 [debug] [MainThread]: On list_COVID_DB_STAGING: Close
[0m20:55:37.588999 [debug] [MainThread]: Connection 'model.covid_pipeline.mart_cases_per_100k' was left open.
[0m20:55:37.589463 [debug] [MainThread]: On model.covid_pipeline.mart_cases_per_100k: Close
[0m20:55:37.698485 [debug] [MainThread]: Connection 'model.covid_pipeline.mart_data_freshness' was left open.
[0m20:55:37.698960 [debug] [MainThread]: On model.covid_pipeline.mart_data_freshness: Close
[0m20:55:37.795410 [debug] [MainThread]: Connection 'model.covid_pipeline.mart_case_fatality_rate' was left open.
[0m20:55:37.795896 [debug] [MainThread]: On model.covid_pipeline.mart_case_fatality_rate: Close
[0m20:55:37.917130 [debug] [MainThread]: Connection 'model.covid_pipeline.mart_vaccination_vs_cases' was left open.
[0m20:55:37.917603 [debug] [MainThread]: On model.covid_pipeline.mart_vaccination_vs_cases: Close
[0m20:55:38.036423 [info ] [MainThread]: 
[0m20:55:38.037152 [info ] [MainThread]: Finished running 5 table models in 0 hours 0 minutes and 6.09 seconds (6.09s).
[0m20:55:38.038958 [debug] [MainThread]: Command end result
[0m20:55:38.082482 [debug] [MainThread]: Wrote artifact WritableManifest to C:\Users\Admin\workspace\DE_2025\Project3_Covid19_JW\dbt_project\target\manifest.json
[0m20:55:38.086009 [debug] [MainThread]: Wrote artifact SemanticManifest to C:\Users\Admin\workspace\DE_2025\Project3_Covid19_JW\dbt_project\target\semantic_manifest.json
[0m20:55:38.093965 [debug] [MainThread]: Wrote artifact RunExecutionResult to C:\Users\Admin\workspace\DE_2025\Project3_Covid19_JW\dbt_project\target\run_results.json
[0m20:55:38.095390 [info ] [MainThread]: 
[0m20:55:38.096638 [info ] [MainThread]: [32mCompleted successfully[0m
[0m20:55:38.097691 [info ] [MainThread]: 
[0m20:55:38.098509 [info ] [MainThread]: Done. PASS=5 WARN=0 ERROR=0 SKIP=0 NO-OP=0 TOTAL=5
[0m20:55:38.100178 [debug] [MainThread]: Command `dbt run` succeeded at 20:55:38.099977 after 9.29 seconds
[0m20:55:38.100705 [debug] [MainThread]: Sending event: {'category': 'dbt', 'action': 'invocation', 'label': 'end', 'context': [<snowplow_tracker.self_describing_json.SelfDescribingJson object at 0x00000217CC59E7B0>, <snowplow_tracker.self_describing_json.SelfDescribingJson object at 0x00000217B6E66F90>, <snowplow_tracker.self_describing_json.SelfDescribingJson object at 0x00000217CE101190>]}
[0m20:55:38.101208 [debug] [MainThread]: Flushing usage events
[0m20:55:38.252813 [debug] [MainThread]: An error was encountered while trying to flush usage events
[0m20:55:42.272316 [debug] [MainThread]: Sending event: {'category': 'dbt', 'action': 'invocation', 'label': 'start', 'context': [<snowplow_tracker.self_describing_json.SelfDescribingJson object at 0x0000018052954C20>, <snowplow_tracker.self_describing_json.SelfDescribingJson object at 0x0000018050498910>, <snowplow_tracker.self_describing_json.SelfDescribingJson object at 0x000001805342C910>]}


============================== 20:55:42.278631 | ba71654a-6b28-4355-871d-a69029201821 ==============================
[0m20:55:42.278631 [info ] [MainThread]: Running with dbt=1.11.7
[0m20:55:42.279995 [debug] [MainThread]: running dbt with arguments {'version_check': 'True', 'no_print': 'None', 'static_parser': 'True', 'warn_error_options': 'WarnErrorOptionsV2(error=[], warn=[], silence=[])', 'target_path': 'None', 'printer_width': '80', 'write_json': 'True', 'empty': 'None', 'log_cache_events': 'False', 'introspect': 'True', 'cache_selected_only': 'False', 'fail_fast': 'False', 'debug': 'False', 'log_format': 'default', 'partial_parse': 'True', 'send_anonymous_usage_stats': 'True', 'quiet': 'False', 'warn_error': 'None', 'profiles_dir': 'C:\\Users\\Admin\\.dbt', 'use_colors': 'True', 'indirect_selection': 'eager', 'invocation_command': 'dbt test', 'use_experimental_parser': 'False', 'log_path': 'C:\\Users\\Admin\\workspace\\DE_2025\\Project3_Covid19_JW\\dbt_project\\logs'}
[0m20:55:43.723082 [debug] [MainThread]: Snowflake adapter: Setting snowflake.connector to ERROR (file logging only)
[0m20:55:43.723784 [debug] [MainThread]: Snowflake adapter: Setting botocore to ERROR (file logging only)
[0m20:55:43.724348 [debug] [MainThread]: Snowflake adapter: Setting boto3 to ERROR (file logging only)
[0m20:55:44.228011 [debug] [MainThread]: Sending event: {'category': 'dbt', 'action': 'project_id', 'label': 'ba71654a-6b28-4355-871d-a69029201821', 'context': [<snowplow_tracker.self_describing_json.SelfDescribingJson object at 0x0000018052D9EEA0>]}
[0m20:55:44.344301 [debug] [MainThread]: Sending event: {'category': 'dbt', 'action': 'adapter_info', 'label': 'ba71654a-6b28-4355-871d-a69029201821', 'context': [<snowplow_tracker.self_describing_json.SelfDescribingJson object at 0x000001806838D370>]}
[0m20:55:44.346567 [info ] [MainThread]: Registered adapter: snowflake=1.11.3
[0m20:55:45.138422 [debug] [MainThread]: checksum: b80718358155fc17c3559352095564dd56ada1cc1a1c0ef2e62c857e71583775, vars: {}, profile: , target: , version: 1.11.7
[0m20:55:45.383995 [debug] [MainThread]: Partial parsing enabled: 0 files deleted, 0 files added, 0 files changed.
[0m20:55:45.384542 [debug] [MainThread]: Nothing changed, skipping partial parsing.
[0m20:55:45.385009 [debug] [MainThread]: Partial parsing enabled, no changes found, skipping parsing
[0m20:55:45.452266 [debug] [MainThread]: Sending event: {'category': 'dbt', 'action': 'load_project', 'label': 'ba71654a-6b28-4355-871d-a69029201821', 'context': [<snowplow_tracker.self_describing_json.SelfDescribingJson object at 0x000001806839DA50>]}
[0m20:55:45.586374 [debug] [MainThread]: Wrote artifact WritableManifest to C:\Users\Admin\workspace\DE_2025\Project3_Covid19_JW\dbt_project\target\manifest.json
[0m20:55:45.589821 [debug] [MainThread]: Wrote artifact SemanticManifest to C:\Users\Admin\workspace\DE_2025\Project3_Covid19_JW\dbt_project\target\semantic_manifest.json
[0m20:55:45.659878 [debug] [MainThread]: Sending event: {'category': 'dbt', 'action': 'resource_counts', 'label': 'ba71654a-6b28-4355-871d-a69029201821', 'context': [<snowplow_tracker.self_describing_json.SelfDescribingJson object at 0x0000018068ABD040>]}
[0m20:55:45.660746 [info ] [MainThread]: Found 10 models, 16 data tests, 3 sources, 639 macros
[0m20:55:45.662551 [debug] [MainThread]: Sending event: {'category': 'dbt', 'action': 'runnable_timing', 'label': 'ba71654a-6b28-4355-871d-a69029201821', 'context': [<snowplow_tracker.self_describing_json.SelfDescribingJson object at 0x0000018068AEEC10>]}
[0m20:55:45.668167 [info ] [MainThread]: 
[0m20:55:45.669738 [info ] [MainThread]: Concurrency: 4 threads (target='dev')
[0m20:55:45.670778 [info ] [MainThread]: 
[0m20:55:45.672019 [debug] [MainThread]: Acquiring new snowflake connection 'master'
[0m20:55:45.683023 [debug] [ThreadPool]: Acquiring new snowflake connection 'list_COVID_DB_MARTS'
[0m20:55:45.702278 [debug] [ThreadPool]: Acquiring new snowflake connection 'list_COVID_DB_INTERMEDIATE'
[0m20:55:45.720776 [debug] [ThreadPool]: Acquiring new snowflake connection 'list_COVID_DB_STAGING'
[0m20:55:45.822774 [debug] [ThreadPool]: Using snowflake connection "list_COVID_DB_MARTS"
[0m20:55:45.823783 [debug] [ThreadPool]: Using snowflake connection "list_COVID_DB_INTERMEDIATE"
[0m20:55:45.824788 [debug] [ThreadPool]: Using snowflake connection "list_COVID_DB_STAGING"
[0m20:55:45.825344 [debug] [ThreadPool]: On list_COVID_DB_MARTS: show objects in COVID_DB.MARTS
    limit 10000
    

/* {"app": "dbt", "dbt_version": "1.11.7", "profile_name": "covid_pipeline", "target_name": "dev", "connection_name": "list_COVID_DB_MARTS"} */;
[0m20:55:45.825892 [debug] [ThreadPool]: On list_COVID_DB_INTERMEDIATE: show objects in COVID_DB.INTERMEDIATE
    limit 10000
    

/* {"app": "dbt", "dbt_version": "1.11.7", "profile_name": "covid_pipeline", "target_name": "dev", "connection_name": "list_COVID_DB_INTERMEDIATE"} */;
[0m20:55:45.826393 [debug] [ThreadPool]: On list_COVID_DB_STAGING: show objects in COVID_DB.STAGING
    limit 10000
    

/* {"app": "dbt", "dbt_version": "1.11.7", "profile_name": "covid_pipeline", "target_name": "dev", "connection_name": "list_COVID_DB_STAGING"} */;
[0m20:55:45.826921 [debug] [ThreadPool]: Opening a new connection, currently in state init
[0m20:55:45.827403 [debug] [ThreadPool]: Opening a new connection, currently in state init
[0m20:55:45.827867 [debug] [ThreadPool]: Opening a new connection, currently in state init
[0m20:55:46.718467 [debug] [ThreadPool]: SQL status: SUCCESS 5 in 0.892 seconds
[0m20:55:46.728008 [debug] [ThreadPool]: SQL status: SUCCESS 2 in 0.901 seconds
[0m20:55:46.745053 [debug] [ThreadPool]: SQL status: SUCCESS 3 in 0.917 seconds
[0m20:55:46.749272 [debug] [MainThread]: Sending event: {'category': 'dbt', 'action': 'runnable_timing', 'label': 'ba71654a-6b28-4355-871d-a69029201821', 'context': [<snowplow_tracker.self_describing_json.SelfDescribingJson object at 0x0000018068AFB860>]}
[0m20:55:46.755249 [debug] [Thread-4 (]: Began running node test.covid_pipeline.not_null_mart_case_fatality_rate_case_month.9ed9496d51
[0m20:55:46.755811 [debug] [Thread-2 (]: Began running node test.covid_pipeline.accepted_values_mart_data_freshness_freshness_status__Fresh__Recent__Stale__Very_Stale.a93cf2ba0c
[0m20:55:46.756319 [debug] [Thread-3 (]: Began running node test.covid_pipeline.not_null_mart_case_fatality_rate_case_fatality_rate_pct.a4f0405f94
[0m20:55:46.757286 [debug] [Thread-5 (]: Began running node test.covid_pipeline.not_null_mart_case_fatality_rate_state_fips.ff74c298a6
[0m20:55:46.756846 [info ] [Thread-4 (]: 3 of 16 START test not_null_mart_case_fatality_rate_case_month ................. [RUN]
[0m20:55:46.758071 [info ] [Thread-2 (]: 1 of 16 START test accepted_values_mart_data_freshness_freshness_status__Fresh__Recent__Stale__Very_Stale  [RUN]
[0m20:55:46.759777 [debug] [Thread-4 (]: Acquiring new snowflake connection 'test.covid_pipeline.not_null_mart_case_fatality_rate_case_month.9ed9496d51'
[0m20:55:46.760424 [debug] [Thread-2 (]: Acquiring new snowflake connection 'test.covid_pipeline.accepted_values_mart_data_freshness_freshness_status__Fresh__Recent__Stale__Very_Stale.a93cf2ba0c'
[0m20:55:46.758530 [info ] [Thread-3 (]: 2 of 16 START test not_null_mart_case_fatality_rate_case_fatality_rate_pct ..... [RUN]
[0m20:55:46.761148 [debug] [Thread-4 (]: Began compiling node test.covid_pipeline.not_null_mart_case_fatality_rate_case_month.9ed9496d51
[0m20:55:46.759131 [info ] [Thread-5 (]: 4 of 16 START test not_null_mart_case_fatality_rate_state_fips ................. [RUN]
[0m20:55:46.761885 [debug] [Thread-2 (]: Began compiling node test.covid_pipeline.accepted_values_mart_data_freshness_freshness_status__Fresh__Recent__Stale__Very_Stale.a93cf2ba0c
[0m20:55:46.762949 [debug] [Thread-3 (]: Acquiring new snowflake connection 'test.covid_pipeline.not_null_mart_case_fatality_rate_case_fatality_rate_pct.a4f0405f94'
[0m20:55:46.783258 [debug] [Thread-4 (]: Writing injected SQL for node "test.covid_pipeline.not_null_mart_case_fatality_rate_case_month.9ed9496d51"
[0m20:55:46.784252 [debug] [Thread-5 (]: Acquiring new snowflake connection 'test.covid_pipeline.not_null_mart_case_fatality_rate_state_fips.ff74c298a6'
[0m20:55:46.798371 [debug] [Thread-2 (]: Writing injected SQL for node "test.covid_pipeline.accepted_values_mart_data_freshness_freshness_status__Fresh__Recent__Stale__Very_Stale.a93cf2ba0c"
[0m20:55:46.799169 [debug] [Thread-3 (]: Began compiling node test.covid_pipeline.not_null_mart_case_fatality_rate_case_fatality_rate_pct.a4f0405f94
[0m20:55:46.800247 [debug] [Thread-5 (]: Began compiling node test.covid_pipeline.not_null_mart_case_fatality_rate_state_fips.ff74c298a6
[0m20:55:46.808808 [debug] [Thread-3 (]: Writing injected SQL for node "test.covid_pipeline.not_null_mart_case_fatality_rate_case_fatality_rate_pct.a4f0405f94"
[0m20:55:46.809725 [debug] [Thread-4 (]: Began executing node test.covid_pipeline.not_null_mart_case_fatality_rate_case_month.9ed9496d51
[0m20:55:46.815405 [debug] [Thread-5 (]: Writing injected SQL for node "test.covid_pipeline.not_null_mart_case_fatality_rate_state_fips.ff74c298a6"
[0m20:55:46.824410 [debug] [Thread-2 (]: Began executing node test.covid_pipeline.accepted_values_mart_data_freshness_freshness_status__Fresh__Recent__Stale__Very_Stale.a93cf2ba0c
[0m20:55:46.847122 [debug] [Thread-4 (]: Writing runtime sql for node "test.covid_pipeline.not_null_mart_case_fatality_rate_case_month.9ed9496d51"
[0m20:55:46.850243 [debug] [Thread-2 (]: Writing runtime sql for node "test.covid_pipeline.accepted_values_mart_data_freshness_freshness_status__Fresh__Recent__Stale__Very_Stale.a93cf2ba0c"
[0m20:55:46.851035 [debug] [Thread-3 (]: Began executing node test.covid_pipeline.not_null_mart_case_fatality_rate_case_fatality_rate_pct.a4f0405f94
[0m20:55:46.859642 [debug] [Thread-3 (]: Writing runtime sql for node "test.covid_pipeline.not_null_mart_case_fatality_rate_case_fatality_rate_pct.a4f0405f94"
[0m20:55:46.860465 [debug] [Thread-5 (]: Began executing node test.covid_pipeline.not_null_mart_case_fatality_rate_state_fips.ff74c298a6
[0m20:55:46.864123 [debug] [Thread-5 (]: Writing runtime sql for node "test.covid_pipeline.not_null_mart_case_fatality_rate_state_fips.ff74c298a6"
[0m20:55:46.865883 [debug] [Thread-4 (]: Using snowflake connection "test.covid_pipeline.not_null_mart_case_fatality_rate_case_month.9ed9496d51"
[0m20:55:46.867020 [debug] [Thread-3 (]: Using snowflake connection "test.covid_pipeline.not_null_mart_case_fatality_rate_case_fatality_rate_pct.a4f0405f94"
[0m20:55:46.867662 [debug] [Thread-4 (]: On test.covid_pipeline.not_null_mart_case_fatality_rate_case_month.9ed9496d51: select
      count(*) as failures,
      count(*) != 0 as should_warn,
      count(*) != 0 as should_error
    from (
      
    
  
    
    



select case_month
from COVID_DB.MARTS.mart_case_fatality_rate
where case_month is null



  
  
      
    ) dbt_internal_test
/* {"app": "dbt", "dbt_version": "1.11.7", "profile_name": "covid_pipeline", "target_name": "dev", "node_id": "test.covid_pipeline.not_null_mart_case_fatality_rate_case_month.9ed9496d51"} */
[0m20:55:46.868881 [debug] [Thread-2 (]: Using snowflake connection "test.covid_pipeline.accepted_values_mart_data_freshness_freshness_status__Fresh__Recent__Stale__Very_Stale.a93cf2ba0c"
[0m20:55:46.869551 [debug] [Thread-3 (]: On test.covid_pipeline.not_null_mart_case_fatality_rate_case_fatality_rate_pct.a4f0405f94: select
      count(*) as failures,
      count(*) != 0 as should_warn,
      count(*) != 0 as should_error
    from (
      
    
  
    
    



select case_fatality_rate_pct
from COVID_DB.MARTS.mart_case_fatality_rate
where case_fatality_rate_pct is null



  
  
      
    ) dbt_internal_test
/* {"app": "dbt", "dbt_version": "1.11.7", "profile_name": "covid_pipeline", "target_name": "dev", "node_id": "test.covid_pipeline.not_null_mart_case_fatality_rate_case_fatality_rate_pct.a4f0405f94"} */
[0m20:55:46.870807 [debug] [Thread-5 (]: Using snowflake connection "test.covid_pipeline.not_null_mart_case_fatality_rate_state_fips.ff74c298a6"
[0m20:55:46.871494 [debug] [Thread-4 (]: Opening a new connection, currently in state init
[0m20:55:46.872141 [debug] [Thread-2 (]: On test.covid_pipeline.accepted_values_mart_data_freshness_freshness_status__Fresh__Recent__Stale__Very_Stale.a93cf2ba0c: select
      count(*) as failures,
      count(*) != 0 as should_warn,
      count(*) != 0 as should_error
    from (
      
    
  
    
    

with all_values as (

    select
        freshness_status as value_field,
        count(*) as n_records

    from COVID_DB.MARTS.mart_data_freshness
    group by freshness_status

)

select *
from all_values
where value_field not in (
    'Fresh','Recent','Stale','Very Stale'
)



  
  
      
    ) dbt_internal_test
/* {"app": "dbt", "dbt_version": "1.11.7", "profile_name": "covid_pipeline", "target_name": "dev", "node_id": "test.covid_pipeline.accepted_values_mart_data_freshness_freshness_status__Fresh__Recent__Stale__Very_Stale.a93cf2ba0c"} */
[0m20:55:46.872722 [debug] [Thread-3 (]: Opening a new connection, currently in state init
[0m20:55:46.873312 [debug] [Thread-5 (]: On test.covid_pipeline.not_null_mart_case_fatality_rate_state_fips.ff74c298a6: select
      count(*) as failures,
      count(*) != 0 as should_warn,
      count(*) != 0 as should_error
    from (
      
    
  
    
    



select state_fips
from COVID_DB.MARTS.mart_case_fatality_rate
where state_fips is null



  
  
      
    ) dbt_internal_test
/* {"app": "dbt", "dbt_version": "1.11.7", "profile_name": "covid_pipeline", "target_name": "dev", "node_id": "test.covid_pipeline.not_null_mart_case_fatality_rate_state_fips.ff74c298a6"} */
[0m20:55:46.874032 [debug] [Thread-2 (]: Opening a new connection, currently in state init
[0m20:55:46.874920 [debug] [Thread-5 (]: Opening a new connection, currently in state init
[0m20:55:47.509467 [debug] [Thread-3 (]: SQL status: SUCCESS 1 in 0.637 seconds
[0m20:55:47.521004 [debug] [Thread-2 (]: SQL status: SUCCESS 1 in 0.647 seconds
[0m20:55:47.520046 [info ] [Thread-3 (]: 2 of 16 PASS not_null_mart_case_fatality_rate_case_fatality_rate_pct ........... [[32mPASS[0m in 0.76s]
[0m20:55:47.524283 [debug] [Thread-3 (]: Finished running node test.covid_pipeline.not_null_mart_case_fatality_rate_case_fatality_rate_pct.a4f0405f94
[0m20:55:47.523383 [info ] [Thread-2 (]: 1 of 16 PASS accepted_values_mart_data_freshness_freshness_status__Fresh__Recent__Stale__Very_Stale  [[32mPASS[0m in 0.76s]
[0m20:55:47.525084 [debug] [Thread-3 (]: Began running node test.covid_pipeline.not_null_mart_cases_per_100k_case_month.4773fb69da
[0m20:55:47.526550 [debug] [Thread-5 (]: SQL status: SUCCESS 1 in 0.652 seconds
[0m20:55:47.527592 [debug] [Thread-2 (]: Finished running node test.covid_pipeline.accepted_values_mart_data_freshness_freshness_status__Fresh__Recent__Stale__Very_Stale.a93cf2ba0c
[0m20:55:47.528308 [info ] [Thread-3 (]: 5 of 16 START test not_null_mart_cases_per_100k_case_month ..................... [RUN]
[0m20:55:47.531525 [debug] [Thread-2 (]: Began running node test.covid_pipeline.not_null_mart_cases_per_100k_cases_per_100k.7e883eee3a
[0m20:55:47.532850 [debug] [Thread-4 (]: SQL status: SUCCESS 1 in 0.661 seconds
[0m20:55:47.533432 [debug] [Thread-3 (]: Re-using an available connection from the pool (formerly test.covid_pipeline.not_null_mart_case_fatality_rate_case_fatality_rate_pct.a4f0405f94, now test.covid_pipeline.not_null_mart_cases_per_100k_case_month.4773fb69da)
[0m20:55:47.530679 [info ] [Thread-5 (]: 4 of 16 PASS not_null_mart_case_fatality_rate_state_fips ....................... [[32mPASS[0m in 0.75s]
[0m20:55:47.538066 [debug] [Thread-3 (]: Began compiling node test.covid_pipeline.not_null_mart_cases_per_100k_case_month.4773fb69da
[0m20:55:47.534205 [info ] [Thread-2 (]: 6 of 16 START test not_null_mart_cases_per_100k_cases_per_100k ................. [RUN]
[0m20:55:47.539719 [debug] [Thread-5 (]: Finished running node test.covid_pipeline.not_null_mart_case_fatality_rate_state_fips.ff74c298a6
[0m20:55:47.537345 [info ] [Thread-4 (]: 3 of 16 PASS not_null_mart_case_fatality_rate_case_month ....................... [[32mPASS[0m in 0.78s]
[0m20:55:47.545993 [debug] [Thread-3 (]: Writing injected SQL for node "test.covid_pipeline.not_null_mart_cases_per_100k_case_month.4773fb69da"
[0m20:55:47.547159 [debug] [Thread-2 (]: Re-using an available connection from the pool (formerly test.covid_pipeline.accepted_values_mart_data_freshness_freshness_status__Fresh__Recent__Stale__Very_Stale.a93cf2ba0c, now test.covid_pipeline.not_null_mart_cases_per_100k_cases_per_100k.7e883eee3a)
[0m20:55:47.547889 [debug] [Thread-5 (]: Began running node test.covid_pipeline.not_null_mart_cases_per_100k_county_fips.f6c5500509
[0m20:55:47.549108 [debug] [Thread-4 (]: Finished running node test.covid_pipeline.not_null_mart_case_fatality_rate_case_month.9ed9496d51
[0m20:55:47.550026 [debug] [Thread-2 (]: Began compiling node test.covid_pipeline.not_null_mart_cases_per_100k_cases_per_100k.7e883eee3a
[0m20:55:47.551514 [debug] [Thread-4 (]: Began running node test.covid_pipeline.not_null_mart_data_freshness_freshness_status.d73145837c
[0m20:55:47.550738 [info ] [Thread-5 (]: 7 of 16 START test not_null_mart_cases_per_100k_county_fips .................... [RUN]
[0m20:55:47.557859 [debug] [Thread-2 (]: Writing injected SQL for node "test.covid_pipeline.not_null_mart_cases_per_100k_cases_per_100k.7e883eee3a"
[0m20:55:47.558914 [debug] [Thread-3 (]: Began executing node test.covid_pipeline.not_null_mart_cases_per_100k_case_month.4773fb69da
[0m20:55:47.560385 [debug] [Thread-5 (]: Re-using an available connection from the pool (formerly test.covid_pipeline.not_null_mart_case_fatality_rate_state_fips.ff74c298a6, now test.covid_pipeline.not_null_mart_cases_per_100k_county_fips.f6c5500509)
[0m20:55:47.559779 [info ] [Thread-4 (]: 8 of 16 START test not_null_mart_data_freshness_freshness_status ............... [RUN]
[0m20:55:47.564816 [debug] [Thread-3 (]: Writing runtime sql for node "test.covid_pipeline.not_null_mart_cases_per_100k_case_month.4773fb69da"
[0m20:55:47.565795 [debug] [Thread-5 (]: Began compiling node test.covid_pipeline.not_null_mart_cases_per_100k_county_fips.f6c5500509
[0m20:55:47.566834 [debug] [Thread-4 (]: Re-using an available connection from the pool (formerly test.covid_pipeline.not_null_mart_case_fatality_rate_case_month.9ed9496d51, now test.covid_pipeline.not_null_mart_data_freshness_freshness_status.d73145837c)
[0m20:55:47.572243 [debug] [Thread-5 (]: Writing injected SQL for node "test.covid_pipeline.not_null_mart_cases_per_100k_county_fips.f6c5500509"
[0m20:55:47.572878 [debug] [Thread-2 (]: Began executing node test.covid_pipeline.not_null_mart_cases_per_100k_cases_per_100k.7e883eee3a
[0m20:55:47.573597 [debug] [Thread-4 (]: Began compiling node test.covid_pipeline.not_null_mart_data_freshness_freshness_status.d73145837c
[0m20:55:47.575443 [debug] [Thread-3 (]: Using snowflake connection "test.covid_pipeline.not_null_mart_cases_per_100k_case_month.4773fb69da"
[0m20:55:47.578391 [debug] [Thread-2 (]: Writing runtime sql for node "test.covid_pipeline.not_null_mart_cases_per_100k_cases_per_100k.7e883eee3a"
[0m20:55:47.585761 [debug] [Thread-4 (]: Writing injected SQL for node "test.covid_pipeline.not_null_mart_data_freshness_freshness_status.d73145837c"
[0m20:55:47.586479 [debug] [Thread-3 (]: On test.covid_pipeline.not_null_mart_cases_per_100k_case_month.4773fb69da: select
      count(*) as failures,
      count(*) != 0 as should_warn,
      count(*) != 0 as should_error
    from (
      
    
  
    
    



select case_month
from COVID_DB.MARTS.mart_cases_per_100k
where case_month is null



  
  
      
    ) dbt_internal_test
/* {"app": "dbt", "dbt_version": "1.11.7", "profile_name": "covid_pipeline", "target_name": "dev", "node_id": "test.covid_pipeline.not_null_mart_cases_per_100k_case_month.4773fb69da"} */
[0m20:55:47.587268 [debug] [Thread-5 (]: Began executing node test.covid_pipeline.not_null_mart_cases_per_100k_county_fips.f6c5500509
[0m20:55:47.591250 [debug] [Thread-5 (]: Writing runtime sql for node "test.covid_pipeline.not_null_mart_cases_per_100k_county_fips.f6c5500509"
[0m20:55:47.594087 [debug] [Thread-2 (]: Using snowflake connection "test.covid_pipeline.not_null_mart_cases_per_100k_cases_per_100k.7e883eee3a"
[0m20:55:47.594795 [debug] [Thread-4 (]: Began executing node test.covid_pipeline.not_null_mart_data_freshness_freshness_status.d73145837c
[0m20:55:47.596120 [debug] [Thread-2 (]: On test.covid_pipeline.not_null_mart_cases_per_100k_cases_per_100k.7e883eee3a: select
      count(*) as failures,
      count(*) != 0 as should_warn,
      count(*) != 0 as should_error
    from (
      
    
  
    
    



select cases_per_100k
from COVID_DB.MARTS.mart_cases_per_100k
where cases_per_100k is null



  
  
      
    ) dbt_internal_test
/* {"app": "dbt", "dbt_version": "1.11.7", "profile_name": "covid_pipeline", "target_name": "dev", "node_id": "test.covid_pipeline.not_null_mart_cases_per_100k_cases_per_100k.7e883eee3a"} */
[0m20:55:47.600576 [debug] [Thread-4 (]: Writing runtime sql for node "test.covid_pipeline.not_null_mart_data_freshness_freshness_status.d73145837c"
[0m20:55:47.601643 [debug] [Thread-5 (]: Using snowflake connection "test.covid_pipeline.not_null_mart_cases_per_100k_county_fips.f6c5500509"
[0m20:55:47.603780 [debug] [Thread-5 (]: On test.covid_pipeline.not_null_mart_cases_per_100k_county_fips.f6c5500509: select
      count(*) as failures,
      count(*) != 0 as should_warn,
      count(*) != 0 as should_error
    from (
      
    
  
    
    



select county_fips
from COVID_DB.MARTS.mart_cases_per_100k
where county_fips is null



  
  
      
    ) dbt_internal_test
/* {"app": "dbt", "dbt_version": "1.11.7", "profile_name": "covid_pipeline", "target_name": "dev", "node_id": "test.covid_pipeline.not_null_mart_cases_per_100k_county_fips.f6c5500509"} */
[0m20:55:47.607314 [debug] [Thread-4 (]: Using snowflake connection "test.covid_pipeline.not_null_mart_data_freshness_freshness_status.d73145837c"
[0m20:55:47.608551 [debug] [Thread-4 (]: On test.covid_pipeline.not_null_mart_data_freshness_freshness_status.d73145837c: select
      count(*) as failures,
      count(*) != 0 as should_warn,
      count(*) != 0 as should_error
    from (
      
    
  
    
    



select freshness_status
from COVID_DB.MARTS.mart_data_freshness
where freshness_status is null



  
  
      
    ) dbt_internal_test
/* {"app": "dbt", "dbt_version": "1.11.7", "profile_name": "covid_pipeline", "target_name": "dev", "node_id": "test.covid_pipeline.not_null_mart_data_freshness_freshness_status.d73145837c"} */
[0m20:55:47.751680 [debug] [Thread-3 (]: SQL status: SUCCESS 1 in 0.163 seconds
[0m20:55:47.754621 [info ] [Thread-3 (]: 5 of 16 PASS not_null_mart_cases_per_100k_case_month ........................... [[32mPASS[0m in 0.22s]
[0m20:55:47.756048 [debug] [Thread-3 (]: Finished running node test.covid_pipeline.not_null_mart_cases_per_100k_case_month.4773fb69da
[0m20:55:47.756707 [debug] [Thread-3 (]: Began running node test.covid_pipeline.not_null_mart_data_freshness_source_table.2fc2ee7ce6
[0m20:55:47.757335 [info ] [Thread-3 (]: 9 of 16 START test not_null_mart_data_freshness_source_table ................... [RUN]
[0m20:55:47.758210 [debug] [Thread-3 (]: Re-using an available connection from the pool (formerly test.covid_pipeline.not_null_mart_cases_per_100k_case_month.4773fb69da, now test.covid_pipeline.not_null_mart_data_freshness_source_table.2fc2ee7ce6)
[0m20:55:47.758764 [debug] [Thread-3 (]: Began compiling node test.covid_pipeline.not_null_mart_data_freshness_source_table.2fc2ee7ce6
[0m20:55:47.765369 [debug] [Thread-3 (]: Writing injected SQL for node "test.covid_pipeline.not_null_mart_data_freshness_source_table.2fc2ee7ce6"
[0m20:55:47.766607 [debug] [Thread-3 (]: Began executing node test.covid_pipeline.not_null_mart_data_freshness_source_table.2fc2ee7ce6
[0m20:55:47.769425 [debug] [Thread-3 (]: Writing runtime sql for node "test.covid_pipeline.not_null_mart_data_freshness_source_table.2fc2ee7ce6"
[0m20:55:47.770957 [debug] [Thread-3 (]: Using snowflake connection "test.covid_pipeline.not_null_mart_data_freshness_source_table.2fc2ee7ce6"
[0m20:55:47.771526 [debug] [Thread-3 (]: On test.covid_pipeline.not_null_mart_data_freshness_source_table.2fc2ee7ce6: select
      count(*) as failures,
      count(*) != 0 as should_warn,
      count(*) != 0 as should_error
    from (
      
    
  
    
    



select source_table
from COVID_DB.MARTS.mart_data_freshness
where source_table is null



  
  
      
    ) dbt_internal_test
/* {"app": "dbt", "dbt_version": "1.11.7", "profile_name": "covid_pipeline", "target_name": "dev", "node_id": "test.covid_pipeline.not_null_mart_data_freshness_source_table.2fc2ee7ce6"} */
[0m20:55:47.801170 [debug] [Thread-4 (]: SQL status: SUCCESS 1 in 0.192 seconds
[0m20:55:47.803528 [info ] [Thread-4 (]: 8 of 16 PASS not_null_mart_data_freshness_freshness_status ..................... [[32mPASS[0m in 0.24s]
[0m20:55:47.805131 [debug] [Thread-4 (]: Finished running node test.covid_pipeline.not_null_mart_data_freshness_freshness_status.d73145837c
[0m20:55:47.805998 [debug] [Thread-4 (]: Began running node test.covid_pipeline.not_null_mart_rolling_avg_cases_case_month.6480b6c0cc
[0m20:55:47.806845 [info ] [Thread-4 (]: 10 of 16 START test not_null_mart_rolling_avg_cases_case_month ................. [RUN]
[0m20:55:47.807797 [debug] [Thread-4 (]: Re-using an available connection from the pool (formerly test.covid_pipeline.not_null_mart_data_freshness_freshness_status.d73145837c, now test.covid_pipeline.not_null_mart_rolling_avg_cases_case_month.6480b6c0cc)
[0m20:55:47.808325 [debug] [Thread-4 (]: Began compiling node test.covid_pipeline.not_null_mart_rolling_avg_cases_case_month.6480b6c0cc
[0m20:55:47.813746 [debug] [Thread-4 (]: Writing injected SQL for node "test.covid_pipeline.not_null_mart_rolling_avg_cases_case_month.6480b6c0cc"
[0m20:55:47.815361 [debug] [Thread-4 (]: Began executing node test.covid_pipeline.not_null_mart_rolling_avg_cases_case_month.6480b6c0cc
[0m20:55:47.818188 [debug] [Thread-4 (]: Writing runtime sql for node "test.covid_pipeline.not_null_mart_rolling_avg_cases_case_month.6480b6c0cc"
[0m20:55:47.819580 [debug] [Thread-4 (]: Using snowflake connection "test.covid_pipeline.not_null_mart_rolling_avg_cases_case_month.6480b6c0cc"
[0m20:55:47.820127 [debug] [Thread-4 (]: On test.covid_pipeline.not_null_mart_rolling_avg_cases_case_month.6480b6c0cc: select
      count(*) as failures,
      count(*) != 0 as should_warn,
      count(*) != 0 as should_error
    from (
      
    
  
    
    



select case_month
from COVID_DB.MARTS.mart_rolling_avg_cases
where case_month is null



  
  
      
    ) dbt_internal_test
/* {"app": "dbt", "dbt_version": "1.11.7", "profile_name": "covid_pipeline", "target_name": "dev", "node_id": "test.covid_pipeline.not_null_mart_rolling_avg_cases_case_month.6480b6c0cc"} */
[0m20:55:47.826724 [debug] [Thread-5 (]: SQL status: SUCCESS 1 in 0.222 seconds
[0m20:55:47.829527 [info ] [Thread-5 (]: 7 of 16 PASS not_null_mart_cases_per_100k_county_fips .......................... [[32mPASS[0m in 0.27s]
[0m20:55:47.831238 [debug] [Thread-5 (]: Finished running node test.covid_pipeline.not_null_mart_cases_per_100k_county_fips.f6c5500509
[0m20:55:47.832236 [debug] [Thread-5 (]: Began running node test.covid_pipeline.not_null_mart_rolling_avg_cases_monthly_cases.76aa447b37
[0m20:55:47.833200 [info ] [Thread-5 (]: 11 of 16 START test not_null_mart_rolling_avg_cases_monthly_cases .............. [RUN]
[0m20:55:47.834418 [debug] [Thread-5 (]: Re-using an available connection from the pool (formerly test.covid_pipeline.not_null_mart_cases_per_100k_county_fips.f6c5500509, now test.covid_pipeline.not_null_mart_rolling_avg_cases_monthly_cases.76aa447b37)
[0m20:55:47.835007 [debug] [Thread-5 (]: Began compiling node test.covid_pipeline.not_null_mart_rolling_avg_cases_monthly_cases.76aa447b37
[0m20:55:47.840125 [debug] [Thread-5 (]: Writing injected SQL for node "test.covid_pipeline.not_null_mart_rolling_avg_cases_monthly_cases.76aa447b37"
[0m20:55:47.841365 [debug] [Thread-5 (]: Began executing node test.covid_pipeline.not_null_mart_rolling_avg_cases_monthly_cases.76aa447b37
[0m20:55:47.844218 [debug] [Thread-5 (]: Writing runtime sql for node "test.covid_pipeline.not_null_mart_rolling_avg_cases_monthly_cases.76aa447b37"
[0m20:55:47.846265 [debug] [Thread-5 (]: Using snowflake connection "test.covid_pipeline.not_null_mart_rolling_avg_cases_monthly_cases.76aa447b37"
[0m20:55:47.847273 [debug] [Thread-5 (]: On test.covid_pipeline.not_null_mart_rolling_avg_cases_monthly_cases.76aa447b37: select
      count(*) as failures,
      count(*) != 0 as should_warn,
      count(*) != 0 as should_error
    from (
      
    
  
    
    



select monthly_cases
from COVID_DB.MARTS.mart_rolling_avg_cases
where monthly_cases is null



  
  
      
    ) dbt_internal_test
/* {"app": "dbt", "dbt_version": "1.11.7", "profile_name": "covid_pipeline", "target_name": "dev", "node_id": "test.covid_pipeline.not_null_mart_rolling_avg_cases_monthly_cases.76aa447b37"} */
[0m20:55:47.980670 [debug] [Thread-4 (]: SQL status: SUCCESS 1 in 0.160 seconds
[0m20:55:47.983757 [info ] [Thread-4 (]: 10 of 16 PASS not_null_mart_rolling_avg_cases_case_month ....................... [[32mPASS[0m in 0.18s]
[0m20:55:47.984967 [debug] [Thread-4 (]: Finished running node test.covid_pipeline.not_null_mart_rolling_avg_cases_case_month.6480b6c0cc
[0m20:55:47.985526 [debug] [Thread-4 (]: Began running node test.covid_pipeline.not_null_mart_rolling_avg_cases_rolling_3mo_avg_cases.0af87146df
[0m20:55:47.986035 [info ] [Thread-4 (]: 12 of 16 START test not_null_mart_rolling_avg_cases_rolling_3mo_avg_cases ...... [RUN]
[0m20:55:47.986899 [debug] [Thread-4 (]: Re-using an available connection from the pool (formerly test.covid_pipeline.not_null_mart_rolling_avg_cases_case_month.6480b6c0cc, now test.covid_pipeline.not_null_mart_rolling_avg_cases_rolling_3mo_avg_cases.0af87146df)
[0m20:55:47.987416 [debug] [Thread-4 (]: Began compiling node test.covid_pipeline.not_null_mart_rolling_avg_cases_rolling_3mo_avg_cases.0af87146df
[0m20:55:47.992359 [debug] [Thread-4 (]: Writing injected SQL for node "test.covid_pipeline.not_null_mart_rolling_avg_cases_rolling_3mo_avg_cases.0af87146df"
[0m20:55:47.993701 [debug] [Thread-4 (]: Began executing node test.covid_pipeline.not_null_mart_rolling_avg_cases_rolling_3mo_avg_cases.0af87146df
[0m20:55:47.998410 [debug] [Thread-4 (]: Writing runtime sql for node "test.covid_pipeline.not_null_mart_rolling_avg_cases_rolling_3mo_avg_cases.0af87146df"
[0m20:55:48.000445 [debug] [Thread-4 (]: Using snowflake connection "test.covid_pipeline.not_null_mart_rolling_avg_cases_rolling_3mo_avg_cases.0af87146df"
[0m20:55:48.001285 [debug] [Thread-4 (]: On test.covid_pipeline.not_null_mart_rolling_avg_cases_rolling_3mo_avg_cases.0af87146df: select
      count(*) as failures,
      count(*) != 0 as should_warn,
      count(*) != 0 as should_error
    from (
      
    
  
    
    



select rolling_3mo_avg_cases
from COVID_DB.MARTS.mart_rolling_avg_cases
where rolling_3mo_avg_cases is null



  
  
      
    ) dbt_internal_test
/* {"app": "dbt", "dbt_version": "1.11.7", "profile_name": "covid_pipeline", "target_name": "dev", "node_id": "test.covid_pipeline.not_null_mart_rolling_avg_cases_rolling_3mo_avg_cases.0af87146df"} */
[0m20:55:48.052031 [debug] [Thread-2 (]: SQL status: SUCCESS 1 in 0.450 seconds
[0m20:55:48.054442 [info ] [Thread-2 (]: 6 of 16 PASS not_null_mart_cases_per_100k_cases_per_100k ....................... [[32mPASS[0m in 0.51s]
[0m20:55:48.055603 [debug] [Thread-2 (]: Finished running node test.covid_pipeline.not_null_mart_cases_per_100k_cases_per_100k.7e883eee3a
[0m20:55:48.056141 [debug] [Thread-2 (]: Began running node test.covid_pipeline.not_null_mart_rolling_avg_cases_state_fips.8e09741ccb
[0m20:55:48.056629 [info ] [Thread-2 (]: 13 of 16 START test not_null_mart_rolling_avg_cases_state_fips ................. [RUN]
[0m20:55:48.057405 [debug] [Thread-2 (]: Re-using an available connection from the pool (formerly test.covid_pipeline.not_null_mart_cases_per_100k_cases_per_100k.7e883eee3a, now test.covid_pipeline.not_null_mart_rolling_avg_cases_state_fips.8e09741ccb)
[0m20:55:48.057905 [debug] [Thread-2 (]: Began compiling node test.covid_pipeline.not_null_mart_rolling_avg_cases_state_fips.8e09741ccb
[0m20:55:48.063473 [debug] [Thread-2 (]: Writing injected SQL for node "test.covid_pipeline.not_null_mart_rolling_avg_cases_state_fips.8e09741ccb"
[0m20:55:48.064855 [debug] [Thread-2 (]: Began executing node test.covid_pipeline.not_null_mart_rolling_avg_cases_state_fips.8e09741ccb
[0m20:55:48.068088 [debug] [Thread-2 (]: Writing runtime sql for node "test.covid_pipeline.not_null_mart_rolling_avg_cases_state_fips.8e09741ccb"
[0m20:55:48.069629 [debug] [Thread-2 (]: Using snowflake connection "test.covid_pipeline.not_null_mart_rolling_avg_cases_state_fips.8e09741ccb"
[0m20:55:48.070168 [debug] [Thread-2 (]: On test.covid_pipeline.not_null_mart_rolling_avg_cases_state_fips.8e09741ccb: select
      count(*) as failures,
      count(*) != 0 as should_warn,
      count(*) != 0 as should_error
    from (
      
    
  
    
    



select state_fips
from COVID_DB.MARTS.mart_rolling_avg_cases
where state_fips is null



  
  
      
    ) dbt_internal_test
/* {"app": "dbt", "dbt_version": "1.11.7", "profile_name": "covid_pipeline", "target_name": "dev", "node_id": "test.covid_pipeline.not_null_mart_rolling_avg_cases_state_fips.8e09741ccb"} */
[0m20:55:48.174229 [debug] [Thread-5 (]: SQL status: SUCCESS 1 in 0.326 seconds
[0m20:55:48.176507 [info ] [Thread-5 (]: 11 of 16 PASS not_null_mart_rolling_avg_cases_monthly_cases .................... [[32mPASS[0m in 0.34s]
[0m20:55:48.177868 [debug] [Thread-5 (]: Finished running node test.covid_pipeline.not_null_mart_rolling_avg_cases_monthly_cases.76aa447b37
[0m20:55:48.178677 [debug] [Thread-5 (]: Began running node test.covid_pipeline.not_null_mart_vaccination_vs_cases_county_fips.407223a3c6
[0m20:55:48.179498 [info ] [Thread-5 (]: 14 of 16 START test not_null_mart_vaccination_vs_cases_county_fips ............. [RUN]
[0m20:55:48.180527 [debug] [Thread-5 (]: Re-using an available connection from the pool (formerly test.covid_pipeline.not_null_mart_rolling_avg_cases_monthly_cases.76aa447b37, now test.covid_pipeline.not_null_mart_vaccination_vs_cases_county_fips.407223a3c6)
[0m20:55:48.181098 [debug] [Thread-5 (]: Began compiling node test.covid_pipeline.not_null_mart_vaccination_vs_cases_county_fips.407223a3c6
[0m20:55:48.186295 [debug] [Thread-5 (]: Writing injected SQL for node "test.covid_pipeline.not_null_mart_vaccination_vs_cases_county_fips.407223a3c6"
[0m20:55:48.187438 [debug] [Thread-5 (]: Began executing node test.covid_pipeline.not_null_mart_vaccination_vs_cases_county_fips.407223a3c6
[0m20:55:48.190145 [debug] [Thread-5 (]: Writing runtime sql for node "test.covid_pipeline.not_null_mart_vaccination_vs_cases_county_fips.407223a3c6"
[0m20:55:48.191620 [debug] [Thread-5 (]: Using snowflake connection "test.covid_pipeline.not_null_mart_vaccination_vs_cases_county_fips.407223a3c6"
[0m20:55:48.192231 [debug] [Thread-5 (]: On test.covid_pipeline.not_null_mart_vaccination_vs_cases_county_fips.407223a3c6: select
      count(*) as failures,
      count(*) != 0 as should_warn,
      count(*) != 0 as should_error
    from (
      
    
  
    
    



select county_fips
from COVID_DB.MARTS.mart_vaccination_vs_cases
where county_fips is null



  
  
      
    ) dbt_internal_test
/* {"app": "dbt", "dbt_version": "1.11.7", "profile_name": "covid_pipeline", "target_name": "dev", "node_id": "test.covid_pipeline.not_null_mart_vaccination_vs_cases_county_fips.407223a3c6"} */
[0m20:55:48.195068 [debug] [Thread-3 (]: SQL status: SUCCESS 1 in 0.423 seconds
[0m20:55:48.200230 [debug] [Thread-4 (]: SQL status: SUCCESS 1 in 0.198 seconds
[0m20:55:48.198670 [info ] [Thread-3 (]: 9 of 16 PASS not_null_mart_data_freshness_source_table ......................... [[32mPASS[0m in 0.44s]
[0m20:55:48.204093 [debug] [Thread-3 (]: Finished running node test.covid_pipeline.not_null_mart_data_freshness_source_table.2fc2ee7ce6
[0m20:55:48.203000 [info ] [Thread-4 (]: 12 of 16 PASS not_null_mart_rolling_avg_cases_rolling_3mo_avg_cases ............ [[32mPASS[0m in 0.22s]
[0m20:55:48.205193 [debug] [Thread-3 (]: Began running node test.covid_pipeline.unique_mart_data_freshness_source_table.d8eb64dde4
[0m20:55:48.206051 [debug] [Thread-4 (]: Finished running node test.covid_pipeline.not_null_mart_rolling_avg_cases_rolling_3mo_avg_cases.0af87146df
[0m20:55:48.207430 [debug] [Thread-4 (]: Began running node test.covid_pipeline.unique_mart_vaccination_vs_cases_county_fips.114454f6db
[0m20:55:48.206698 [info ] [Thread-3 (]: 15 of 16 START test unique_mart_data_freshness_source_table .................... [RUN]
[0m20:55:48.209019 [debug] [Thread-3 (]: Re-using an available connection from the pool (formerly test.covid_pipeline.not_null_mart_data_freshness_source_table.2fc2ee7ce6, now test.covid_pipeline.unique_mart_data_freshness_source_table.d8eb64dde4)
[0m20:55:48.208417 [info ] [Thread-4 (]: 16 of 16 START test unique_mart_vaccination_vs_cases_county_fips ............... [RUN]
[0m20:55:48.209768 [debug] [Thread-3 (]: Began compiling node test.covid_pipeline.unique_mart_data_freshness_source_table.d8eb64dde4
[0m20:55:48.210364 [debug] [Thread-4 (]: Re-using an available connection from the pool (formerly test.covid_pipeline.not_null_mart_rolling_avg_cases_rolling_3mo_avg_cases.0af87146df, now test.covid_pipeline.unique_mart_vaccination_vs_cases_county_fips.114454f6db)
[0m20:55:48.226433 [debug] [Thread-3 (]: Writing injected SQL for node "test.covid_pipeline.unique_mart_data_freshness_source_table.d8eb64dde4"
[0m20:55:48.227141 [debug] [Thread-4 (]: Began compiling node test.covid_pipeline.unique_mart_vaccination_vs_cases_county_fips.114454f6db
[0m20:55:48.233279 [debug] [Thread-4 (]: Writing injected SQL for node "test.covid_pipeline.unique_mart_vaccination_vs_cases_county_fips.114454f6db"
[0m20:55:48.235244 [debug] [Thread-4 (]: Began executing node test.covid_pipeline.unique_mart_vaccination_vs_cases_county_fips.114454f6db
[0m20:55:48.239644 [debug] [Thread-4 (]: Writing runtime sql for node "test.covid_pipeline.unique_mart_vaccination_vs_cases_county_fips.114454f6db"
[0m20:55:48.240256 [debug] [Thread-3 (]: Began executing node test.covid_pipeline.unique_mart_data_freshness_source_table.d8eb64dde4
[0m20:55:48.243060 [debug] [Thread-3 (]: Writing runtime sql for node "test.covid_pipeline.unique_mart_data_freshness_source_table.d8eb64dde4"
[0m20:55:48.244928 [debug] [Thread-4 (]: Using snowflake connection "test.covid_pipeline.unique_mart_vaccination_vs_cases_county_fips.114454f6db"
[0m20:55:48.246319 [debug] [Thread-4 (]: On test.covid_pipeline.unique_mart_vaccination_vs_cases_county_fips.114454f6db: select
      count(*) as failures,
      count(*) != 0 as should_warn,
      count(*) != 0 as should_error
    from (
      
    
  
    
    

select
    county_fips as unique_field,
    count(*) as n_records

from COVID_DB.MARTS.mart_vaccination_vs_cases
where county_fips is not null
group by county_fips
having count(*) > 1



  
  
      
    ) dbt_internal_test
/* {"app": "dbt", "dbt_version": "1.11.7", "profile_name": "covid_pipeline", "target_name": "dev", "node_id": "test.covid_pipeline.unique_mart_vaccination_vs_cases_county_fips.114454f6db"} */
[0m20:55:48.247866 [debug] [Thread-3 (]: Using snowflake connection "test.covid_pipeline.unique_mart_data_freshness_source_table.d8eb64dde4"
[0m20:55:48.249127 [debug] [Thread-3 (]: On test.covid_pipeline.unique_mart_data_freshness_source_table.d8eb64dde4: select
      count(*) as failures,
      count(*) != 0 as should_warn,
      count(*) != 0 as should_error
    from (
      
    
  
    
    

select
    source_table as unique_field,
    count(*) as n_records

from COVID_DB.MARTS.mart_data_freshness
where source_table is not null
group by source_table
having count(*) > 1



  
  
      
    ) dbt_internal_test
/* {"app": "dbt", "dbt_version": "1.11.7", "profile_name": "covid_pipeline", "target_name": "dev", "node_id": "test.covid_pipeline.unique_mart_data_freshness_source_table.d8eb64dde4"} */
[0m20:55:48.263024 [debug] [Thread-2 (]: SQL status: SUCCESS 1 in 0.192 seconds
[0m20:55:48.265825 [info ] [Thread-2 (]: 13 of 16 PASS not_null_mart_rolling_avg_cases_state_fips ....................... [[32mPASS[0m in 0.21s]
[0m20:55:48.266991 [debug] [Thread-2 (]: Finished running node test.covid_pipeline.not_null_mart_rolling_avg_cases_state_fips.8e09741ccb
[0m20:55:48.392271 [debug] [Thread-3 (]: SQL status: SUCCESS 1 in 0.143 seconds
[0m20:55:48.394702 [info ] [Thread-3 (]: 15 of 16 PASS unique_mart_data_freshness_source_table .......................... [[32mPASS[0m in 0.19s]
[0m20:55:48.396331 [debug] [Thread-3 (]: Finished running node test.covid_pipeline.unique_mart_data_freshness_source_table.d8eb64dde4
[0m20:55:48.398192 [debug] [Thread-5 (]: SQL status: SUCCESS 1 in 0.205 seconds
[0m20:55:48.400745 [info ] [Thread-5 (]: 14 of 16 PASS not_null_mart_vaccination_vs_cases_county_fips ................... [[32mPASS[0m in 0.22s]
[0m20:55:48.402253 [debug] [Thread-5 (]: Finished running node test.covid_pipeline.not_null_mart_vaccination_vs_cases_county_fips.407223a3c6
[0m20:55:48.498993 [debug] [Thread-4 (]: SQL status: SUCCESS 1 in 0.250 seconds
[0m20:55:48.501258 [warn ] [Thread-4 (]: 16 of 16 WARN 3211 unique_mart_vaccination_vs_cases_county_fips ................ [[33mWARN 3211[0m in 0.29s]
[0m20:55:48.502415 [debug] [Thread-4 (]: Finished running node test.covid_pipeline.unique_mart_vaccination_vs_cases_county_fips.114454f6db
[0m20:55:48.504251 [debug] [MainThread]: Connection 'master' was properly closed.
[0m20:55:48.504735 [debug] [MainThread]: Connection 'list_COVID_DB_MARTS' was left open.
[0m20:55:48.505165 [debug] [MainThread]: On list_COVID_DB_MARTS: Close
[0m20:55:48.609853 [debug] [MainThread]: Connection 'list_COVID_DB_INTERMEDIATE' was left open.
[0m20:55:48.610644 [debug] [MainThread]: On list_COVID_DB_INTERMEDIATE: Close
[0m20:55:48.724024 [debug] [MainThread]: Connection 'list_COVID_DB_STAGING' was left open.
[0m20:55:48.724822 [debug] [MainThread]: On list_COVID_DB_STAGING: Close
[0m20:55:48.838307 [debug] [MainThread]: Connection 'test.covid_pipeline.unique_mart_vaccination_vs_cases_county_fips.114454f6db' was left open.
[0m20:55:48.839158 [debug] [MainThread]: On test.covid_pipeline.unique_mart_vaccination_vs_cases_county_fips.114454f6db: Close
[0m20:55:49.017493 [debug] [MainThread]: Connection 'test.covid_pipeline.not_null_mart_rolling_avg_cases_state_fips.8e09741ccb' was left open.
[0m20:55:49.018027 [debug] [MainThread]: On test.covid_pipeline.not_null_mart_rolling_avg_cases_state_fips.8e09741ccb: Close
[0m20:55:49.109608 [debug] [MainThread]: Connection 'test.covid_pipeline.unique_mart_data_freshness_source_table.d8eb64dde4' was left open.
[0m20:55:49.110136 [debug] [MainThread]: On test.covid_pipeline.unique_mart_data_freshness_source_table.d8eb64dde4: Close
[0m20:55:49.207889 [debug] [MainThread]: Connection 'test.covid_pipeline.not_null_mart_vaccination_vs_cases_county_fips.407223a3c6' was left open.
[0m20:55:49.208404 [debug] [MainThread]: On test.covid_pipeline.not_null_mart_vaccination_vs_cases_county_fips.407223a3c6: Close
[0m20:55:49.299107 [info ] [MainThread]: 
[0m20:55:49.299876 [info ] [MainThread]: Finished running 16 data tests in 0 hours 0 minutes and 3.63 seconds (3.63s).
[0m20:55:49.304028 [debug] [MainThread]: Command end result
[0m20:55:49.348185 [debug] [MainThread]: Wrote artifact WritableManifest to C:\Users\Admin\workspace\DE_2025\Project3_Covid19_JW\dbt_project\target\manifest.json
[0m20:55:49.351740 [debug] [MainThread]: Wrote artifact SemanticManifest to C:\Users\Admin\workspace\DE_2025\Project3_Covid19_JW\dbt_project\target\semantic_manifest.json
[0m20:55:49.361712 [debug] [MainThread]: Wrote artifact RunExecutionResult to C:\Users\Admin\workspace\DE_2025\Project3_Covid19_JW\dbt_project\target\run_results.json
[0m20:55:49.362636 [info ] [MainThread]: 
[0m20:55:49.363753 [info ] [MainThread]: [33mCompleted with 1 warning:[0m
[0m20:55:49.364625 [info ] [MainThread]: 
[0m20:55:49.365501 [warn ] [MainThread]: [33mWarning in test unique_mart_vaccination_vs_cases_county_fips (models\marts\schema.yml)[0m
[0m20:55:49.366399 [warn ] [MainThread]: Got 3211 results, configured to warn if != 0
[0m20:55:49.367110 [info ] [MainThread]: 
[0m20:55:49.367938 [info ] [MainThread]:   compiled code at target\compiled\covid_pipeline\models\marts\schema.yml\unique_mart_vaccination_vs_cases_county_fips.sql
[0m20:55:49.368710 [info ] [MainThread]: 
[0m20:55:49.369749 [info ] [MainThread]: Done. PASS=15 WARN=1 ERROR=0 SKIP=0 NO-OP=0 TOTAL=16
[0m20:55:49.371782 [debug] [MainThread]: Command `dbt test` succeeded at 20:55:49.371542 after 7.27 seconds
[0m20:55:49.372520 [debug] [MainThread]: Sending event: {'category': 'dbt', 'action': 'invocation', 'label': 'end', 'context': [<snowplow_tracker.self_describing_json.SelfDescribingJson object at 0x00000180539ACB90>, <snowplow_tracker.self_describing_json.SelfDescribingJson object at 0x000001806A0EBD80>, <snowplow_tracker.self_describing_json.SelfDescribingJson object at 0x000001806A0EABA0>]}
[0m20:55:49.373265 [debug] [MainThread]: Flushing usage events
[0m20:55:49.534244 [debug] [MainThread]: An error was encountered while trying to flush usage events
[0m10:11:29.245166 [debug] [MainThread]: Sending event: {'category': 'dbt', 'action': 'invocation', 'label': 'start', 'context': [<snowplow_tracker.self_describing_json.SelfDescribingJson object at 0x00000213959C4C20>, <snowplow_tracker.self_describing_json.SelfDescribingJson object at 0x00000213934F8910>, <snowplow_tracker.self_describing_json.SelfDescribingJson object at 0x000002139649C910>]}


============================== 10:11:29.252807 | d1a58593-e99e-4c4e-b370-d8103fc13029 ==============================
[0m10:11:29.252807 [info ] [MainThread]: Running with dbt=1.11.7
[0m10:11:29.254108 [debug] [MainThread]: running dbt with arguments {'static_parser': 'True', 'no_print': 'None', 'version_check': 'True', 'warn_error_options': 'WarnErrorOptionsV2(error=[], warn=[], silence=[])', 'target_path': 'None', 'printer_width': '80', 'write_json': 'True', 'empty': 'None', 'log_cache_events': 'False', 'introspect': 'True', 'cache_selected_only': 'False', 'fail_fast': 'False', 'debug': 'False', 'log_format': 'default', 'profiles_dir': 'C:\\Users\\Admin\\.dbt', 'send_anonymous_usage_stats': 'True', 'quiet': 'False', 'warn_error': 'None', 'partial_parse': 'True', 'use_colors': 'True', 'indirect_selection': 'eager', 'invocation_command': 'dbt test', 'use_experimental_parser': 'False', 'log_path': 'C:\\Users\\Admin\\workspace\\DE_2025\\Project3_Covid19_JW\\dbt_project\\logs'}
[0m10:11:34.373377 [debug] [MainThread]: Snowflake adapter: Setting snowflake.connector to ERROR (file logging only)
[0m10:11:34.374297 [debug] [MainThread]: Snowflake adapter: Setting botocore to ERROR (file logging only)
[0m10:11:34.375042 [debug] [MainThread]: Snowflake adapter: Setting boto3 to ERROR (file logging only)
[0m10:11:34.759065 [debug] [MainThread]: Sending event: {'category': 'dbt', 'action': 'project_id', 'label': 'd1a58593-e99e-4c4e-b370-d8103fc13029', 'context': [<snowplow_tracker.self_describing_json.SelfDescribingJson object at 0x0000021395E0EEA0>]}
[0m10:11:34.861172 [debug] [MainThread]: Sending event: {'category': 'dbt', 'action': 'adapter_info', 'label': 'd1a58593-e99e-4c4e-b370-d8103fc13029', 'context': [<snowplow_tracker.self_describing_json.SelfDescribingJson object at 0x00000213AB40D370>]}
[0m10:11:34.863164 [info ] [MainThread]: Registered adapter: snowflake=1.11.3
[0m10:11:35.876715 [debug] [MainThread]: checksum: b80718358155fc17c3559352095564dd56ada1cc1a1c0ef2e62c857e71583775, vars: {}, profile: , target: , version: 1.11.7
[0m10:11:38.240290 [debug] [MainThread]: Partial parsing enabled: 0 files deleted, 3 files added, 0 files changed.
[0m10:11:38.241077 [debug] [MainThread]: Partial parsing: added file: covid_pipeline://tests\assert_case_month_after_2020.sql
[0m10:11:38.241614 [debug] [MainThread]: Partial parsing: added file: covid_pipeline://tests\assert_case_fatality_rate_in_range.sql
[0m10:11:38.242120 [debug] [MainThread]: Partial parsing: added file: covid_pipeline://tests\assert_cases_per_100k_not_negative.sql
[0m10:11:38.574158 [debug] [MainThread]: Sending event: {'category': 'dbt', 'action': 'load_project', 'label': 'd1a58593-e99e-4c4e-b370-d8103fc13029', 'context': [<snowplow_tracker.self_describing_json.SelfDescribingJson object at 0x00000213AB41E250>]}
[0m10:11:38.724774 [debug] [MainThread]: Wrote artifact WritableManifest to C:\Users\Admin\workspace\DE_2025\Project3_Covid19_JW\dbt_project\target\manifest.json
[0m10:11:38.743258 [debug] [MainThread]: Wrote artifact SemanticManifest to C:\Users\Admin\workspace\DE_2025\Project3_Covid19_JW\dbt_project\target\semantic_manifest.json
[0m10:11:38.801570 [debug] [MainThread]: Sending event: {'category': 'dbt', 'action': 'resource_counts', 'label': 'd1a58593-e99e-4c4e-b370-d8103fc13029', 'context': [<snowplow_tracker.self_describing_json.SelfDescribingJson object at 0x00000213ABBFA990>]}
[0m10:11:38.802472 [info ] [MainThread]: Found 10 models, 19 data tests, 3 sources, 639 macros
[0m10:11:38.803317 [debug] [MainThread]: Sending event: {'category': 'dbt', 'action': 'runnable_timing', 'label': 'd1a58593-e99e-4c4e-b370-d8103fc13029', 'context': [<snowplow_tracker.self_describing_json.SelfDescribingJson object at 0x00000213ABBF6CF0>]}
[0m10:11:38.809022 [info ] [MainThread]: 
[0m10:11:38.810197 [info ] [MainThread]: Concurrency: 4 threads (target='dev')
[0m10:11:38.811258 [info ] [MainThread]: 
[0m10:11:38.812499 [debug] [MainThread]: Acquiring new snowflake connection 'master'
[0m10:11:38.820151 [debug] [ThreadPool]: Acquiring new snowflake connection 'list_COVID_DB_STAGING'
[0m10:11:38.835018 [debug] [ThreadPool]: Acquiring new snowflake connection 'list_COVID_DB_INTERMEDIATE'
[0m10:11:38.859505 [debug] [ThreadPool]: Acquiring new snowflake connection 'list_COVID_DB_MARTS'
[0m10:11:42.592732 [debug] [ThreadPool]: Using snowflake connection "list_COVID_DB_INTERMEDIATE"
[0m10:11:42.593866 [debug] [ThreadPool]: Using snowflake connection "list_COVID_DB_MARTS"
[0m10:11:42.594453 [debug] [ThreadPool]: On list_COVID_DB_INTERMEDIATE: show objects in COVID_DB.INTERMEDIATE
    limit 10000
    

/* {"app": "dbt", "dbt_version": "1.11.7", "profile_name": "covid_pipeline", "target_name": "dev", "connection_name": "list_COVID_DB_INTERMEDIATE"} */;
[0m10:11:42.595099 [debug] [ThreadPool]: Using snowflake connection "list_COVID_DB_STAGING"
[0m10:11:42.595647 [debug] [ThreadPool]: On list_COVID_DB_MARTS: show objects in COVID_DB.MARTS
    limit 10000
    

/* {"app": "dbt", "dbt_version": "1.11.7", "profile_name": "covid_pipeline", "target_name": "dev", "connection_name": "list_COVID_DB_MARTS"} */;
[0m10:11:42.596121 [debug] [ThreadPool]: Opening a new connection, currently in state init
[0m10:11:42.596637 [debug] [ThreadPool]: On list_COVID_DB_STAGING: show objects in COVID_DB.STAGING
    limit 10000
    

/* {"app": "dbt", "dbt_version": "1.11.7", "profile_name": "covid_pipeline", "target_name": "dev", "connection_name": "list_COVID_DB_STAGING"} */;
[0m10:11:42.597142 [debug] [ThreadPool]: Opening a new connection, currently in state init
[0m10:11:42.597877 [debug] [ThreadPool]: Opening a new connection, currently in state init
[0m10:11:45.293299 [debug] [ThreadPool]: SQL status: SUCCESS 5 in 2.696 seconds
[0m10:11:45.362444 [debug] [ThreadPool]: SQL status: SUCCESS 2 in 2.766 seconds
[0m10:11:45.363319 [debug] [ThreadPool]: SQL status: SUCCESS 3 in 2.765 seconds
[0m10:11:45.368195 [debug] [MainThread]: Sending event: {'category': 'dbt', 'action': 'runnable_timing', 'label': 'd1a58593-e99e-4c4e-b370-d8103fc13029', 'context': [<snowplow_tracker.self_describing_json.SelfDescribingJson object at 0x00000213ABC46680>]}
[0m10:11:45.374161 [debug] [Thread-5 (]: Began running node test.covid_pipeline.assert_cases_per_100k_not_negative
[0m10:11:45.374708 [debug] [Thread-2 (]: Began running node test.covid_pipeline.accepted_values_mart_data_freshness_freshness_status__Fresh__Recent__Stale__Very_Stale.a93cf2ba0c
[0m10:11:45.375205 [debug] [Thread-3 (]: Began running node test.covid_pipeline.assert_case_fatality_rate_in_range
[0m10:11:45.375706 [debug] [Thread-4 (]: Began running node test.covid_pipeline.assert_case_month_after_2020
[0m10:11:45.376162 [info ] [Thread-5 (]: 4 of 19 START test assert_cases_per_100k_not_negative .......................... [RUN]
[0m10:11:45.378579 [debug] [Thread-5 (]: Acquiring new snowflake connection 'test.covid_pipeline.assert_cases_per_100k_not_negative'
[0m10:11:45.379059 [debug] [Thread-5 (]: Began compiling node test.covid_pipeline.assert_cases_per_100k_not_negative
[0m10:11:45.376689 [info ] [Thread-2 (]: 1 of 19 START test accepted_values_mart_data_freshness_freshness_status__Fresh__Recent__Stale__Very_Stale  [RUN]
[0m10:11:45.387400 [debug] [Thread-5 (]: Writing injected SQL for node "test.covid_pipeline.assert_cases_per_100k_not_negative"
[0m10:11:45.388114 [debug] [Thread-2 (]: Acquiring new snowflake connection 'test.covid_pipeline.accepted_values_mart_data_freshness_freshness_status__Fresh__Recent__Stale__Very_Stale.a93cf2ba0c'
[0m10:11:45.377381 [info ] [Thread-3 (]: 2 of 19 START test assert_case_fatality_rate_in_range .......................... [RUN]
[0m10:11:45.389150 [debug] [Thread-2 (]: Began compiling node test.covid_pipeline.accepted_values_mart_data_freshness_freshness_status__Fresh__Recent__Stale__Very_Stale.a93cf2ba0c
[0m10:11:45.377966 [info ] [Thread-4 (]: 3 of 19 START test assert_case_month_after_2020 ................................ [RUN]
[0m10:11:45.390217 [debug] [Thread-3 (]: Acquiring new snowflake connection 'test.covid_pipeline.assert_case_fatality_rate_in_range'
[0m10:11:45.407106 [debug] [Thread-2 (]: Writing injected SQL for node "test.covid_pipeline.accepted_values_mart_data_freshness_freshness_status__Fresh__Recent__Stale__Very_Stale.a93cf2ba0c"
[0m10:11:45.407959 [debug] [Thread-4 (]: Acquiring new snowflake connection 'test.covid_pipeline.assert_case_month_after_2020'
[0m10:11:45.408683 [debug] [Thread-3 (]: Began compiling node test.covid_pipeline.assert_case_fatality_rate_in_range
[0m10:11:45.409884 [debug] [Thread-4 (]: Began compiling node test.covid_pipeline.assert_case_month_after_2020
[0m10:11:45.413702 [debug] [Thread-3 (]: Writing injected SQL for node "test.covid_pipeline.assert_case_fatality_rate_in_range"
[0m10:11:45.414369 [debug] [Thread-5 (]: Began executing node test.covid_pipeline.assert_cases_per_100k_not_negative
[0m10:11:45.418435 [debug] [Thread-4 (]: Writing injected SQL for node "test.covid_pipeline.assert_case_month_after_2020"
[0m10:11:45.419615 [debug] [Thread-2 (]: Began executing node test.covid_pipeline.accepted_values_mart_data_freshness_freshness_status__Fresh__Recent__Stale__Very_Stale.a93cf2ba0c
[0m10:11:45.462540 [debug] [Thread-5 (]: Writing runtime sql for node "test.covid_pipeline.assert_cases_per_100k_not_negative"
[0m10:11:45.466223 [debug] [Thread-2 (]: Writing runtime sql for node "test.covid_pipeline.accepted_values_mart_data_freshness_freshness_status__Fresh__Recent__Stale__Very_Stale.a93cf2ba0c"
[0m10:11:45.467229 [debug] [Thread-3 (]: Began executing node test.covid_pipeline.assert_case_fatality_rate_in_range
[0m10:11:45.470832 [debug] [Thread-3 (]: Writing runtime sql for node "test.covid_pipeline.assert_case_fatality_rate_in_range"
[0m10:11:45.471555 [debug] [Thread-4 (]: Began executing node test.covid_pipeline.assert_case_month_after_2020
[0m10:11:45.474416 [debug] [Thread-4 (]: Writing runtime sql for node "test.covid_pipeline.assert_case_month_after_2020"
[0m10:11:45.476386 [debug] [Thread-2 (]: Using snowflake connection "test.covid_pipeline.accepted_values_mart_data_freshness_freshness_status__Fresh__Recent__Stale__Very_Stale.a93cf2ba0c"
[0m10:11:45.477475 [debug] [Thread-2 (]: On test.covid_pipeline.accepted_values_mart_data_freshness_freshness_status__Fresh__Recent__Stale__Very_Stale.a93cf2ba0c: select
      count(*) as failures,
      count(*) != 0 as should_warn,
      count(*) != 0 as should_error
    from (
      
    
  
    
    

with all_values as (

    select
        freshness_status as value_field,
        count(*) as n_records

    from COVID_DB.MARTS.mart_data_freshness
    group by freshness_status

)

select *
from all_values
where value_field not in (
    'Fresh','Recent','Stale','Very Stale'
)



  
  
      
    ) dbt_internal_test
/* {"app": "dbt", "dbt_version": "1.11.7", "profile_name": "covid_pipeline", "target_name": "dev", "node_id": "test.covid_pipeline.accepted_values_mart_data_freshness_freshness_status__Fresh__Recent__Stale__Very_Stale.a93cf2ba0c"} */
[0m10:11:45.478354 [debug] [Thread-2 (]: Opening a new connection, currently in state init
[0m10:11:45.479973 [debug] [Thread-4 (]: Using snowflake connection "test.covid_pipeline.assert_case_month_after_2020"
[0m10:11:45.481895 [debug] [Thread-5 (]: Using snowflake connection "test.covid_pipeline.assert_cases_per_100k_not_negative"
[0m10:11:45.483529 [debug] [Thread-3 (]: Using snowflake connection "test.covid_pipeline.assert_case_fatality_rate_in_range"
[0m10:11:45.484146 [debug] [Thread-4 (]: On test.covid_pipeline.assert_case_month_after_2020: select
      count(*) as failures,
      count(*) != 0 as should_warn,
      count(*) != 0 as should_error
    from (
      
    
  -- Custom test: all case records must be from 2020 or later.
-- COVID-19 did not exist before 2020 — earlier dates indicate bad data.
-- Returns rows that FAIL the test (dbt expects 0 rows for a passing test).

select
    state_fips,
    case_month,
    total_cases
from COVID_DB.INTERMEDIATE.int_cases_with_population
where case_month < '2020-01-01'
  
  
      
    ) dbt_internal_test
/* {"app": "dbt", "dbt_version": "1.11.7", "profile_name": "covid_pipeline", "target_name": "dev", "node_id": "test.covid_pipeline.assert_case_month_after_2020"} */
[0m10:11:45.485402 [debug] [Thread-5 (]: On test.covid_pipeline.assert_cases_per_100k_not_negative: select
      count(*) as failures,
      count(*) != 0 as should_warn,
      count(*) != 0 as should_error
    from (
      
    
  -- Custom test: cases_per_100k should never be negative.
-- A negative value would indicate a data error in case counts or population.
-- Returns rows that FAIL the test (dbt expects 0 rows for a passing test).

select
    county_fips,
    county_name,
    case_month,
    cases_per_100k
from COVID_DB.MARTS.mart_cases_per_100k
where cases_per_100k < 0
  
  
      
    ) dbt_internal_test
/* {"app": "dbt", "dbt_version": "1.11.7", "profile_name": "covid_pipeline", "target_name": "dev", "node_id": "test.covid_pipeline.assert_cases_per_100k_not_negative"} */
[0m10:11:45.486038 [debug] [Thread-3 (]: On test.covid_pipeline.assert_case_fatality_rate_in_range: select
      count(*) as failures,
      count(*) != 0 as should_warn,
      count(*) != 0 as should_error
    from (
      
    
  -- Custom test: case fatality rate must be between 0% and 100%.
-- Values outside this range indicate bad case or death counts.
-- Returns rows that FAIL the test (dbt expects 0 rows for a passing test).

select
    state_fips,
    case_month,
    total_cases,
    total_deaths,
    case_fatality_rate_pct
from COVID_DB.MARTS.mart_case_fatality_rate
where case_fatality_rate_pct < 0
   or case_fatality_rate_pct > 100
  
  
      
    ) dbt_internal_test
/* {"app": "dbt", "dbt_version": "1.11.7", "profile_name": "covid_pipeline", "target_name": "dev", "node_id": "test.covid_pipeline.assert_case_fatality_rate_in_range"} */
[0m10:11:45.486721 [debug] [Thread-4 (]: Opening a new connection, currently in state init
[0m10:11:45.487515 [debug] [Thread-5 (]: Opening a new connection, currently in state init
[0m10:11:45.488595 [debug] [Thread-3 (]: Opening a new connection, currently in state init
[0m10:11:47.108235 [debug] [Thread-3 (]: SQL status: SUCCESS 1 in 1.620 seconds
[0m10:11:47.120342 [info ] [Thread-3 (]: 2 of 19 PASS assert_case_fatality_rate_in_range ................................ [[32mPASS[0m in 1.73s]
[0m10:11:47.121879 [debug] [Thread-3 (]: Finished running node test.covid_pipeline.assert_case_fatality_rate_in_range
[0m10:11:47.122613 [debug] [Thread-3 (]: Began running node test.covid_pipeline.not_null_mart_case_fatality_rate_case_fatality_rate_pct.a4f0405f94
[0m10:11:47.123661 [info ] [Thread-3 (]: 5 of 19 START test not_null_mart_case_fatality_rate_case_fatality_rate_pct ..... [RUN]
[0m10:11:47.125469 [debug] [Thread-5 (]: SQL status: SUCCESS 1 in 1.638 seconds
[0m10:11:47.126061 [debug] [Thread-3 (]: Re-using an available connection from the pool (formerly test.covid_pipeline.assert_case_fatality_rate_in_range, now test.covid_pipeline.not_null_mart_case_fatality_rate_case_fatality_rate_pct.a4f0405f94)
[0m10:11:47.130336 [debug] [Thread-3 (]: Began compiling node test.covid_pipeline.not_null_mart_case_fatality_rate_case_fatality_rate_pct.a4f0405f94
[0m10:11:47.129651 [info ] [Thread-5 (]: 4 of 19 PASS assert_cases_per_100k_not_negative ................................ [[32mPASS[0m in 1.75s]
[0m10:11:47.141289 [debug] [Thread-3 (]: Writing injected SQL for node "test.covid_pipeline.not_null_mart_case_fatality_rate_case_fatality_rate_pct.a4f0405f94"
[0m10:11:47.142736 [debug] [Thread-5 (]: Finished running node test.covid_pipeline.assert_cases_per_100k_not_negative
[0m10:11:47.143963 [debug] [Thread-5 (]: Began running node test.covid_pipeline.not_null_mart_case_fatality_rate_case_month.9ed9496d51
[0m10:11:47.145110 [info ] [Thread-5 (]: 6 of 19 START test not_null_mart_case_fatality_rate_case_month ................. [RUN]
[0m10:11:47.146425 [debug] [Thread-5 (]: Re-using an available connection from the pool (formerly test.covid_pipeline.assert_cases_per_100k_not_negative, now test.covid_pipeline.not_null_mart_case_fatality_rate_case_month.9ed9496d51)
[0m10:11:47.147453 [debug] [Thread-3 (]: Began executing node test.covid_pipeline.not_null_mart_case_fatality_rate_case_fatality_rate_pct.a4f0405f94
[0m10:11:47.148375 [debug] [Thread-5 (]: Began compiling node test.covid_pipeline.not_null_mart_case_fatality_rate_case_month.9ed9496d51
[0m10:11:47.161368 [debug] [Thread-3 (]: Writing runtime sql for node "test.covid_pipeline.not_null_mart_case_fatality_rate_case_fatality_rate_pct.a4f0405f94"
[0m10:11:47.167638 [debug] [Thread-5 (]: Writing injected SQL for node "test.covid_pipeline.not_null_mart_case_fatality_rate_case_month.9ed9496d51"
[0m10:11:47.169887 [debug] [Thread-3 (]: Using snowflake connection "test.covid_pipeline.not_null_mart_case_fatality_rate_case_fatality_rate_pct.a4f0405f94"
[0m10:11:47.170835 [debug] [Thread-5 (]: Began executing node test.covid_pipeline.not_null_mart_case_fatality_rate_case_month.9ed9496d51
[0m10:11:47.172820 [debug] [Thread-3 (]: On test.covid_pipeline.not_null_mart_case_fatality_rate_case_fatality_rate_pct.a4f0405f94: select
      count(*) as failures,
      count(*) != 0 as should_warn,
      count(*) != 0 as should_error
    from (
      
    
  
    
    



select case_fatality_rate_pct
from COVID_DB.MARTS.mart_case_fatality_rate
where case_fatality_rate_pct is null



  
  
      
    ) dbt_internal_test
/* {"app": "dbt", "dbt_version": "1.11.7", "profile_name": "covid_pipeline", "target_name": "dev", "node_id": "test.covid_pipeline.not_null_mart_case_fatality_rate_case_fatality_rate_pct.a4f0405f94"} */
[0m10:11:47.176931 [debug] [Thread-5 (]: Writing runtime sql for node "test.covid_pipeline.not_null_mart_case_fatality_rate_case_month.9ed9496d51"
[0m10:11:47.180353 [debug] [Thread-2 (]: SQL status: SUCCESS 1 in 1.702 seconds
[0m10:11:47.183952 [info ] [Thread-2 (]: 1 of 19 PASS accepted_values_mart_data_freshness_freshness_status__Fresh__Recent__Stale__Very_Stale  [[32mPASS[0m in 1.80s]
[0m10:11:47.185628 [debug] [Thread-2 (]: Finished running node test.covid_pipeline.accepted_values_mart_data_freshness_freshness_status__Fresh__Recent__Stale__Very_Stale.a93cf2ba0c
[0m10:11:47.187089 [debug] [Thread-5 (]: Using snowflake connection "test.covid_pipeline.not_null_mart_case_fatality_rate_case_month.9ed9496d51"
[0m10:11:47.187819 [debug] [Thread-2 (]: Began running node test.covid_pipeline.not_null_mart_case_fatality_rate_state_fips.ff74c298a6
[0m10:11:47.188796 [debug] [Thread-5 (]: On test.covid_pipeline.not_null_mart_case_fatality_rate_case_month.9ed9496d51: select
      count(*) as failures,
      count(*) != 0 as should_warn,
      count(*) != 0 as should_error
    from (
      
    
  
    
    



select case_month
from COVID_DB.MARTS.mart_case_fatality_rate
where case_month is null



  
  
      
    ) dbt_internal_test
/* {"app": "dbt", "dbt_version": "1.11.7", "profile_name": "covid_pipeline", "target_name": "dev", "node_id": "test.covid_pipeline.not_null_mart_case_fatality_rate_case_month.9ed9496d51"} */
[0m10:11:47.189945 [info ] [Thread-2 (]: 7 of 19 START test not_null_mart_case_fatality_rate_state_fips ................. [RUN]
[0m10:11:47.193062 [debug] [Thread-2 (]: Re-using an available connection from the pool (formerly test.covid_pipeline.accepted_values_mart_data_freshness_freshness_status__Fresh__Recent__Stale__Very_Stale.a93cf2ba0c, now test.covid_pipeline.not_null_mart_case_fatality_rate_state_fips.ff74c298a6)
[0m10:11:47.194224 [debug] [Thread-2 (]: Began compiling node test.covid_pipeline.not_null_mart_case_fatality_rate_state_fips.ff74c298a6
[0m10:11:47.201879 [debug] [Thread-2 (]: Writing injected SQL for node "test.covid_pipeline.not_null_mart_case_fatality_rate_state_fips.ff74c298a6"
[0m10:11:47.203576 [debug] [Thread-2 (]: Began executing node test.covid_pipeline.not_null_mart_case_fatality_rate_state_fips.ff74c298a6
[0m10:11:47.208178 [debug] [Thread-2 (]: Writing runtime sql for node "test.covid_pipeline.not_null_mart_case_fatality_rate_state_fips.ff74c298a6"
[0m10:11:47.210293 [debug] [Thread-2 (]: Using snowflake connection "test.covid_pipeline.not_null_mart_case_fatality_rate_state_fips.ff74c298a6"
[0m10:11:47.211453 [debug] [Thread-2 (]: On test.covid_pipeline.not_null_mart_case_fatality_rate_state_fips.ff74c298a6: select
      count(*) as failures,
      count(*) != 0 as should_warn,
      count(*) != 0 as should_error
    from (
      
    
  
    
    



select state_fips
from COVID_DB.MARTS.mart_case_fatality_rate
where state_fips is null



  
  
      
    ) dbt_internal_test
/* {"app": "dbt", "dbt_version": "1.11.7", "profile_name": "covid_pipeline", "target_name": "dev", "node_id": "test.covid_pipeline.not_null_mart_case_fatality_rate_state_fips.ff74c298a6"} */
[0m10:11:47.398179 [debug] [Thread-2 (]: SQL status: SUCCESS 1 in 0.186 seconds
[0m10:11:47.400565 [info ] [Thread-2 (]: 7 of 19 PASS not_null_mart_case_fatality_rate_state_fips ....................... [[32mPASS[0m in 0.21s]
[0m10:11:47.401947 [debug] [Thread-2 (]: Finished running node test.covid_pipeline.not_null_mart_case_fatality_rate_state_fips.ff74c298a6
[0m10:11:47.402552 [debug] [Thread-2 (]: Began running node test.covid_pipeline.not_null_mart_cases_per_100k_case_month.4773fb69da
[0m10:11:47.403059 [info ] [Thread-2 (]: 8 of 19 START test not_null_mart_cases_per_100k_case_month ..................... [RUN]
[0m10:11:47.404026 [debug] [Thread-2 (]: Re-using an available connection from the pool (formerly test.covid_pipeline.not_null_mart_case_fatality_rate_state_fips.ff74c298a6, now test.covid_pipeline.not_null_mart_cases_per_100k_case_month.4773fb69da)
[0m10:11:47.404858 [debug] [Thread-2 (]: Began compiling node test.covid_pipeline.not_null_mart_cases_per_100k_case_month.4773fb69da
[0m10:11:47.412466 [debug] [Thread-2 (]: Writing injected SQL for node "test.covid_pipeline.not_null_mart_cases_per_100k_case_month.4773fb69da"
[0m10:11:47.414204 [debug] [Thread-2 (]: Began executing node test.covid_pipeline.not_null_mart_cases_per_100k_case_month.4773fb69da
[0m10:11:47.419658 [debug] [Thread-2 (]: Writing runtime sql for node "test.covid_pipeline.not_null_mart_cases_per_100k_case_month.4773fb69da"
[0m10:11:47.421801 [debug] [Thread-2 (]: Using snowflake connection "test.covid_pipeline.not_null_mart_cases_per_100k_case_month.4773fb69da"
[0m10:11:47.422480 [debug] [Thread-2 (]: On test.covid_pipeline.not_null_mart_cases_per_100k_case_month.4773fb69da: select
      count(*) as failures,
      count(*) != 0 as should_warn,
      count(*) != 0 as should_error
    from (
      
    
  
    
    



select case_month
from COVID_DB.MARTS.mart_cases_per_100k
where case_month is null



  
  
      
    ) dbt_internal_test
/* {"app": "dbt", "dbt_version": "1.11.7", "profile_name": "covid_pipeline", "target_name": "dev", "node_id": "test.covid_pipeline.not_null_mart_cases_per_100k_case_month.4773fb69da"} */
[0m10:11:47.495495 [debug] [Thread-4 (]: SQL status: SUCCESS 1 in 2.009 seconds
[0m10:11:47.498058 [info ] [Thread-4 (]: 3 of 19 PASS assert_case_month_after_2020 ...................................... [[32mPASS[0m in 2.09s]
[0m10:11:47.499160 [debug] [Thread-4 (]: Finished running node test.covid_pipeline.assert_case_month_after_2020
[0m10:11:47.499710 [debug] [Thread-4 (]: Began running node test.covid_pipeline.not_null_mart_cases_per_100k_cases_per_100k.7e883eee3a
[0m10:11:47.500208 [info ] [Thread-4 (]: 9 of 19 START test not_null_mart_cases_per_100k_cases_per_100k ................. [RUN]
[0m10:11:47.501042 [debug] [Thread-4 (]: Re-using an available connection from the pool (formerly test.covid_pipeline.assert_case_month_after_2020, now test.covid_pipeline.not_null_mart_cases_per_100k_cases_per_100k.7e883eee3a)
[0m10:11:47.501569 [debug] [Thread-4 (]: Began compiling node test.covid_pipeline.not_null_mart_cases_per_100k_cases_per_100k.7e883eee3a
[0m10:11:47.506060 [debug] [Thread-4 (]: Writing injected SQL for node "test.covid_pipeline.not_null_mart_cases_per_100k_cases_per_100k.7e883eee3a"
[0m10:11:47.507217 [debug] [Thread-4 (]: Began executing node test.covid_pipeline.not_null_mart_cases_per_100k_cases_per_100k.7e883eee3a
[0m10:11:47.510627 [debug] [Thread-4 (]: Writing runtime sql for node "test.covid_pipeline.not_null_mart_cases_per_100k_cases_per_100k.7e883eee3a"
[0m10:11:47.512938 [debug] [Thread-4 (]: Using snowflake connection "test.covid_pipeline.not_null_mart_cases_per_100k_cases_per_100k.7e883eee3a"
[0m10:11:47.513846 [debug] [Thread-4 (]: On test.covid_pipeline.not_null_mart_cases_per_100k_cases_per_100k.7e883eee3a: select
      count(*) as failures,
      count(*) != 0 as should_warn,
      count(*) != 0 as should_error
    from (
      
    
  
    
    



select cases_per_100k
from COVID_DB.MARTS.mart_cases_per_100k
where cases_per_100k is null



  
  
      
    ) dbt_internal_test
/* {"app": "dbt", "dbt_version": "1.11.7", "profile_name": "covid_pipeline", "target_name": "dev", "node_id": "test.covid_pipeline.not_null_mart_cases_per_100k_cases_per_100k.7e883eee3a"} */
[0m10:11:47.633134 [debug] [Thread-4 (]: SQL status: SUCCESS 1 in 0.119 seconds
[0m10:11:47.635424 [info ] [Thread-4 (]: 9 of 19 PASS not_null_mart_cases_per_100k_cases_per_100k ....................... [[32mPASS[0m in 0.13s]
[0m10:11:47.636717 [debug] [Thread-4 (]: Finished running node test.covid_pipeline.not_null_mart_cases_per_100k_cases_per_100k.7e883eee3a
[0m10:11:47.637482 [debug] [Thread-4 (]: Began running node test.covid_pipeline.not_null_mart_cases_per_100k_county_fips.f6c5500509
[0m10:11:47.638184 [info ] [Thread-4 (]: 10 of 19 START test not_null_mart_cases_per_100k_county_fips ................... [RUN]
[0m10:11:47.639073 [debug] [Thread-4 (]: Re-using an available connection from the pool (formerly test.covid_pipeline.not_null_mart_cases_per_100k_cases_per_100k.7e883eee3a, now test.covid_pipeline.not_null_mart_cases_per_100k_county_fips.f6c5500509)
[0m10:11:47.639612 [debug] [Thread-4 (]: Began compiling node test.covid_pipeline.not_null_mart_cases_per_100k_county_fips.f6c5500509
[0m10:11:47.644199 [debug] [Thread-4 (]: Writing injected SQL for node "test.covid_pipeline.not_null_mart_cases_per_100k_county_fips.f6c5500509"
[0m10:11:47.645494 [debug] [Thread-4 (]: Began executing node test.covid_pipeline.not_null_mart_cases_per_100k_county_fips.f6c5500509
[0m10:11:47.648667 [debug] [Thread-4 (]: Writing runtime sql for node "test.covid_pipeline.not_null_mart_cases_per_100k_county_fips.f6c5500509"
[0m10:11:47.650081 [debug] [Thread-4 (]: Using snowflake connection "test.covid_pipeline.not_null_mart_cases_per_100k_county_fips.f6c5500509"
[0m10:11:47.650654 [debug] [Thread-4 (]: On test.covid_pipeline.not_null_mart_cases_per_100k_county_fips.f6c5500509: select
      count(*) as failures,
      count(*) != 0 as should_warn,
      count(*) != 0 as should_error
    from (
      
    
  
    
    



select county_fips
from COVID_DB.MARTS.mart_cases_per_100k
where county_fips is null



  
  
      
    ) dbt_internal_test
/* {"app": "dbt", "dbt_version": "1.11.7", "profile_name": "covid_pipeline", "target_name": "dev", "node_id": "test.covid_pipeline.not_null_mart_cases_per_100k_county_fips.f6c5500509"} */
[0m10:11:47.683525 [debug] [Thread-5 (]: SQL status: SUCCESS 1 in 0.493 seconds
[0m10:11:47.686031 [info ] [Thread-5 (]: 6 of 19 PASS not_null_mart_case_fatality_rate_case_month ....................... [[32mPASS[0m in 0.54s]
[0m10:11:47.687313 [debug] [Thread-5 (]: Finished running node test.covid_pipeline.not_null_mart_case_fatality_rate_case_month.9ed9496d51
[0m10:11:47.687862 [debug] [Thread-5 (]: Began running node test.covid_pipeline.not_null_mart_data_freshness_freshness_status.d73145837c
[0m10:11:47.688344 [info ] [Thread-5 (]: 11 of 19 START test not_null_mart_data_freshness_freshness_status .............. [RUN]
[0m10:11:47.689261 [debug] [Thread-5 (]: Re-using an available connection from the pool (formerly test.covid_pipeline.not_null_mart_case_fatality_rate_case_month.9ed9496d51, now test.covid_pipeline.not_null_mart_data_freshness_freshness_status.d73145837c)
[0m10:11:47.689767 [debug] [Thread-5 (]: Began compiling node test.covid_pipeline.not_null_mart_data_freshness_freshness_status.d73145837c
[0m10:11:47.694574 [debug] [Thread-5 (]: Writing injected SQL for node "test.covid_pipeline.not_null_mart_data_freshness_freshness_status.d73145837c"
[0m10:11:47.696011 [debug] [Thread-5 (]: Began executing node test.covid_pipeline.not_null_mart_data_freshness_freshness_status.d73145837c
[0m10:11:47.699732 [debug] [Thread-5 (]: Writing runtime sql for node "test.covid_pipeline.not_null_mart_data_freshness_freshness_status.d73145837c"
[0m10:11:47.701367 [debug] [Thread-5 (]: Using snowflake connection "test.covid_pipeline.not_null_mart_data_freshness_freshness_status.d73145837c"
[0m10:11:47.702463 [debug] [Thread-5 (]: On test.covid_pipeline.not_null_mart_data_freshness_freshness_status.d73145837c: select
      count(*) as failures,
      count(*) != 0 as should_warn,
      count(*) != 0 as should_error
    from (
      
    
  
    
    



select freshness_status
from COVID_DB.MARTS.mart_data_freshness
where freshness_status is null



  
  
      
    ) dbt_internal_test
/* {"app": "dbt", "dbt_version": "1.11.7", "profile_name": "covid_pipeline", "target_name": "dev", "node_id": "test.covid_pipeline.not_null_mart_data_freshness_freshness_status.d73145837c"} */
[0m10:11:47.704760 [debug] [Thread-3 (]: SQL status: SUCCESS 1 in 0.527 seconds
[0m10:11:47.707668 [info ] [Thread-3 (]: 5 of 19 PASS not_null_mart_case_fatality_rate_case_fatality_rate_pct ........... [[32mPASS[0m in 0.58s]
[0m10:11:47.708943 [debug] [Thread-3 (]: Finished running node test.covid_pipeline.not_null_mart_case_fatality_rate_case_fatality_rate_pct.a4f0405f94
[0m10:11:47.709498 [debug] [Thread-3 (]: Began running node test.covid_pipeline.not_null_mart_data_freshness_source_table.2fc2ee7ce6
[0m10:11:47.709994 [info ] [Thread-3 (]: 12 of 19 START test not_null_mart_data_freshness_source_table .................. [RUN]
[0m10:11:47.711301 [debug] [Thread-3 (]: Re-using an available connection from the pool (formerly test.covid_pipeline.not_null_mart_case_fatality_rate_case_fatality_rate_pct.a4f0405f94, now test.covid_pipeline.not_null_mart_data_freshness_source_table.2fc2ee7ce6)
[0m10:11:47.712020 [debug] [Thread-3 (]: Began compiling node test.covid_pipeline.not_null_mart_data_freshness_source_table.2fc2ee7ce6
[0m10:11:47.719111 [debug] [Thread-3 (]: Writing injected SQL for node "test.covid_pipeline.not_null_mart_data_freshness_source_table.2fc2ee7ce6"
[0m10:11:47.720806 [debug] [Thread-2 (]: SQL status: SUCCESS 1 in 0.298 seconds
[0m10:11:47.723202 [info ] [Thread-2 (]: 8 of 19 PASS not_null_mart_cases_per_100k_case_month ........................... [[32mPASS[0m in 0.32s]
[0m10:11:47.724621 [debug] [Thread-2 (]: Finished running node test.covid_pipeline.not_null_mart_cases_per_100k_case_month.4773fb69da
[0m10:11:47.725214 [debug] [Thread-3 (]: Began executing node test.covid_pipeline.not_null_mart_data_freshness_source_table.2fc2ee7ce6
[0m10:11:47.725842 [debug] [Thread-2 (]: Began running node test.covid_pipeline.not_null_mart_rolling_avg_cases_case_month.6480b6c0cc
[0m10:11:47.730025 [debug] [Thread-3 (]: Writing runtime sql for node "test.covid_pipeline.not_null_mart_data_freshness_source_table.2fc2ee7ce6"
[0m10:11:47.731213 [info ] [Thread-2 (]: 13 of 19 START test not_null_mart_rolling_avg_cases_case_month ................. [RUN]
[0m10:11:47.732977 [debug] [Thread-2 (]: Re-using an available connection from the pool (formerly test.covid_pipeline.not_null_mart_cases_per_100k_case_month.4773fb69da, now test.covid_pipeline.not_null_mart_rolling_avg_cases_case_month.6480b6c0cc)
[0m10:11:47.733802 [debug] [Thread-2 (]: Began compiling node test.covid_pipeline.not_null_mart_rolling_avg_cases_case_month.6480b6c0cc
[0m10:11:47.740718 [debug] [Thread-2 (]: Writing injected SQL for node "test.covid_pipeline.not_null_mart_rolling_avg_cases_case_month.6480b6c0cc"
[0m10:11:47.742619 [debug] [Thread-3 (]: Using snowflake connection "test.covid_pipeline.not_null_mart_data_freshness_source_table.2fc2ee7ce6"
[0m10:11:47.743547 [debug] [Thread-3 (]: On test.covid_pipeline.not_null_mart_data_freshness_source_table.2fc2ee7ce6: select
      count(*) as failures,
      count(*) != 0 as should_warn,
      count(*) != 0 as should_error
    from (
      
    
  
    
    



select source_table
from COVID_DB.MARTS.mart_data_freshness
where source_table is null



  
  
      
    ) dbt_internal_test
/* {"app": "dbt", "dbt_version": "1.11.7", "profile_name": "covid_pipeline", "target_name": "dev", "node_id": "test.covid_pipeline.not_null_mart_data_freshness_source_table.2fc2ee7ce6"} */
[0m10:11:47.745675 [debug] [Thread-2 (]: Began executing node test.covid_pipeline.not_null_mart_rolling_avg_cases_case_month.6480b6c0cc
[0m10:11:47.750684 [debug] [Thread-2 (]: Writing runtime sql for node "test.covid_pipeline.not_null_mart_rolling_avg_cases_case_month.6480b6c0cc"
[0m10:11:47.753084 [debug] [Thread-2 (]: Using snowflake connection "test.covid_pipeline.not_null_mart_rolling_avg_cases_case_month.6480b6c0cc"
[0m10:11:47.753769 [debug] [Thread-2 (]: On test.covid_pipeline.not_null_mart_rolling_avg_cases_case_month.6480b6c0cc: select
      count(*) as failures,
      count(*) != 0 as should_warn,
      count(*) != 0 as should_error
    from (
      
    
  
    
    



select case_month
from COVID_DB.MARTS.mart_rolling_avg_cases
where case_month is null



  
  
      
    ) dbt_internal_test
/* {"app": "dbt", "dbt_version": "1.11.7", "profile_name": "covid_pipeline", "target_name": "dev", "node_id": "test.covid_pipeline.not_null_mart_rolling_avg_cases_case_month.6480b6c0cc"} */
[0m10:11:47.820845 [debug] [Thread-4 (]: SQL status: SUCCESS 1 in 0.170 seconds
[0m10:11:47.823246 [info ] [Thread-4 (]: 10 of 19 PASS not_null_mart_cases_per_100k_county_fips ......................... [[32mPASS[0m in 0.18s]
[0m10:11:47.824921 [debug] [Thread-4 (]: Finished running node test.covid_pipeline.not_null_mart_cases_per_100k_county_fips.f6c5500509
[0m10:11:47.825518 [debug] [Thread-4 (]: Began running node test.covid_pipeline.not_null_mart_rolling_avg_cases_monthly_cases.76aa447b37
[0m10:11:47.826021 [info ] [Thread-4 (]: 14 of 19 START test not_null_mart_rolling_avg_cases_monthly_cases .............. [RUN]
[0m10:11:47.826935 [debug] [Thread-4 (]: Re-using an available connection from the pool (formerly test.covid_pipeline.not_null_mart_cases_per_100k_county_fips.f6c5500509, now test.covid_pipeline.not_null_mart_rolling_avg_cases_monthly_cases.76aa447b37)
[0m10:11:47.827524 [debug] [Thread-4 (]: Began compiling node test.covid_pipeline.not_null_mart_rolling_avg_cases_monthly_cases.76aa447b37
[0m10:11:47.832319 [debug] [Thread-4 (]: Writing injected SQL for node "test.covid_pipeline.not_null_mart_rolling_avg_cases_monthly_cases.76aa447b37"
[0m10:11:47.833562 [debug] [Thread-4 (]: Began executing node test.covid_pipeline.not_null_mart_rolling_avg_cases_monthly_cases.76aa447b37
[0m10:11:47.837205 [debug] [Thread-4 (]: Writing runtime sql for node "test.covid_pipeline.not_null_mart_rolling_avg_cases_monthly_cases.76aa447b37"
[0m10:11:47.839172 [debug] [Thread-4 (]: Using snowflake connection "test.covid_pipeline.not_null_mart_rolling_avg_cases_monthly_cases.76aa447b37"
[0m10:11:47.839925 [debug] [Thread-4 (]: On test.covid_pipeline.not_null_mart_rolling_avg_cases_monthly_cases.76aa447b37: select
      count(*) as failures,
      count(*) != 0 as should_warn,
      count(*) != 0 as should_error
    from (
      
    
  
    
    



select monthly_cases
from COVID_DB.MARTS.mart_rolling_avg_cases
where monthly_cases is null



  
  
      
    ) dbt_internal_test
/* {"app": "dbt", "dbt_version": "1.11.7", "profile_name": "covid_pipeline", "target_name": "dev", "node_id": "test.covid_pipeline.not_null_mart_rolling_avg_cases_monthly_cases.76aa447b37"} */
[0m10:11:47.889468 [debug] [Thread-5 (]: SQL status: SUCCESS 1 in 0.186 seconds
[0m10:11:47.893018 [info ] [Thread-5 (]: 11 of 19 PASS not_null_mart_data_freshness_freshness_status .................... [[32mPASS[0m in 0.20s]
[0m10:11:47.894531 [debug] [Thread-5 (]: Finished running node test.covid_pipeline.not_null_mart_data_freshness_freshness_status.d73145837c
[0m10:11:47.895229 [debug] [Thread-5 (]: Began running node test.covid_pipeline.not_null_mart_rolling_avg_cases_rolling_3mo_avg_cases.0af87146df
[0m10:11:47.895753 [info ] [Thread-5 (]: 15 of 19 START test not_null_mart_rolling_avg_cases_rolling_3mo_avg_cases ...... [RUN]
[0m10:11:47.896571 [debug] [Thread-5 (]: Re-using an available connection from the pool (formerly test.covid_pipeline.not_null_mart_data_freshness_freshness_status.d73145837c, now test.covid_pipeline.not_null_mart_rolling_avg_cases_rolling_3mo_avg_cases.0af87146df)
[0m10:11:47.897075 [debug] [Thread-5 (]: Began compiling node test.covid_pipeline.not_null_mart_rolling_avg_cases_rolling_3mo_avg_cases.0af87146df
[0m10:11:47.901652 [debug] [Thread-5 (]: Writing injected SQL for node "test.covid_pipeline.not_null_mart_rolling_avg_cases_rolling_3mo_avg_cases.0af87146df"
[0m10:11:47.903159 [debug] [Thread-5 (]: Began executing node test.covid_pipeline.not_null_mart_rolling_avg_cases_rolling_3mo_avg_cases.0af87146df
[0m10:11:47.906504 [debug] [Thread-5 (]: Writing runtime sql for node "test.covid_pipeline.not_null_mart_rolling_avg_cases_rolling_3mo_avg_cases.0af87146df"
[0m10:11:47.907974 [debug] [Thread-5 (]: Using snowflake connection "test.covid_pipeline.not_null_mart_rolling_avg_cases_rolling_3mo_avg_cases.0af87146df"
[0m10:11:47.908533 [debug] [Thread-5 (]: On test.covid_pipeline.not_null_mart_rolling_avg_cases_rolling_3mo_avg_cases.0af87146df: select
      count(*) as failures,
      count(*) != 0 as should_warn,
      count(*) != 0 as should_error
    from (
      
    
  
    
    



select rolling_3mo_avg_cases
from COVID_DB.MARTS.mart_rolling_avg_cases
where rolling_3mo_avg_cases is null



  
  
      
    ) dbt_internal_test
/* {"app": "dbt", "dbt_version": "1.11.7", "profile_name": "covid_pipeline", "target_name": "dev", "node_id": "test.covid_pipeline.not_null_mart_rolling_avg_cases_rolling_3mo_avg_cases.0af87146df"} */
[0m10:11:47.931897 [debug] [Thread-3 (]: SQL status: SUCCESS 1 in 0.188 seconds
[0m10:11:47.934653 [info ] [Thread-3 (]: 12 of 19 PASS not_null_mart_data_freshness_source_table ........................ [[32mPASS[0m in 0.22s]
[0m10:11:47.935823 [debug] [Thread-3 (]: Finished running node test.covid_pipeline.not_null_mart_data_freshness_source_table.2fc2ee7ce6
[0m10:11:47.936377 [debug] [Thread-3 (]: Began running node test.covid_pipeline.not_null_mart_rolling_avg_cases_state_fips.8e09741ccb
[0m10:11:47.936895 [info ] [Thread-3 (]: 16 of 19 START test not_null_mart_rolling_avg_cases_state_fips ................. [RUN]
[0m10:11:47.937709 [debug] [Thread-3 (]: Re-using an available connection from the pool (formerly test.covid_pipeline.not_null_mart_data_freshness_source_table.2fc2ee7ce6, now test.covid_pipeline.not_null_mart_rolling_avg_cases_state_fips.8e09741ccb)
[0m10:11:47.938210 [debug] [Thread-3 (]: Began compiling node test.covid_pipeline.not_null_mart_rolling_avg_cases_state_fips.8e09741ccb
[0m10:11:47.943432 [debug] [Thread-3 (]: Writing injected SQL for node "test.covid_pipeline.not_null_mart_rolling_avg_cases_state_fips.8e09741ccb"
[0m10:11:47.945092 [debug] [Thread-3 (]: Began executing node test.covid_pipeline.not_null_mart_rolling_avg_cases_state_fips.8e09741ccb
[0m10:11:47.949893 [debug] [Thread-3 (]: Writing runtime sql for node "test.covid_pipeline.not_null_mart_rolling_avg_cases_state_fips.8e09741ccb"
[0m10:11:47.951719 [debug] [Thread-3 (]: Using snowflake connection "test.covid_pipeline.not_null_mart_rolling_avg_cases_state_fips.8e09741ccb"
[0m10:11:47.952687 [debug] [Thread-3 (]: On test.covid_pipeline.not_null_mart_rolling_avg_cases_state_fips.8e09741ccb: select
      count(*) as failures,
      count(*) != 0 as should_warn,
      count(*) != 0 as should_error
    from (
      
    
  
    
    



select state_fips
from COVID_DB.MARTS.mart_rolling_avg_cases
where state_fips is null



  
  
      
    ) dbt_internal_test
/* {"app": "dbt", "dbt_version": "1.11.7", "profile_name": "covid_pipeline", "target_name": "dev", "node_id": "test.covid_pipeline.not_null_mart_rolling_avg_cases_state_fips.8e09741ccb"} */
[0m10:11:48.214840 [debug] [Thread-5 (]: SQL status: SUCCESS 1 in 0.306 seconds
[0m10:11:48.217120 [info ] [Thread-5 (]: 15 of 19 PASS not_null_mart_rolling_avg_cases_rolling_3mo_avg_cases ............ [[32mPASS[0m in 0.32s]
[0m10:11:48.218231 [debug] [Thread-5 (]: Finished running node test.covid_pipeline.not_null_mart_rolling_avg_cases_rolling_3mo_avg_cases.0af87146df
[0m10:11:48.218759 [debug] [Thread-5 (]: Began running node test.covid_pipeline.not_null_mart_vaccination_vs_cases_county_fips.407223a3c6
[0m10:11:48.220732 [debug] [Thread-2 (]: SQL status: SUCCESS 1 in 0.466 seconds
[0m10:11:48.219248 [info ] [Thread-5 (]: 17 of 19 START test not_null_mart_vaccination_vs_cases_county_fips ............. [RUN]
[0m10:11:48.223822 [debug] [Thread-5 (]: Re-using an available connection from the pool (formerly test.covid_pipeline.not_null_mart_rolling_avg_cases_rolling_3mo_avg_cases.0af87146df, now test.covid_pipeline.not_null_mart_vaccination_vs_cases_county_fips.407223a3c6)
[0m10:11:48.223224 [info ] [Thread-2 (]: 13 of 19 PASS not_null_mart_rolling_avg_cases_case_month ....................... [[32mPASS[0m in 0.49s]
[0m10:11:48.224632 [debug] [Thread-5 (]: Began compiling node test.covid_pipeline.not_null_mart_vaccination_vs_cases_county_fips.407223a3c6
[0m10:11:48.225474 [debug] [Thread-2 (]: Finished running node test.covid_pipeline.not_null_mart_rolling_avg_cases_case_month.6480b6c0cc
[0m10:11:48.231003 [debug] [Thread-5 (]: Writing injected SQL for node "test.covid_pipeline.not_null_mart_vaccination_vs_cases_county_fips.407223a3c6"
[0m10:11:48.232111 [debug] [Thread-2 (]: Began running node test.covid_pipeline.unique_mart_data_freshness_source_table.d8eb64dde4
[0m10:11:48.233261 [info ] [Thread-2 (]: 18 of 19 START test unique_mart_data_freshness_source_table .................... [RUN]
[0m10:11:48.234275 [debug] [Thread-2 (]: Re-using an available connection from the pool (formerly test.covid_pipeline.not_null_mart_rolling_avg_cases_case_month.6480b6c0cc, now test.covid_pipeline.unique_mart_data_freshness_source_table.d8eb64dde4)
[0m10:11:48.235114 [debug] [Thread-2 (]: Began compiling node test.covid_pipeline.unique_mart_data_freshness_source_table.d8eb64dde4
[0m10:11:48.247261 [debug] [Thread-2 (]: Writing injected SQL for node "test.covid_pipeline.unique_mart_data_freshness_source_table.d8eb64dde4"
[0m10:11:48.248799 [debug] [Thread-3 (]: SQL status: SUCCESS 1 in 0.295 seconds
[0m10:11:48.249836 [debug] [Thread-5 (]: Began executing node test.covid_pipeline.not_null_mart_vaccination_vs_cases_county_fips.407223a3c6
[0m10:11:48.255244 [debug] [Thread-5 (]: Writing runtime sql for node "test.covid_pipeline.not_null_mart_vaccination_vs_cases_county_fips.407223a3c6"
[0m10:11:48.252278 [info ] [Thread-3 (]: 16 of 19 PASS not_null_mart_rolling_avg_cases_state_fips ....................... [[32mPASS[0m in 0.31s]
[0m10:11:48.256502 [debug] [Thread-3 (]: Finished running node test.covid_pipeline.not_null_mart_rolling_avg_cases_state_fips.8e09741ccb
[0m10:11:48.257086 [debug] [Thread-3 (]: Began running node test.covid_pipeline.unique_mart_vaccination_vs_cases_county_fips.114454f6db
[0m10:11:48.258214 [debug] [Thread-2 (]: Began executing node test.covid_pipeline.unique_mart_data_freshness_source_table.d8eb64dde4
[0m10:11:48.262043 [debug] [Thread-2 (]: Writing runtime sql for node "test.covid_pipeline.unique_mart_data_freshness_source_table.d8eb64dde4"
[0m10:11:48.257749 [info ] [Thread-3 (]: 19 of 19 START test unique_mart_vaccination_vs_cases_county_fips ............... [RUN]
[0m10:11:48.263475 [debug] [Thread-5 (]: Using snowflake connection "test.covid_pipeline.not_null_mart_vaccination_vs_cases_county_fips.407223a3c6"
[0m10:11:48.264805 [debug] [Thread-3 (]: Re-using an available connection from the pool (formerly test.covid_pipeline.not_null_mart_rolling_avg_cases_state_fips.8e09741ccb, now test.covid_pipeline.unique_mart_vaccination_vs_cases_county_fips.114454f6db)
[0m10:11:48.265667 [debug] [Thread-5 (]: On test.covid_pipeline.not_null_mart_vaccination_vs_cases_county_fips.407223a3c6: select
      count(*) as failures,
      count(*) != 0 as should_warn,
      count(*) != 0 as should_error
    from (
      
    
  
    
    



select county_fips
from COVID_DB.MARTS.mart_vaccination_vs_cases
where county_fips is null



  
  
      
    ) dbt_internal_test
/* {"app": "dbt", "dbt_version": "1.11.7", "profile_name": "covid_pipeline", "target_name": "dev", "node_id": "test.covid_pipeline.not_null_mart_vaccination_vs_cases_county_fips.407223a3c6"} */
[0m10:11:48.266641 [debug] [Thread-3 (]: Began compiling node test.covid_pipeline.unique_mart_vaccination_vs_cases_county_fips.114454f6db
[0m10:11:48.268232 [debug] [Thread-2 (]: Using snowflake connection "test.covid_pipeline.unique_mart_data_freshness_source_table.d8eb64dde4"
[0m10:11:48.273586 [debug] [Thread-3 (]: Writing injected SQL for node "test.covid_pipeline.unique_mart_vaccination_vs_cases_county_fips.114454f6db"
[0m10:11:48.274422 [debug] [Thread-2 (]: On test.covid_pipeline.unique_mart_data_freshness_source_table.d8eb64dde4: select
      count(*) as failures,
      count(*) != 0 as should_warn,
      count(*) != 0 as should_error
    from (
      
    
  
    
    

select
    source_table as unique_field,
    count(*) as n_records

from COVID_DB.MARTS.mart_data_freshness
where source_table is not null
group by source_table
having count(*) > 1



  
  
      
    ) dbt_internal_test
/* {"app": "dbt", "dbt_version": "1.11.7", "profile_name": "covid_pipeline", "target_name": "dev", "node_id": "test.covid_pipeline.unique_mart_data_freshness_source_table.d8eb64dde4"} */
[0m10:11:48.277912 [debug] [Thread-3 (]: Began executing node test.covid_pipeline.unique_mart_vaccination_vs_cases_county_fips.114454f6db
[0m10:11:48.282464 [debug] [Thread-3 (]: Writing runtime sql for node "test.covid_pipeline.unique_mart_vaccination_vs_cases_county_fips.114454f6db"
[0m10:11:48.284406 [debug] [Thread-3 (]: Using snowflake connection "test.covid_pipeline.unique_mart_vaccination_vs_cases_county_fips.114454f6db"
[0m10:11:48.285003 [debug] [Thread-3 (]: On test.covid_pipeline.unique_mart_vaccination_vs_cases_county_fips.114454f6db: select
      count(*) as failures,
      count(*) != 0 as should_warn,
      count(*) != 0 as should_error
    from (
      
    
  
    
    

select
    county_fips as unique_field,
    count(*) as n_records

from COVID_DB.MARTS.mart_vaccination_vs_cases
where county_fips is not null
group by county_fips
having count(*) > 1



  
  
      
    ) dbt_internal_test
/* {"app": "dbt", "dbt_version": "1.11.7", "profile_name": "covid_pipeline", "target_name": "dev", "node_id": "test.covid_pipeline.unique_mart_vaccination_vs_cases_county_fips.114454f6db"} */
[0m10:11:48.380944 [debug] [Thread-4 (]: SQL status: SUCCESS 1 in 0.540 seconds
[0m10:11:48.383349 [info ] [Thread-4 (]: 14 of 19 PASS not_null_mart_rolling_avg_cases_monthly_cases .................... [[32mPASS[0m in 0.56s]
[0m10:11:48.384844 [debug] [Thread-4 (]: Finished running node test.covid_pipeline.not_null_mart_rolling_avg_cases_monthly_cases.76aa447b37
[0m10:11:48.450017 [debug] [Thread-5 (]: SQL status: SUCCESS 1 in 0.183 seconds
[0m10:11:48.452390 [info ] [Thread-5 (]: 17 of 19 PASS not_null_mart_vaccination_vs_cases_county_fips ................... [[32mPASS[0m in 0.23s]
[0m10:11:48.453805 [debug] [Thread-5 (]: Finished running node test.covid_pipeline.not_null_mart_vaccination_vs_cases_county_fips.407223a3c6
[0m10:11:48.603932 [debug] [Thread-2 (]: SQL status: SUCCESS 1 in 0.328 seconds
[0m10:11:48.606347 [info ] [Thread-2 (]: 18 of 19 PASS unique_mart_data_freshness_source_table .......................... [[32mPASS[0m in 0.37s]
[0m10:11:48.607773 [debug] [Thread-2 (]: Finished running node test.covid_pipeline.unique_mart_data_freshness_source_table.d8eb64dde4
[0m10:11:48.651052 [debug] [Thread-3 (]: SQL status: SUCCESS 1 in 0.365 seconds
[0m10:11:48.653568 [warn ] [Thread-3 (]: 19 of 19 WARN 3211 unique_mart_vaccination_vs_cases_county_fips ................ [[33mWARN 3211[0m in 0.39s]
[0m10:11:48.654725 [debug] [Thread-3 (]: Finished running node test.covid_pipeline.unique_mart_vaccination_vs_cases_county_fips.114454f6db
[0m10:11:48.656400 [debug] [MainThread]: Connection 'master' was properly closed.
[0m10:11:48.656830 [debug] [MainThread]: Connection 'list_COVID_DB_STAGING' was left open.
[0m10:11:48.657226 [debug] [MainThread]: On list_COVID_DB_STAGING: Close
[0m10:11:48.755579 [debug] [MainThread]: Connection 'list_COVID_DB_INTERMEDIATE' was left open.
[0m10:11:48.756077 [debug] [MainThread]: On list_COVID_DB_INTERMEDIATE: Close
[0m10:11:48.851431 [debug] [MainThread]: Connection 'list_COVID_DB_MARTS' was left open.
[0m10:11:48.852150 [debug] [MainThread]: On list_COVID_DB_MARTS: Close
[0m10:11:48.976058 [debug] [MainThread]: Connection 'test.covid_pipeline.not_null_mart_vaccination_vs_cases_county_fips.407223a3c6' was left open.
[0m10:11:48.976751 [debug] [MainThread]: On test.covid_pipeline.not_null_mart_vaccination_vs_cases_county_fips.407223a3c6: Close
[0m10:11:49.090479 [debug] [MainThread]: Connection 'test.covid_pipeline.unique_mart_data_freshness_source_table.d8eb64dde4' was left open.
[0m10:11:49.090957 [debug] [MainThread]: On test.covid_pipeline.unique_mart_data_freshness_source_table.d8eb64dde4: Close
[0m10:11:49.203036 [debug] [MainThread]: Connection 'test.covid_pipeline.unique_mart_vaccination_vs_cases_county_fips.114454f6db' was left open.
[0m10:11:49.203542 [debug] [MainThread]: On test.covid_pipeline.unique_mart_vaccination_vs_cases_county_fips.114454f6db: Close
[0m10:11:49.306514 [debug] [MainThread]: Connection 'test.covid_pipeline.not_null_mart_rolling_avg_cases_monthly_cases.76aa447b37' was left open.
[0m10:11:49.306992 [debug] [MainThread]: On test.covid_pipeline.not_null_mart_rolling_avg_cases_monthly_cases.76aa447b37: Close
[0m10:11:49.403450 [info ] [MainThread]: 
[0m10:11:49.404232 [info ] [MainThread]: Finished running 19 data tests in 0 hours 0 minutes and 10.59 seconds (10.59s).
[0m10:11:49.408387 [debug] [MainThread]: Command end result
[0m10:11:49.449015 [debug] [MainThread]: Wrote artifact WritableManifest to C:\Users\Admin\workspace\DE_2025\Project3_Covid19_JW\dbt_project\target\manifest.json
[0m10:11:49.453488 [debug] [MainThread]: Wrote artifact SemanticManifest to C:\Users\Admin\workspace\DE_2025\Project3_Covid19_JW\dbt_project\target\semantic_manifest.json
[0m10:11:49.464775 [debug] [MainThread]: Wrote artifact RunExecutionResult to C:\Users\Admin\workspace\DE_2025\Project3_Covid19_JW\dbt_project\target\run_results.json
[0m10:11:49.466217 [info ] [MainThread]: 
[0m10:11:49.468463 [info ] [MainThread]: [33mCompleted with 1 warning:[0m
[0m10:11:49.469423 [info ] [MainThread]: 
[0m10:11:49.470520 [warn ] [MainThread]: [33mWarning in test unique_mart_vaccination_vs_cases_county_fips (models\marts\schema.yml)[0m
[0m10:11:49.471697 [warn ] [MainThread]: Got 3211 results, configured to warn if != 0
[0m10:11:49.472610 [info ] [MainThread]: 
[0m10:11:49.473792 [info ] [MainThread]:   compiled code at target\compiled\covid_pipeline\models\marts\schema.yml\unique_mart_vaccination_vs_cases_county_fips.sql
[0m10:11:49.474709 [info ] [MainThread]: 
[0m10:11:49.475715 [info ] [MainThread]: Done. PASS=18 WARN=1 ERROR=0 SKIP=0 NO-OP=0 TOTAL=19
[0m10:11:49.477906 [debug] [MainThread]: Command `dbt test` succeeded at 10:11:49.477547 after 20.43 seconds
[0m10:11:49.478753 [debug] [MainThread]: Sending event: {'category': 'dbt', 'action': 'invocation', 'label': 'end', 'context': [<snowplow_tracker.self_describing_json.SelfDescribingJson object at 0x0000021396A18B90>, <snowplow_tracker.self_describing_json.SelfDescribingJson object at 0x00000213AC1AD4F0>, <snowplow_tracker.self_describing_json.SelfDescribingJson object at 0x00000213ABC33490>]}
[0m10:11:49.479494 [debug] [MainThread]: Flushing usage events
[0m10:11:49.674163 [debug] [MainThread]: An error was encountered while trying to flush usage events
[0m13:28:23.857517 [debug] [MainThread]: Sending event: {'category': 'dbt', 'action': 'invocation', 'label': 'start', 'context': [<snowplow_tracker.self_describing_json.SelfDescribingJson object at 0x000001D465F14C20>, <snowplow_tracker.self_describing_json.SelfDescribingJson object at 0x000001D463A48910>, <snowplow_tracker.self_describing_json.SelfDescribingJson object at 0x000001D4669E8910>]}


============================== 13:28:23.864069 | 07cc495a-ab68-4d20-8092-f1c45dc3bb89 ==============================
[0m13:28:23.864069 [info ] [MainThread]: Running with dbt=1.11.7
[0m13:28:23.865284 [debug] [MainThread]: running dbt with arguments {'static_parser': 'True', 'no_print': 'None', 'version_check': 'True', 'warn_error_options': 'WarnErrorOptionsV2(error=[], warn=[], silence=[])', 'target_path': 'None', 'printer_width': '80', 'write_json': 'True', 'empty': 'False', 'log_cache_events': 'False', 'introspect': 'True', 'cache_selected_only': 'False', 'fail_fast': 'False', 'debug': 'False', 'log_format': 'default', 'partial_parse': 'True', 'send_anonymous_usage_stats': 'True', 'quiet': 'False', 'warn_error': 'None', 'profiles_dir': 'C:\\Users\\Admin\\.dbt', 'use_colors': 'True', 'invocation_command': 'dbt run --select mart_hospitalization_rate mart_severity_index', 'indirect_selection': 'eager', 'use_experimental_parser': 'False', 'log_path': 'C:\\Users\\Admin\\workspace\\DE_2025\\Project3_Covid19_JW\\dbt_project\\logs'}
[0m13:28:25.261298 [debug] [MainThread]: Snowflake adapter: Setting snowflake.connector to ERROR (file logging only)
[0m13:28:25.261934 [debug] [MainThread]: Snowflake adapter: Setting botocore to ERROR (file logging only)
[0m13:28:25.262403 [debug] [MainThread]: Snowflake adapter: Setting boto3 to ERROR (file logging only)
[0m13:28:25.589502 [debug] [MainThread]: Sending event: {'category': 'dbt', 'action': 'project_id', 'label': '07cc495a-ab68-4d20-8092-f1c45dc3bb89', 'context': [<snowplow_tracker.self_describing_json.SelfDescribingJson object at 0x000001D46635EEA0>]}
[0m13:28:25.688275 [debug] [MainThread]: Sending event: {'category': 'dbt', 'action': 'adapter_info', 'label': '07cc495a-ab68-4d20-8092-f1c45dc3bb89', 'context': [<snowplow_tracker.self_describing_json.SelfDescribingJson object at 0x000001D47B8ED370>]}
[0m13:28:25.690247 [info ] [MainThread]: Registered adapter: snowflake=1.11.3
[0m13:28:26.277504 [debug] [MainThread]: checksum: b80718358155fc17c3559352095564dd56ada1cc1a1c0ef2e62c857e71583775, vars: {}, profile: , target: , version: 1.11.7
[0m13:28:26.580921 [debug] [MainThread]: Partial parsing enabled: 0 files deleted, 2 files added, 1 files changed.
[0m13:28:26.581844 [debug] [MainThread]: Partial parsing: added file: covid_pipeline://models\marts\mart_hospitalization_rate.sql
[0m13:28:26.582364 [debug] [MainThread]: Partial parsing: added file: covid_pipeline://models\marts\mart_severity_index.sql
[0m13:28:26.583073 [debug] [MainThread]: Partial parsing: updated file: covid_pipeline://models\marts\schema.yml
[0m13:28:27.237111 [debug] [MainThread]: Sending event: {'category': 'dbt', 'action': 'load_project', 'label': '07cc495a-ab68-4d20-8092-f1c45dc3bb89', 'context': [<snowplow_tracker.self_describing_json.SelfDescribingJson object at 0x000001D47BEDF250>]}
[0m13:28:27.391350 [debug] [MainThread]: Wrote artifact WritableManifest to C:\Users\Admin\workspace\DE_2025\Project3_Covid19_JW\dbt_project\target\manifest.json
[0m13:28:27.395184 [debug] [MainThread]: Wrote artifact SemanticManifest to C:\Users\Admin\workspace\DE_2025\Project3_Covid19_JW\dbt_project\target\semantic_manifest.json
[0m13:28:27.441654 [debug] [MainThread]: Sending event: {'category': 'dbt', 'action': 'resource_counts', 'label': '07cc495a-ab68-4d20-8092-f1c45dc3bb89', 'context': [<snowplow_tracker.self_describing_json.SelfDescribingJson object at 0x000001D465A7D8B0>]}
[0m13:28:27.442587 [info ] [MainThread]: Found 12 models, 26 data tests, 3 sources, 639 macros
[0m13:28:27.443589 [debug] [MainThread]: Sending event: {'category': 'dbt', 'action': 'runnable_timing', 'label': '07cc495a-ab68-4d20-8092-f1c45dc3bb89', 'context': [<snowplow_tracker.self_describing_json.SelfDescribingJson object at 0x000001D47C1F3070>]}
[0m13:28:27.446405 [info ] [MainThread]: 
[0m13:28:27.447128 [info ] [MainThread]: Concurrency: 4 threads (target='dev')
[0m13:28:27.447786 [info ] [MainThread]: 
[0m13:28:27.448666 [debug] [MainThread]: Acquiring new snowflake connection 'master'
[0m13:28:27.455050 [debug] [ThreadPool]: Acquiring new snowflake connection 'list_COVID_DB'
[0m13:28:27.567439 [debug] [ThreadPool]: Using snowflake connection "list_COVID_DB"
[0m13:28:27.567998 [debug] [ThreadPool]: On list_COVID_DB: show terse schemas in database COVID_DB
    limit 10000
/* {"app": "dbt", "dbt_version": "1.11.7", "profile_name": "covid_pipeline", "target_name": "dev", "connection_name": "list_COVID_DB"} */
[0m13:28:27.568455 [debug] [ThreadPool]: Opening a new connection, currently in state init
[0m13:28:28.734033 [debug] [ThreadPool]: SQL status: SUCCESS 6 in 1.166 seconds
[0m13:28:28.738927 [debug] [ThreadPool]: Acquiring new snowflake connection 'list_COVID_DB_MARTS'
[0m13:28:28.750057 [debug] [ThreadPool]: Acquiring new snowflake connection 'list_COVID_DB_STAGING'
[0m13:28:28.757095 [debug] [ThreadPool]: Using snowflake connection "list_COVID_DB_MARTS"
[0m13:28:28.759957 [debug] [ThreadPool]: Using snowflake connection "list_COVID_DB_STAGING"
[0m13:28:28.760653 [debug] [ThreadPool]: Acquiring new snowflake connection 'list_COVID_DB_INTERMEDIATE'
[0m13:28:28.761298 [debug] [ThreadPool]: On list_COVID_DB_MARTS: show objects in COVID_DB.MARTS
    limit 10000
    

/* {"app": "dbt", "dbt_version": "1.11.7", "profile_name": "covid_pipeline", "target_name": "dev", "connection_name": "list_COVID_DB_MARTS"} */;
[0m13:28:28.761989 [debug] [ThreadPool]: On list_COVID_DB_STAGING: show objects in COVID_DB.STAGING
    limit 10000
    

/* {"app": "dbt", "dbt_version": "1.11.7", "profile_name": "covid_pipeline", "target_name": "dev", "connection_name": "list_COVID_DB_STAGING"} */;
[0m13:28:28.764910 [debug] [ThreadPool]: Using snowflake connection "list_COVID_DB_INTERMEDIATE"
[0m13:28:28.765762 [debug] [ThreadPool]: Opening a new connection, currently in state init
[0m13:28:28.766447 [debug] [ThreadPool]: Opening a new connection, currently in state init
[0m13:28:28.767000 [debug] [ThreadPool]: On list_COVID_DB_INTERMEDIATE: show objects in COVID_DB.INTERMEDIATE
    limit 10000
    

/* {"app": "dbt", "dbt_version": "1.11.7", "profile_name": "covid_pipeline", "target_name": "dev", "connection_name": "list_COVID_DB_INTERMEDIATE"} */;
[0m13:28:28.767805 [debug] [ThreadPool]: Opening a new connection, currently in state init
[0m13:28:29.532337 [debug] [ThreadPool]: SQL status: SUCCESS 2 in 0.764 seconds
[0m13:28:29.693761 [debug] [ThreadPool]: SQL status: SUCCESS 5 in 0.928 seconds
[0m13:28:29.792748 [debug] [ThreadPool]: SQL status: SUCCESS 3 in 1.026 seconds
[0m13:28:29.796354 [debug] [MainThread]: Sending event: {'category': 'dbt', 'action': 'runnable_timing', 'label': '07cc495a-ab68-4d20-8092-f1c45dc3bb89', 'context': [<snowplow_tracker.self_describing_json.SelfDescribingJson object at 0x000001D47C7E1E60>]}
[0m13:28:29.802363 [debug] [Thread-3 (]: Began running node model.covid_pipeline.mart_severity_index
[0m13:28:29.803068 [debug] [Thread-2 (]: Began running node model.covid_pipeline.mart_hospitalization_rate
[0m13:28:29.803821 [info ] [Thread-3 (]: 2 of 2 START sql table model MARTS.mart_severity_index ......................... [RUN]
[0m13:28:29.805784 [debug] [Thread-3 (]: Acquiring new snowflake connection 'model.covid_pipeline.mart_severity_index'
[0m13:28:29.806266 [debug] [Thread-3 (]: Began compiling node model.covid_pipeline.mart_severity_index
[0m13:28:29.804769 [info ] [Thread-2 (]: 1 of 2 START sql table model MARTS.mart_hospitalization_rate ................... [RUN]
[0m13:28:29.815893 [debug] [Thread-3 (]: Writing injected SQL for node "model.covid_pipeline.mart_severity_index"
[0m13:28:29.816622 [debug] [Thread-2 (]: Acquiring new snowflake connection 'model.covid_pipeline.mart_hospitalization_rate'
[0m13:28:29.817530 [debug] [Thread-2 (]: Began compiling node model.covid_pipeline.mart_hospitalization_rate
[0m13:28:29.821166 [debug] [Thread-2 (]: Writing injected SQL for node "model.covid_pipeline.mart_hospitalization_rate"
[0m13:28:29.822299 [debug] [Thread-3 (]: Began executing node model.covid_pipeline.mart_severity_index
[0m13:28:29.865608 [debug] [Thread-3 (]: Writing runtime sql for node "model.covid_pipeline.mart_severity_index"
[0m13:28:29.866682 [debug] [Thread-2 (]: Began executing node model.covid_pipeline.mart_hospitalization_rate
[0m13:28:29.871037 [debug] [Thread-2 (]: Writing runtime sql for node "model.covid_pipeline.mart_hospitalization_rate"
[0m13:28:29.875444 [debug] [Thread-3 (]: Using snowflake connection "model.covid_pipeline.mart_severity_index"
[0m13:28:29.876112 [debug] [Thread-3 (]: On model.covid_pipeline.mart_severity_index: create or replace transient table COVID_DB.MARTS.mart_severity_index
    
    
    
    as (-- Mart: Severity Index by County
-- Custom metric: composite score combining hospitalization rate, ICU rate, and CFR.
-- Rationale: a single number that helps public health officials rank counties by
-- overall disease severity — useful for resource allocation and early warning.
--
-- Formula:
--   severity_index = (hosp_rate * 0.4) + (icu_rate * 0.4) + (cfr * 0.2)
-- Weights reflect that ICU burden and hospitalization are the strongest signals
-- of healthcare system stress, while CFR can lag due to reporting delays.

with cases_agg as (
    select
        county_fips,
        state_fips,
        county_name,
        sum(total_cases)            as total_cases,
        sum(total_hospitalizations) as total_hospitalizations,
        sum(total_deaths)           as total_deaths
    from COVID_DB.INTERMEDIATE.int_cases_with_population
    where total_cases > 0
    group by 1, 2, 3
),

icu_agg as (
    select
        lpad(state_fips_code, 2, '0') || lpad(county_fips_code, 3, '0') as county_fips,
        sum(is_icu) as total_icu_cases
    from COVID_DB.STAGING.stg_covid_cases
    group by 1
),

joined as (
    select
        c.county_fips,
        c.state_fips,
        c.county_name,
        c.total_cases,
        c.total_hospitalizations,
        c.total_deaths,
        coalesce(i.total_icu_cases, 0) as total_icu_cases,

        round(100.0 * c.total_hospitalizations / nullif(c.total_cases, 0), 4) as hosp_rate_pct,
        round(100.0 * i.total_icu_cases        / nullif(c.total_cases, 0), 4) as icu_rate_pct,
        round(100.0 * c.total_deaths           / nullif(c.total_cases, 0), 4) as cfr_pct
    from cases_agg c
    left join icu_agg i on c.county_fips = i.county_fips
),

with_index as (
    select
        *,
        round(
            (coalesce(hosp_rate_pct, 0) * 0.4)
            + (coalesce(icu_rate_pct, 0) * 0.4)
            + (coalesce(cfr_pct, 0) * 0.2),
            4
        ) as severity_index
    from joined
)

select * from with_index
order by severity_index desc
    )

/* {"app": "dbt", "dbt_version": "1.11.7", "profile_name": "covid_pipeline", "target_name": "dev", "node_id": "model.covid_pipeline.mart_severity_index"} */;
[0m13:28:29.876697 [debug] [Thread-3 (]: Opening a new connection, currently in state init
[0m13:28:29.879128 [debug] [Thread-2 (]: Using snowflake connection "model.covid_pipeline.mart_hospitalization_rate"
[0m13:28:29.885712 [debug] [Thread-2 (]: On model.covid_pipeline.mart_hospitalization_rate: create or replace transient table COVID_DB.MARTS.mart_hospitalization_rate
    
    
    
    as (-- Mart: Hospitalization Rate by State and Month
-- Custom metric: what percentage of confirmed cases required hospitalization?
-- Rationale: CFR shows who died, but hospitalization rate shows healthcare system burden.
-- A region with high hospitalization rate signals stress on hospital capacity even
-- if the fatality rate is low (e.g. due to better ICU care).

with base as (
    select
        state_fips,
        case_month,
        sum(total_cases)            as total_cases,
        sum(total_hospitalizations) as total_hospitalizations,
        sum(total_deaths)           as total_deaths
    from COVID_DB.INTERMEDIATE.int_cases_with_population
    where total_cases > 0
    group by 1, 2
),

with_rate as (
    select
        state_fips,
        case_month,
        total_cases,
        total_hospitalizations,
        total_deaths,
        round(
            100.0 * total_hospitalizations / nullif(total_cases, 0),
            4
        ) as hospitalization_rate_pct
    from base
)

select * from with_rate
order by state_fips, case_month
    )

/* {"app": "dbt", "dbt_version": "1.11.7", "profile_name": "covid_pipeline", "target_name": "dev", "node_id": "model.covid_pipeline.mart_hospitalization_rate"} */;
[0m13:28:29.886501 [debug] [Thread-2 (]: Opening a new connection, currently in state init
[0m13:28:30.911191 [debug] [Thread-3 (]: Snowflake adapter: Snowflake query id: 01c37d34-0004-f28f-000c-2d7e000ff08e
[0m13:28:30.912006 [debug] [Thread-3 (]: Snowflake adapter: Snowflake error: 000904 (42000): SQL compilation error: error line 30 at position 13
invalid identifier 'STATE_FIPS_CODE'
[0m13:28:30.939707 [debug] [Thread-3 (]: Database Error in model mart_severity_index (models\marts\mart_severity_index.sql)
  000904 (42000): SQL compilation error: error line 30 at position 13
  invalid identifier 'STATE_FIPS_CODE'
  compiled code at target\run\covid_pipeline\models\marts\mart_severity_index.sql
[0m13:28:30.944044 [debug] [Thread-3 (]: Sending event: {'category': 'dbt', 'action': 'run_model', 'label': '07cc495a-ab68-4d20-8092-f1c45dc3bb89', 'context': [<snowplow_tracker.self_describing_json.SelfDescribingJson object at 0x000001D47C7CF7D0>]}
[0m13:28:30.945653 [error] [Thread-3 (]: 2 of 2 ERROR creating sql table model MARTS.mart_severity_index ................ [[31mERROR[0m in 1.14s]
[0m13:28:30.947696 [debug] [Thread-3 (]: Finished running node model.covid_pipeline.mart_severity_index
[0m13:28:30.949442 [debug] [Thread-8 (]: Marking all children of 'model.covid_pipeline.mart_severity_index' to be skipped because of status 'error'.  Reason: Database Error in model mart_severity_index (models\marts\mart_severity_index.sql)
  000904 (42000): SQL compilation error: error line 30 at position 13
  invalid identifier 'STATE_FIPS_CODE'
  compiled code at target\run\covid_pipeline\models\marts\mart_severity_index.sql.
[0m13:28:32.737028 [debug] [Thread-2 (]: SQL status: SUCCESS 78 in 2.850 seconds
[0m13:28:32.769922 [debug] [Thread-2 (]: Sending event: {'category': 'dbt', 'action': 'run_model', 'label': '07cc495a-ab68-4d20-8092-f1c45dc3bb89', 'context': [<snowplow_tracker.self_describing_json.SelfDescribingJson object at 0x000001D47D8B24C0>]}
[0m13:28:32.771118 [info ] [Thread-2 (]: 1 of 2 OK created sql table model MARTS.mart_hospitalization_rate .............. [[32mSUCCESS 78[0m in 2.95s]
[0m13:28:32.773096 [debug] [Thread-2 (]: Finished running node model.covid_pipeline.mart_hospitalization_rate
[0m13:28:32.775242 [debug] [MainThread]: Connection 'master' was properly closed.
[0m13:28:32.775729 [debug] [MainThread]: Connection 'list_COVID_DB' was left open.
[0m13:28:32.776202 [debug] [MainThread]: On list_COVID_DB: Close
[0m13:28:32.894417 [debug] [MainThread]: Connection 'list_COVID_DB_MARTS' was left open.
[0m13:28:32.895010 [debug] [MainThread]: On list_COVID_DB_MARTS: Close
[0m13:28:33.059012 [debug] [MainThread]: Connection 'list_COVID_DB_STAGING' was left open.
[0m13:28:33.059552 [debug] [MainThread]: On list_COVID_DB_STAGING: Close
[0m13:28:33.183467 [debug] [MainThread]: Connection 'list_COVID_DB_INTERMEDIATE' was left open.
[0m13:28:33.183982 [debug] [MainThread]: On list_COVID_DB_INTERMEDIATE: Close
[0m13:28:33.310392 [debug] [MainThread]: Connection 'model.covid_pipeline.mart_severity_index' was left open.
[0m13:28:33.313129 [debug] [MainThread]: On model.covid_pipeline.mart_severity_index: Close
[0m13:28:33.633347 [debug] [MainThread]: Connection 'model.covid_pipeline.mart_hospitalization_rate' was left open.
[0m13:28:33.634090 [debug] [MainThread]: On model.covid_pipeline.mart_hospitalization_rate: Close
[0m13:28:33.776548 [info ] [MainThread]: 
[0m13:28:33.783739 [info ] [MainThread]: Finished running 2 table models in 0 hours 0 minutes and 6.33 seconds (6.33s).
[0m13:28:33.786114 [debug] [MainThread]: Command end result
[0m13:28:33.864309 [debug] [MainThread]: Wrote artifact WritableManifest to C:\Users\Admin\workspace\DE_2025\Project3_Covid19_JW\dbt_project\target\manifest.json
[0m13:28:33.870166 [debug] [MainThread]: Wrote artifact SemanticManifest to C:\Users\Admin\workspace\DE_2025\Project3_Covid19_JW\dbt_project\target\semantic_manifest.json
[0m13:28:33.893138 [debug] [MainThread]: Wrote artifact RunExecutionResult to C:\Users\Admin\workspace\DE_2025\Project3_Covid19_JW\dbt_project\target\run_results.json
[0m13:28:33.894141 [info ] [MainThread]: 
[0m13:28:33.895376 [info ] [MainThread]: [31mCompleted with 1 error, 0 partial successes, and 0 warnings:[0m
[0m13:28:33.896651 [info ] [MainThread]: 
[0m13:28:33.898165 [error] [MainThread]: [31mFailure in model mart_severity_index (models\marts\mart_severity_index.sql)[0m
[0m13:28:33.901991 [error] [MainThread]:   Database Error in model mart_severity_index (models\marts\mart_severity_index.sql)
  000904 (42000): SQL compilation error: error line 30 at position 13
  invalid identifier 'STATE_FIPS_CODE'
  compiled code at target\run\covid_pipeline\models\marts\mart_severity_index.sql
[0m13:28:33.903463 [info ] [MainThread]: 
[0m13:28:33.905475 [info ] [MainThread]:   compiled code at target\compiled\covid_pipeline\models\marts\mart_severity_index.sql
[0m13:28:33.906774 [info ] [MainThread]: 
[0m13:28:33.908744 [info ] [MainThread]: Done. PASS=1 WARN=0 ERROR=1 SKIP=0 NO-OP=0 TOTAL=2
[0m13:28:33.911808 [debug] [MainThread]: Command `dbt run` failed at 13:28:33.911463 after 10.26 seconds
[0m13:28:33.912840 [debug] [MainThread]: Sending event: {'category': 'dbt', 'action': 'invocation', 'label': 'end', 'context': [<snowplow_tracker.self_describing_json.SelfDescribingJson object at 0x000001D47D8C4F50>, <snowplow_tracker.self_describing_json.SelfDescribingJson object at 0x000001D47D8BC0E0>, <snowplow_tracker.self_describing_json.SelfDescribingJson object at 0x000001D465C0F1D0>]}
[0m13:28:33.914823 [debug] [MainThread]: Flushing usage events
[0m13:28:34.101120 [debug] [MainThread]: An error was encountered while trying to flush usage events
[0m13:30:20.920456 [debug] [MainThread]: Sending event: {'category': 'dbt', 'action': 'invocation', 'label': 'start', 'context': [<snowplow_tracker.self_describing_json.SelfDescribingJson object at 0x0000018C09E24C20>, <snowplow_tracker.self_describing_json.SelfDescribingJson object at 0x0000018C07958910>, <snowplow_tracker.self_describing_json.SelfDescribingJson object at 0x0000018C0A8F8910>]}


============================== 13:30:20.927203 | efb3c88f-4881-4391-b310-7d4658adb852 ==============================
[0m13:30:20.927203 [info ] [MainThread]: Running with dbt=1.11.7
[0m13:30:20.928432 [debug] [MainThread]: running dbt with arguments {'static_parser': 'True', 'no_print': 'None', 'version_check': 'True', 'target_path': 'None', 'warn_error_options': 'WarnErrorOptionsV2(error=[], warn=[], silence=[])', 'printer_width': '80', 'write_json': 'True', 'introspect': 'True', 'log_cache_events': 'False', 'empty': 'False', 'cache_selected_only': 'False', 'log_format': 'default', 'debug': 'False', 'fail_fast': 'False', 'profiles_dir': 'C:\\Users\\Admin\\.dbt', 'send_anonymous_usage_stats': 'True', 'quiet': 'False', 'warn_error': 'None', 'partial_parse': 'True', 'invocation_command': 'dbt run --select mart_severity_index', 'indirect_selection': 'eager', 'use_colors': 'True', 'use_experimental_parser': 'False', 'log_path': 'C:\\Users\\Admin\\workspace\\DE_2025\\Project3_Covid19_JW\\dbt_project\\logs'}
[0m13:30:22.801827 [debug] [MainThread]: Snowflake adapter: Setting snowflake.connector to ERROR (file logging only)
[0m13:30:22.802522 [debug] [MainThread]: Snowflake adapter: Setting botocore to ERROR (file logging only)
[0m13:30:22.803042 [debug] [MainThread]: Snowflake adapter: Setting boto3 to ERROR (file logging only)
[0m13:30:23.195352 [debug] [MainThread]: Sending event: {'category': 'dbt', 'action': 'project_id', 'label': 'efb3c88f-4881-4391-b310-7d4658adb852', 'context': [<snowplow_tracker.self_describing_json.SelfDescribingJson object at 0x0000018C0A26EEA0>]}
[0m13:30:23.328175 [debug] [MainThread]: Sending event: {'category': 'dbt', 'action': 'adapter_info', 'label': 'efb3c88f-4881-4391-b310-7d4658adb852', 'context': [<snowplow_tracker.self_describing_json.SelfDescribingJson object at 0x0000018C1F81D370>]}
[0m13:30:23.330521 [info ] [MainThread]: Registered adapter: snowflake=1.11.3
[0m13:30:24.159638 [debug] [MainThread]: checksum: b80718358155fc17c3559352095564dd56ada1cc1a1c0ef2e62c857e71583775, vars: {}, profile: , target: , version: 1.11.7
[0m13:30:24.548325 [debug] [MainThread]: Partial parsing enabled: 0 files deleted, 0 files added, 1 files changed.
[0m13:30:24.551333 [debug] [MainThread]: Partial parsing: updated file: covid_pipeline://models\marts\mart_severity_index.sql
[0m13:30:25.278644 [debug] [MainThread]: Sending event: {'category': 'dbt', 'action': 'load_project', 'label': 'efb3c88f-4881-4391-b310-7d4658adb852', 'context': [<snowplow_tracker.self_describing_json.SelfDescribingJson object at 0x0000018C1FE03150>]}
[0m13:30:25.464521 [debug] [MainThread]: Wrote artifact WritableManifest to C:\Users\Admin\workspace\DE_2025\Project3_Covid19_JW\dbt_project\target\manifest.json
[0m13:30:25.470394 [debug] [MainThread]: Wrote artifact SemanticManifest to C:\Users\Admin\workspace\DE_2025\Project3_Covid19_JW\dbt_project\target\semantic_manifest.json
[0m13:30:25.517859 [debug] [MainThread]: Sending event: {'category': 'dbt', 'action': 'resource_counts', 'label': 'efb3c88f-4881-4391-b310-7d4658adb852', 'context': [<snowplow_tracker.self_describing_json.SelfDescribingJson object at 0x0000018C0998D8B0>]}
[0m13:30:25.518592 [info ] [MainThread]: Found 12 models, 26 data tests, 3 sources, 639 macros
[0m13:30:25.519474 [debug] [MainThread]: Sending event: {'category': 'dbt', 'action': 'runnable_timing', 'label': 'efb3c88f-4881-4391-b310-7d4658adb852', 'context': [<snowplow_tracker.self_describing_json.SelfDescribingJson object at 0x0000018C20127770>]}
[0m13:30:25.522263 [info ] [MainThread]: 
[0m13:30:25.523166 [info ] [MainThread]: Concurrency: 4 threads (target='dev')
[0m13:30:25.524053 [info ] [MainThread]: 
[0m13:30:25.525214 [debug] [MainThread]: Acquiring new snowflake connection 'master'
[0m13:30:25.527050 [debug] [ThreadPool]: Acquiring new snowflake connection 'list_COVID_DB'
[0m13:30:25.791684 [debug] [ThreadPool]: Using snowflake connection "list_COVID_DB"
[0m13:30:25.792767 [debug] [ThreadPool]: On list_COVID_DB: show terse schemas in database COVID_DB
    limit 10000
/* {"app": "dbt", "dbt_version": "1.11.7", "profile_name": "covid_pipeline", "target_name": "dev", "connection_name": "list_COVID_DB"} */
[0m13:30:25.793715 [debug] [ThreadPool]: Opening a new connection, currently in state init
[0m13:30:26.839944 [debug] [ThreadPool]: SQL status: SUCCESS 6 in 1.046 seconds
[0m13:30:26.862153 [debug] [ThreadPool]: Acquiring new snowflake connection 'list_COVID_DB_MARTS'
[0m13:30:26.886246 [debug] [ThreadPool]: Acquiring new snowflake connection 'list_COVID_DB_INTERMEDIATE'
[0m13:30:26.896644 [debug] [ThreadPool]: Using snowflake connection "list_COVID_DB_MARTS"
[0m13:30:26.897874 [debug] [ThreadPool]: Acquiring new snowflake connection 'list_COVID_DB_STAGING'
[0m13:30:26.903264 [debug] [ThreadPool]: Using snowflake connection "list_COVID_DB_INTERMEDIATE"
[0m13:30:26.904486 [debug] [ThreadPool]: On list_COVID_DB_MARTS: show objects in COVID_DB.MARTS
    limit 10000
    

/* {"app": "dbt", "dbt_version": "1.11.7", "profile_name": "covid_pipeline", "target_name": "dev", "connection_name": "list_COVID_DB_MARTS"} */;
[0m13:30:26.911456 [debug] [ThreadPool]: Using snowflake connection "list_COVID_DB_STAGING"
[0m13:30:26.912558 [debug] [ThreadPool]: On list_COVID_DB_INTERMEDIATE: show objects in COVID_DB.INTERMEDIATE
    limit 10000
    

/* {"app": "dbt", "dbt_version": "1.11.7", "profile_name": "covid_pipeline", "target_name": "dev", "connection_name": "list_COVID_DB_INTERMEDIATE"} */;
[0m13:30:26.913659 [debug] [ThreadPool]: Opening a new connection, currently in state init
[0m13:30:26.918443 [debug] [ThreadPool]: On list_COVID_DB_STAGING: show objects in COVID_DB.STAGING
    limit 10000
    

/* {"app": "dbt", "dbt_version": "1.11.7", "profile_name": "covid_pipeline", "target_name": "dev", "connection_name": "list_COVID_DB_STAGING"} */;
[0m13:30:26.919444 [debug] [ThreadPool]: Opening a new connection, currently in state init
[0m13:30:26.923850 [debug] [ThreadPool]: Opening a new connection, currently in state init
[0m13:30:27.458668 [debug] [ThreadPool]: SQL status: SUCCESS 2 in 0.539 seconds
[0m13:30:27.783956 [debug] [ThreadPool]: SQL status: SUCCESS 6 in 0.870 seconds
[0m13:30:27.791074 [debug] [ThreadPool]: SQL status: SUCCESS 3 in 0.867 seconds
[0m13:30:27.794236 [debug] [MainThread]: Sending event: {'category': 'dbt', 'action': 'runnable_timing', 'label': 'efb3c88f-4881-4391-b310-7d4658adb852', 'context': [<snowplow_tracker.self_describing_json.SelfDescribingJson object at 0x0000018C20701D90>]}
[0m13:30:27.801311 [debug] [Thread-2 (]: Began running node model.covid_pipeline.mart_severity_index
[0m13:30:27.802105 [info ] [Thread-2 (]: 1 of 1 START sql table model MARTS.mart_severity_index ......................... [RUN]
[0m13:30:27.803135 [debug] [Thread-2 (]: Acquiring new snowflake connection 'model.covid_pipeline.mart_severity_index'
[0m13:30:27.803648 [debug] [Thread-2 (]: Began compiling node model.covid_pipeline.mart_severity_index
[0m13:30:27.814175 [debug] [Thread-2 (]: Writing injected SQL for node "model.covid_pipeline.mart_severity_index"
[0m13:30:27.815424 [debug] [Thread-2 (]: Began executing node model.covid_pipeline.mart_severity_index
[0m13:30:27.862714 [debug] [Thread-2 (]: Writing runtime sql for node "model.covid_pipeline.mart_severity_index"
[0m13:30:27.865950 [debug] [Thread-2 (]: Using snowflake connection "model.covid_pipeline.mart_severity_index"
[0m13:30:27.867934 [debug] [Thread-2 (]: On model.covid_pipeline.mart_severity_index: create or replace transient table COVID_DB.MARTS.mart_severity_index
    
    
    
    as (-- Mart: Severity Index by County
-- Custom metric: composite score combining hospitalization rate, ICU rate, and CFR.
-- Rationale: a single number that helps public health officials rank counties by
-- overall disease severity — useful for resource allocation and early warning.
--
-- Formula:
--   severity_index = (hosp_rate * 0.4) + (icu_rate * 0.4) + (cfr * 0.2)
-- Weights reflect that ICU burden and hospitalization are the strongest signals
-- of healthcare system stress, while CFR can lag due to reporting delays.

with cases_agg as (
    select
        county_fips,
        state_fips,
        county_name,
        sum(total_cases)            as total_cases,
        sum(total_hospitalizations) as total_hospitalizations,
        sum(total_deaths)           as total_deaths
    from COVID_DB.INTERMEDIATE.int_cases_with_population
    where total_cases > 0
    group by 1, 2, 3
),

icu_agg as (
    select
        county_fips,
        sum(is_icu) as total_icu_cases
    from COVID_DB.STAGING.stg_covid_cases
    group by 1
),

joined as (
    select
        c.county_fips,
        c.state_fips,
        c.county_name,
        c.total_cases,
        c.total_hospitalizations,
        c.total_deaths,
        coalesce(i.total_icu_cases, 0) as total_icu_cases,

        round(100.0 * c.total_hospitalizations / nullif(c.total_cases, 0), 4) as hosp_rate_pct,
        round(100.0 * i.total_icu_cases        / nullif(c.total_cases, 0), 4) as icu_rate_pct,
        round(100.0 * c.total_deaths           / nullif(c.total_cases, 0), 4) as cfr_pct
    from cases_agg c
    left join icu_agg i on c.county_fips = i.county_fips
),

with_index as (
    select
        *,
        round(
            (coalesce(hosp_rate_pct, 0) * 0.4)
            + (coalesce(icu_rate_pct, 0) * 0.4)
            + (coalesce(cfr_pct, 0) * 0.2),
            4
        ) as severity_index
    from joined
)

select * from with_index
order by severity_index desc
    )

/* {"app": "dbt", "dbt_version": "1.11.7", "profile_name": "covid_pipeline", "target_name": "dev", "node_id": "model.covid_pipeline.mart_severity_index"} */;
[0m13:30:27.869354 [debug] [Thread-2 (]: Opening a new connection, currently in state init
[0m13:30:30.405428 [debug] [Thread-2 (]: SQL status: SUCCESS 105 in 2.536 seconds
[0m13:30:30.432081 [debug] [Thread-2 (]: Sending event: {'category': 'dbt', 'action': 'run_model', 'label': 'efb3c88f-4881-4391-b310-7d4658adb852', 'context': [<snowplow_tracker.self_describing_json.SelfDescribingJson object at 0x0000018C21713DD0>]}
[0m13:30:30.433044 [info ] [Thread-2 (]: 1 of 1 OK created sql table model MARTS.mart_severity_index .................... [[32mSUCCESS 105[0m in 2.63s]
[0m13:30:30.434913 [debug] [Thread-2 (]: Finished running node model.covid_pipeline.mart_severity_index
[0m13:30:30.436755 [debug] [MainThread]: Connection 'master' was properly closed.
[0m13:30:30.437210 [debug] [MainThread]: Connection 'list_COVID_DB' was left open.
[0m13:30:30.437598 [debug] [MainThread]: On list_COVID_DB: Close
[0m13:30:30.536195 [debug] [MainThread]: Connection 'list_COVID_DB_MARTS' was left open.
[0m13:30:30.536732 [debug] [MainThread]: On list_COVID_DB_MARTS: Close
[0m13:30:30.628235 [debug] [MainThread]: Connection 'list_COVID_DB_INTERMEDIATE' was left open.
[0m13:30:30.628739 [debug] [MainThread]: On list_COVID_DB_INTERMEDIATE: Close
[0m13:30:30.741700 [debug] [MainThread]: Connection 'list_COVID_DB_STAGING' was left open.
[0m13:30:30.742430 [debug] [MainThread]: On list_COVID_DB_STAGING: Close
[0m13:30:30.846559 [debug] [MainThread]: Connection 'model.covid_pipeline.mart_severity_index' was left open.
[0m13:30:30.847032 [debug] [MainThread]: On model.covid_pipeline.mart_severity_index: Close
[0m13:30:30.939719 [info ] [MainThread]: 
[0m13:30:30.940493 [info ] [MainThread]: Finished running 1 table model in 0 hours 0 minutes and 5.41 seconds (5.41s).
[0m13:30:30.941576 [debug] [MainThread]: Command end result
[0m13:30:30.998624 [debug] [MainThread]: Wrote artifact WritableManifest to C:\Users\Admin\workspace\DE_2025\Project3_Covid19_JW\dbt_project\target\manifest.json
[0m13:30:31.004133 [debug] [MainThread]: Wrote artifact SemanticManifest to C:\Users\Admin\workspace\DE_2025\Project3_Covid19_JW\dbt_project\target\semantic_manifest.json
[0m13:30:31.012107 [debug] [MainThread]: Wrote artifact RunExecutionResult to C:\Users\Admin\workspace\DE_2025\Project3_Covid19_JW\dbt_project\target\run_results.json
[0m13:30:31.012625 [info ] [MainThread]: 
[0m13:30:31.013480 [info ] [MainThread]: [32mCompleted successfully[0m
[0m13:30:31.014392 [info ] [MainThread]: 
[0m13:30:31.015339 [info ] [MainThread]: Done. PASS=1 WARN=0 ERROR=0 SKIP=0 NO-OP=0 TOTAL=1
[0m13:30:31.017590 [debug] [MainThread]: Command `dbt run` succeeded at 13:30:31.017349 after 10.31 seconds
[0m13:30:31.018425 [debug] [MainThread]: Sending event: {'category': 'dbt', 'action': 'invocation', 'label': 'end', 'context': [<snowplow_tracker.self_describing_json.SelfDescribingJson object at 0x0000018C21733A10>, <snowplow_tracker.self_describing_json.SelfDescribingJson object at 0x0000018C21706030>, <snowplow_tracker.self_describing_json.SelfDescribingJson object at 0x0000018C21707ED0>]}
[0m13:30:31.019114 [debug] [MainThread]: Flushing usage events
[0m13:30:31.211904 [debug] [MainThread]: An error was encountered while trying to flush usage events
[0m13:33:45.064720 [debug] [MainThread]: Sending event: {'category': 'dbt', 'action': 'invocation', 'label': 'start', 'context': [<snowplow_tracker.self_describing_json.SelfDescribingJson object at 0x00000269C0714C20>, <snowplow_tracker.self_describing_json.SelfDescribingJson object at 0x00000269BE248910>, <snowplow_tracker.self_describing_json.SelfDescribingJson object at 0x00000269C11E8910>]}


============================== 13:33:45.072632 | 360c6604-26d2-4da2-bcce-4e4188fc9ec3 ==============================
[0m13:33:45.072632 [info ] [MainThread]: Running with dbt=1.11.7
[0m13:33:45.073845 [debug] [MainThread]: running dbt with arguments {'static_parser': 'True', 'no_print': 'None', 'version_check': 'True', 'target_path': 'None', 'warn_error_options': 'WarnErrorOptionsV2(error=[], warn=[], silence=[])', 'printer_width': '80', 'write_json': 'True', 'empty': 'None', 'log_cache_events': 'False', 'introspect': 'True', 'cache_selected_only': 'False', 'fail_fast': 'False', 'debug': 'False', 'log_format': 'default', 'profiles_dir': 'C:\\Users\\Admin\\.dbt', 'send_anonymous_usage_stats': 'True', 'quiet': 'False', 'warn_error': 'None', 'partial_parse': 'True', 'indirect_selection': 'eager', 'use_colors': 'True', 'invocation_command': 'dbt test --select mart_hospitalization_rate mart_severity_index', 'use_experimental_parser': 'False', 'log_path': 'C:\\Users\\Admin\\workspace\\DE_2025\\Project3_Covid19_JW\\dbt_project\\logs'}
[0m13:33:46.393376 [debug] [MainThread]: Snowflake adapter: Setting snowflake.connector to ERROR (file logging only)
[0m13:33:46.393973 [debug] [MainThread]: Snowflake adapter: Setting botocore to ERROR (file logging only)
[0m13:33:46.394481 [debug] [MainThread]: Snowflake adapter: Setting boto3 to ERROR (file logging only)
[0m13:33:46.693524 [debug] [MainThread]: Sending event: {'category': 'dbt', 'action': 'project_id', 'label': '360c6604-26d2-4da2-bcce-4e4188fc9ec3', 'context': [<snowplow_tracker.self_describing_json.SelfDescribingJson object at 0x00000269C0B5EEA0>]}
[0m13:33:46.786313 [debug] [MainThread]: Sending event: {'category': 'dbt', 'action': 'adapter_info', 'label': '360c6604-26d2-4da2-bcce-4e4188fc9ec3', 'context': [<snowplow_tracker.self_describing_json.SelfDescribingJson object at 0x00000269D612D370>]}
[0m13:33:46.788614 [info ] [MainThread]: Registered adapter: snowflake=1.11.3
[0m13:33:47.355331 [debug] [MainThread]: checksum: b80718358155fc17c3559352095564dd56ada1cc1a1c0ef2e62c857e71583775, vars: {}, profile: , target: , version: 1.11.7
[0m13:33:47.629598 [debug] [MainThread]: Partial parsing enabled: 0 files deleted, 0 files added, 0 files changed.
[0m13:33:47.630481 [debug] [MainThread]: Nothing changed, skipping partial parsing.
[0m13:33:47.631195 [debug] [MainThread]: Partial parsing enabled, no changes found, skipping parsing
[0m13:33:47.726103 [debug] [MainThread]: Sending event: {'category': 'dbt', 'action': 'load_project', 'label': '360c6604-26d2-4da2-bcce-4e4188fc9ec3', 'context': [<snowplow_tracker.self_describing_json.SelfDescribingJson object at 0x00000269D613CF50>]}
[0m13:33:47.929047 [debug] [MainThread]: Wrote artifact WritableManifest to C:\Users\Admin\workspace\DE_2025\Project3_Covid19_JW\dbt_project\target\manifest.json
[0m13:33:47.933121 [debug] [MainThread]: Wrote artifact SemanticManifest to C:\Users\Admin\workspace\DE_2025\Project3_Covid19_JW\dbt_project\target\semantic_manifest.json
[0m13:33:47.994158 [debug] [MainThread]: Sending event: {'category': 'dbt', 'action': 'resource_counts', 'label': '360c6604-26d2-4da2-bcce-4e4188fc9ec3', 'context': [<snowplow_tracker.self_describing_json.SelfDescribingJson object at 0x00000269D68F1220>]}
[0m13:33:47.995143 [info ] [MainThread]: Found 12 models, 26 data tests, 3 sources, 639 macros
[0m13:33:47.996131 [debug] [MainThread]: Sending event: {'category': 'dbt', 'action': 'runnable_timing', 'label': '360c6604-26d2-4da2-bcce-4e4188fc9ec3', 'context': [<snowplow_tracker.self_describing_json.SelfDescribingJson object at 0x00000269D6927850>]}
[0m13:33:48.000292 [info ] [MainThread]: 
[0m13:33:48.001038 [info ] [MainThread]: Concurrency: 4 threads (target='dev')
[0m13:33:48.001852 [info ] [MainThread]: 
[0m13:33:48.003031 [debug] [MainThread]: Acquiring new snowflake connection 'master'
[0m13:33:48.014448 [debug] [ThreadPool]: Acquiring new snowflake connection 'list_COVID_DB_MARTS'
[0m13:33:48.029952 [debug] [ThreadPool]: Acquiring new snowflake connection 'list_COVID_DB_STAGING'
[0m13:33:48.054434 [debug] [ThreadPool]: Acquiring new snowflake connection 'list_COVID_DB_INTERMEDIATE'
[0m13:33:48.158866 [debug] [ThreadPool]: Using snowflake connection "list_COVID_DB_MARTS"
[0m13:33:48.159582 [debug] [ThreadPool]: Using snowflake connection "list_COVID_DB_STAGING"
[0m13:33:48.160090 [debug] [ThreadPool]: On list_COVID_DB_MARTS: show objects in COVID_DB.MARTS
    limit 10000
    

/* {"app": "dbt", "dbt_version": "1.11.7", "profile_name": "covid_pipeline", "target_name": "dev", "connection_name": "list_COVID_DB_MARTS"} */;
[0m13:33:48.160753 [debug] [ThreadPool]: Using snowflake connection "list_COVID_DB_INTERMEDIATE"
[0m13:33:48.161280 [debug] [ThreadPool]: On list_COVID_DB_STAGING: show objects in COVID_DB.STAGING
    limit 10000
    

/* {"app": "dbt", "dbt_version": "1.11.7", "profile_name": "covid_pipeline", "target_name": "dev", "connection_name": "list_COVID_DB_STAGING"} */;
[0m13:33:48.161818 [debug] [ThreadPool]: Opening a new connection, currently in state init
[0m13:33:48.162344 [debug] [ThreadPool]: On list_COVID_DB_INTERMEDIATE: show objects in COVID_DB.INTERMEDIATE
    limit 10000
    

/* {"app": "dbt", "dbt_version": "1.11.7", "profile_name": "covid_pipeline", "target_name": "dev", "connection_name": "list_COVID_DB_INTERMEDIATE"} */;
[0m13:33:48.162869 [debug] [ThreadPool]: Opening a new connection, currently in state init
[0m13:33:48.163568 [debug] [ThreadPool]: Opening a new connection, currently in state init
[0m13:33:49.164399 [debug] [ThreadPool]: SQL status: SUCCESS 7 in 1.002 seconds
[0m13:33:49.228785 [debug] [ThreadPool]: SQL status: SUCCESS 3 in 1.066 seconds
[0m13:33:49.298515 [debug] [ThreadPool]: SQL status: SUCCESS 2 in 1.135 seconds
[0m13:33:49.301483 [debug] [MainThread]: Sending event: {'category': 'dbt', 'action': 'runnable_timing', 'label': '360c6604-26d2-4da2-bcce-4e4188fc9ec3', 'context': [<snowplow_tracker.self_describing_json.SelfDescribingJson object at 0x00000269D68E7E10>]}
[0m13:33:49.307012 [debug] [Thread-3 (]: Began running node test.covid_pipeline.not_null_mart_hospitalization_rate_hospitalization_rate_pct.c2e3edbe7a
[0m13:33:49.307599 [debug] [Thread-4 (]: Began running node test.covid_pipeline.not_null_mart_hospitalization_rate_state_fips.32b9524483
[0m13:33:49.308101 [debug] [Thread-5 (]: Began running node test.covid_pipeline.not_null_mart_hospitalization_rate_total_cases.9667a988a2
[0m13:33:49.308648 [debug] [Thread-2 (]: Began running node test.covid_pipeline.not_null_mart_hospitalization_rate_case_month.bd81e0cdda
[0m13:33:49.309222 [info ] [Thread-3 (]: 2 of 7 START test not_null_mart_hospitalization_rate_hospitalization_rate_pct .. [RUN]
[0m13:33:49.309692 [info ] [Thread-4 (]: 3 of 7 START test not_null_mart_hospitalization_rate_state_fips ................ [RUN]
[0m13:33:49.311509 [debug] [Thread-3 (]: Acquiring new snowflake connection 'test.covid_pipeline.not_null_mart_hospitalization_rate_hospitalization_rate_pct.c2e3edbe7a'
[0m13:33:49.312158 [debug] [Thread-4 (]: Acquiring new snowflake connection 'test.covid_pipeline.not_null_mart_hospitalization_rate_state_fips.32b9524483'
[0m13:33:49.310311 [info ] [Thread-5 (]: 4 of 7 START test not_null_mart_hospitalization_rate_total_cases ............... [RUN]
[0m13:33:49.312933 [debug] [Thread-3 (]: Began compiling node test.covid_pipeline.not_null_mart_hospitalization_rate_hospitalization_rate_pct.c2e3edbe7a
[0m13:33:49.310780 [info ] [Thread-2 (]: 1 of 7 START test not_null_mart_hospitalization_rate_case_month ................ [RUN]
[0m13:33:49.313587 [debug] [Thread-4 (]: Began compiling node test.covid_pipeline.not_null_mart_hospitalization_rate_state_fips.32b9524483
[0m13:33:49.314202 [debug] [Thread-5 (]: Acquiring new snowflake connection 'test.covid_pipeline.not_null_mart_hospitalization_rate_total_cases.9667a988a2'
[0m13:33:49.334416 [debug] [Thread-3 (]: Writing injected SQL for node "test.covid_pipeline.not_null_mart_hospitalization_rate_hospitalization_rate_pct.c2e3edbe7a"
[0m13:33:49.335207 [debug] [Thread-2 (]: Acquiring new snowflake connection 'test.covid_pipeline.not_null_mart_hospitalization_rate_case_month.bd81e0cdda'
[0m13:33:49.340644 [debug] [Thread-4 (]: Writing injected SQL for node "test.covid_pipeline.not_null_mart_hospitalization_rate_state_fips.32b9524483"
[0m13:33:49.341357 [debug] [Thread-5 (]: Began compiling node test.covid_pipeline.not_null_mart_hospitalization_rate_total_cases.9667a988a2
[0m13:33:49.342123 [debug] [Thread-2 (]: Began compiling node test.covid_pipeline.not_null_mart_hospitalization_rate_case_month.bd81e0cdda
[0m13:33:49.352256 [debug] [Thread-5 (]: Writing injected SQL for node "test.covid_pipeline.not_null_mart_hospitalization_rate_total_cases.9667a988a2"
[0m13:33:49.369082 [debug] [Thread-2 (]: Writing injected SQL for node "test.covid_pipeline.not_null_mart_hospitalization_rate_case_month.bd81e0cdda"
[0m13:33:49.370890 [debug] [Thread-4 (]: Began executing node test.covid_pipeline.not_null_mart_hospitalization_rate_state_fips.32b9524483
[0m13:33:49.372048 [debug] [Thread-3 (]: Began executing node test.covid_pipeline.not_null_mart_hospitalization_rate_hospitalization_rate_pct.c2e3edbe7a
[0m13:33:49.406468 [debug] [Thread-4 (]: Writing runtime sql for node "test.covid_pipeline.not_null_mart_hospitalization_rate_state_fips.32b9524483"
[0m13:33:49.409313 [debug] [Thread-3 (]: Writing runtime sql for node "test.covid_pipeline.not_null_mart_hospitalization_rate_hospitalization_rate_pct.c2e3edbe7a"
[0m13:33:49.410288 [debug] [Thread-2 (]: Began executing node test.covid_pipeline.not_null_mart_hospitalization_rate_case_month.bd81e0cdda
[0m13:33:49.411120 [debug] [Thread-5 (]: Began executing node test.covid_pipeline.not_null_mart_hospitalization_rate_total_cases.9667a988a2
[0m13:33:49.415654 [debug] [Thread-2 (]: Writing runtime sql for node "test.covid_pipeline.not_null_mart_hospitalization_rate_case_month.bd81e0cdda"
[0m13:33:49.418404 [debug] [Thread-5 (]: Writing runtime sql for node "test.covid_pipeline.not_null_mart_hospitalization_rate_total_cases.9667a988a2"
[0m13:33:49.419817 [debug] [Thread-3 (]: Using snowflake connection "test.covid_pipeline.not_null_mart_hospitalization_rate_hospitalization_rate_pct.c2e3edbe7a"
[0m13:33:49.421384 [debug] [Thread-4 (]: Using snowflake connection "test.covid_pipeline.not_null_mart_hospitalization_rate_state_fips.32b9524483"
[0m13:33:49.422656 [debug] [Thread-3 (]: On test.covid_pipeline.not_null_mart_hospitalization_rate_hospitalization_rate_pct.c2e3edbe7a: select
      count(*) as failures,
      count(*) != 0 as should_warn,
      count(*) != 0 as should_error
    from (
      
    
  
    
    



select hospitalization_rate_pct
from COVID_DB.MARTS.mart_hospitalization_rate
where hospitalization_rate_pct is null



  
  
      
    ) dbt_internal_test
/* {"app": "dbt", "dbt_version": "1.11.7", "profile_name": "covid_pipeline", "target_name": "dev", "node_id": "test.covid_pipeline.not_null_mart_hospitalization_rate_hospitalization_rate_pct.c2e3edbe7a"} */
[0m13:33:49.424337 [debug] [Thread-4 (]: On test.covid_pipeline.not_null_mart_hospitalization_rate_state_fips.32b9524483: select
      count(*) as failures,
      count(*) != 0 as should_warn,
      count(*) != 0 as should_error
    from (
      
    
  
    
    



select state_fips
from COVID_DB.MARTS.mart_hospitalization_rate
where state_fips is null



  
  
      
    ) dbt_internal_test
/* {"app": "dbt", "dbt_version": "1.11.7", "profile_name": "covid_pipeline", "target_name": "dev", "node_id": "test.covid_pipeline.not_null_mart_hospitalization_rate_state_fips.32b9524483"} */
[0m13:33:49.426017 [debug] [Thread-2 (]: Using snowflake connection "test.covid_pipeline.not_null_mart_hospitalization_rate_case_month.bd81e0cdda"
[0m13:33:49.427581 [debug] [Thread-5 (]: Using snowflake connection "test.covid_pipeline.not_null_mart_hospitalization_rate_total_cases.9667a988a2"
[0m13:33:49.428321 [debug] [Thread-3 (]: Opening a new connection, currently in state init
[0m13:33:49.428914 [debug] [Thread-4 (]: Opening a new connection, currently in state init
[0m13:33:49.429472 [debug] [Thread-2 (]: On test.covid_pipeline.not_null_mart_hospitalization_rate_case_month.bd81e0cdda: select
      count(*) as failures,
      count(*) != 0 as should_warn,
      count(*) != 0 as should_error
    from (
      
    
  
    
    



select case_month
from COVID_DB.MARTS.mart_hospitalization_rate
where case_month is null



  
  
      
    ) dbt_internal_test
/* {"app": "dbt", "dbt_version": "1.11.7", "profile_name": "covid_pipeline", "target_name": "dev", "node_id": "test.covid_pipeline.not_null_mart_hospitalization_rate_case_month.bd81e0cdda"} */
[0m13:33:49.430040 [debug] [Thread-5 (]: On test.covid_pipeline.not_null_mart_hospitalization_rate_total_cases.9667a988a2: select
      count(*) as failures,
      count(*) != 0 as should_warn,
      count(*) != 0 as should_error
    from (
      
    
  
    
    



select total_cases
from COVID_DB.MARTS.mart_hospitalization_rate
where total_cases is null



  
  
      
    ) dbt_internal_test
/* {"app": "dbt", "dbt_version": "1.11.7", "profile_name": "covid_pipeline", "target_name": "dev", "node_id": "test.covid_pipeline.not_null_mart_hospitalization_rate_total_cases.9667a988a2"} */
[0m13:33:49.430880 [debug] [Thread-2 (]: Opening a new connection, currently in state init
[0m13:33:49.431438 [debug] [Thread-5 (]: Opening a new connection, currently in state init
[0m13:33:50.150747 [debug] [Thread-2 (]: SQL status: SUCCESS 1 in 0.720 seconds
[0m13:33:50.163650 [info ] [Thread-2 (]: 1 of 7 PASS not_null_mart_hospitalization_rate_case_month ...................... [[32mPASS[0m in 0.83s]
[0m13:33:50.165028 [debug] [Thread-2 (]: Finished running node test.covid_pipeline.not_null_mart_hospitalization_rate_case_month.bd81e0cdda
[0m13:33:50.165642 [debug] [Thread-2 (]: Began running node test.covid_pipeline.not_null_mart_severity_index_county_fips.a1e81f5577
[0m13:33:50.166192 [info ] [Thread-2 (]: 5 of 7 START test not_null_mart_severity_index_county_fips ..................... [RUN]
[0m13:33:50.167157 [debug] [Thread-2 (]: Re-using an available connection from the pool (formerly test.covid_pipeline.not_null_mart_hospitalization_rate_case_month.bd81e0cdda, now test.covid_pipeline.not_null_mart_severity_index_county_fips.a1e81f5577)
[0m13:33:50.167738 [debug] [Thread-2 (]: Began compiling node test.covid_pipeline.not_null_mart_severity_index_county_fips.a1e81f5577
[0m13:33:50.175145 [debug] [Thread-2 (]: Writing injected SQL for node "test.covid_pipeline.not_null_mart_severity_index_county_fips.a1e81f5577"
[0m13:33:50.176941 [debug] [Thread-2 (]: Began executing node test.covid_pipeline.not_null_mart_severity_index_county_fips.a1e81f5577
[0m13:33:50.181004 [debug] [Thread-2 (]: Writing runtime sql for node "test.covid_pipeline.not_null_mart_severity_index_county_fips.a1e81f5577"
[0m13:33:50.182795 [debug] [Thread-2 (]: Using snowflake connection "test.covid_pipeline.not_null_mart_severity_index_county_fips.a1e81f5577"
[0m13:33:50.183676 [debug] [Thread-2 (]: On test.covid_pipeline.not_null_mart_severity_index_county_fips.a1e81f5577: select
      count(*) as failures,
      count(*) != 0 as should_warn,
      count(*) != 0 as should_error
    from (
      
    
  
    
    



select county_fips
from COVID_DB.MARTS.mart_severity_index
where county_fips is null



  
  
      
    ) dbt_internal_test
/* {"app": "dbt", "dbt_version": "1.11.7", "profile_name": "covid_pipeline", "target_name": "dev", "node_id": "test.covid_pipeline.not_null_mart_severity_index_county_fips.a1e81f5577"} */
[0m13:33:50.357369 [debug] [Thread-5 (]: SQL status: SUCCESS 1 in 0.926 seconds
[0m13:33:50.359885 [info ] [Thread-5 (]: 4 of 7 PASS not_null_mart_hospitalization_rate_total_cases ..................... [[32mPASS[0m in 1.05s]
[0m13:33:50.361860 [debug] [Thread-5 (]: Finished running node test.covid_pipeline.not_null_mart_hospitalization_rate_total_cases.9667a988a2
[0m13:33:50.362733 [debug] [Thread-5 (]: Began running node test.covid_pipeline.not_null_mart_severity_index_severity_index.4d29796c01
[0m13:33:50.363404 [info ] [Thread-5 (]: 6 of 7 START test not_null_mart_severity_index_severity_index .................. [RUN]
[0m13:33:50.364280 [debug] [Thread-5 (]: Re-using an available connection from the pool (formerly test.covid_pipeline.not_null_mart_hospitalization_rate_total_cases.9667a988a2, now test.covid_pipeline.not_null_mart_severity_index_severity_index.4d29796c01)
[0m13:33:50.364822 [debug] [Thread-5 (]: Began compiling node test.covid_pipeline.not_null_mart_severity_index_severity_index.4d29796c01
[0m13:33:50.369508 [debug] [Thread-5 (]: Writing injected SQL for node "test.covid_pipeline.not_null_mart_severity_index_severity_index.4d29796c01"
[0m13:33:50.371161 [debug] [Thread-5 (]: Began executing node test.covid_pipeline.not_null_mart_severity_index_severity_index.4d29796c01
[0m13:33:50.375310 [debug] [Thread-5 (]: Writing runtime sql for node "test.covid_pipeline.not_null_mart_severity_index_severity_index.4d29796c01"
[0m13:33:50.376976 [debug] [Thread-5 (]: Using snowflake connection "test.covid_pipeline.not_null_mart_severity_index_severity_index.4d29796c01"
[0m13:33:50.377576 [debug] [Thread-5 (]: On test.covid_pipeline.not_null_mart_severity_index_severity_index.4d29796c01: select
      count(*) as failures,
      count(*) != 0 as should_warn,
      count(*) != 0 as should_error
    from (
      
    
  
    
    



select severity_index
from COVID_DB.MARTS.mart_severity_index
where severity_index is null



  
  
      
    ) dbt_internal_test
/* {"app": "dbt", "dbt_version": "1.11.7", "profile_name": "covid_pipeline", "target_name": "dev", "node_id": "test.covid_pipeline.not_null_mart_severity_index_severity_index.4d29796c01"} */
[0m13:33:50.594227 [debug] [Thread-4 (]: SQL status: SUCCESS 1 in 1.165 seconds
[0m13:33:50.595878 [debug] [Thread-2 (]: SQL status: SUCCESS 1 in 0.411 seconds
[0m13:33:50.601965 [debug] [Thread-3 (]: SQL status: SUCCESS 1 in 1.174 seconds
[0m13:33:50.598578 [info ] [Thread-4 (]: 3 of 7 PASS not_null_mart_hospitalization_rate_state_fips ...................... [[32mPASS[0m in 1.29s]
[0m13:33:50.606445 [debug] [Thread-4 (]: Finished running node test.covid_pipeline.not_null_mart_hospitalization_rate_state_fips.32b9524483
[0m13:33:50.601034 [info ] [Thread-2 (]: 5 of 7 PASS not_null_mart_severity_index_county_fips ........................... [[32mPASS[0m in 0.43s]
[0m13:33:50.607745 [debug] [Thread-4 (]: Began running node test.covid_pipeline.unique_mart_severity_index_county_fips.a529dba7d2
[0m13:33:50.609047 [debug] [Thread-2 (]: Finished running node test.covid_pipeline.not_null_mart_severity_index_county_fips.a1e81f5577
[0m13:33:50.605280 [info ] [Thread-3 (]: 2 of 7 PASS not_null_mart_hospitalization_rate_hospitalization_rate_pct ........ [[32mPASS[0m in 1.29s]
[0m13:33:50.609915 [info ] [Thread-4 (]: 7 of 7 START test unique_mart_severity_index_county_fips ....................... [RUN]
[0m13:33:50.611130 [debug] [Thread-3 (]: Finished running node test.covid_pipeline.not_null_mart_hospitalization_rate_hospitalization_rate_pct.c2e3edbe7a
[0m13:33:50.611778 [debug] [Thread-4 (]: Re-using an available connection from the pool (formerly test.covid_pipeline.not_null_mart_hospitalization_rate_state_fips.32b9524483, now test.covid_pipeline.unique_mart_severity_index_county_fips.a529dba7d2)
[0m13:33:50.612672 [debug] [Thread-4 (]: Began compiling node test.covid_pipeline.unique_mart_severity_index_county_fips.a529dba7d2
[0m13:33:50.619908 [debug] [Thread-4 (]: Writing injected SQL for node "test.covid_pipeline.unique_mart_severity_index_county_fips.a529dba7d2"
[0m13:33:50.621585 [debug] [Thread-4 (]: Began executing node test.covid_pipeline.unique_mart_severity_index_county_fips.a529dba7d2
[0m13:33:50.625621 [debug] [Thread-4 (]: Writing runtime sql for node "test.covid_pipeline.unique_mart_severity_index_county_fips.a529dba7d2"
[0m13:33:50.627695 [debug] [Thread-4 (]: Using snowflake connection "test.covid_pipeline.unique_mart_severity_index_county_fips.a529dba7d2"
[0m13:33:50.628494 [debug] [Thread-4 (]: On test.covid_pipeline.unique_mart_severity_index_county_fips.a529dba7d2: select
      count(*) as failures,
      count(*) != 0 as should_warn,
      count(*) != 0 as should_error
    from (
      
    
  
    
    

select
    county_fips as unique_field,
    count(*) as n_records

from COVID_DB.MARTS.mart_severity_index
where county_fips is not null
group by county_fips
having count(*) > 1



  
  
      
    ) dbt_internal_test
/* {"app": "dbt", "dbt_version": "1.11.7", "profile_name": "covid_pipeline", "target_name": "dev", "node_id": "test.covid_pipeline.unique_mart_severity_index_county_fips.a529dba7d2"} */
[0m13:33:50.858844 [debug] [Thread-4 (]: SQL status: SUCCESS 1 in 0.230 seconds
[0m13:33:50.861084 [info ] [Thread-4 (]: 7 of 7 PASS unique_mart_severity_index_county_fips ............................. [[32mPASS[0m in 0.25s]
[0m13:33:50.862334 [debug] [Thread-4 (]: Finished running node test.covid_pipeline.unique_mart_severity_index_county_fips.a529dba7d2
[0m13:33:50.934667 [debug] [Thread-5 (]: SQL status: SUCCESS 1 in 0.557 seconds
[0m13:33:50.936735 [info ] [Thread-5 (]: 6 of 7 PASS not_null_mart_severity_index_severity_index ........................ [[32mPASS[0m in 0.57s]
[0m13:33:50.938003 [debug] [Thread-5 (]: Finished running node test.covid_pipeline.not_null_mart_severity_index_severity_index.4d29796c01
[0m13:33:50.940082 [debug] [MainThread]: Connection 'master' was properly closed.
[0m13:33:50.940597 [debug] [MainThread]: Connection 'list_COVID_DB_MARTS' was left open.
[0m13:33:50.941179 [debug] [MainThread]: On list_COVID_DB_MARTS: Close
[0m13:33:51.072781 [debug] [MainThread]: Connection 'list_COVID_DB_STAGING' was left open.
[0m13:33:51.073256 [debug] [MainThread]: On list_COVID_DB_STAGING: Close
[0m13:33:51.211275 [debug] [MainThread]: Connection 'list_COVID_DB_INTERMEDIATE' was left open.
[0m13:33:51.211955 [debug] [MainThread]: On list_COVID_DB_INTERMEDIATE: Close
[0m13:33:51.333042 [debug] [MainThread]: Connection 'test.covid_pipeline.not_null_mart_hospitalization_rate_hospitalization_rate_pct.c2e3edbe7a' was left open.
[0m13:33:51.333644 [debug] [MainThread]: On test.covid_pipeline.not_null_mart_hospitalization_rate_hospitalization_rate_pct.c2e3edbe7a: Close
[0m13:33:51.526392 [debug] [MainThread]: Connection 'test.covid_pipeline.unique_mart_severity_index_county_fips.a529dba7d2' was left open.
[0m13:33:51.526900 [debug] [MainThread]: On test.covid_pipeline.unique_mart_severity_index_county_fips.a529dba7d2: Close
[0m13:33:51.617540 [debug] [MainThread]: Connection 'test.covid_pipeline.not_null_mart_severity_index_severity_index.4d29796c01' was left open.
[0m13:33:51.618023 [debug] [MainThread]: On test.covid_pipeline.not_null_mart_severity_index_severity_index.4d29796c01: Close
[0m13:33:51.755541 [debug] [MainThread]: Connection 'test.covid_pipeline.not_null_mart_severity_index_county_fips.a1e81f5577' was left open.
[0m13:33:51.756018 [debug] [MainThread]: On test.covid_pipeline.not_null_mart_severity_index_county_fips.a1e81f5577: Close
[0m13:33:51.876725 [info ] [MainThread]: 
[0m13:33:51.877489 [info ] [MainThread]: Finished running 7 data tests in 0 hours 0 minutes and 3.87 seconds (3.87s).
[0m13:33:51.879578 [debug] [MainThread]: Command end result
[0m13:33:51.917952 [debug] [MainThread]: Wrote artifact WritableManifest to C:\Users\Admin\workspace\DE_2025\Project3_Covid19_JW\dbt_project\target\manifest.json
[0m13:33:51.921484 [debug] [MainThread]: Wrote artifact SemanticManifest to C:\Users\Admin\workspace\DE_2025\Project3_Covid19_JW\dbt_project\target\semantic_manifest.json
[0m13:33:51.930059 [debug] [MainThread]: Wrote artifact RunExecutionResult to C:\Users\Admin\workspace\DE_2025\Project3_Covid19_JW\dbt_project\target\run_results.json
[0m13:33:51.930609 [info ] [MainThread]: 
[0m13:33:51.931362 [info ] [MainThread]: [32mCompleted successfully[0m
[0m13:33:51.932095 [info ] [MainThread]: 
[0m13:33:51.932706 [info ] [MainThread]: Done. PASS=7 WARN=0 ERROR=0 SKIP=0 NO-OP=0 TOTAL=7
[0m13:33:51.934041 [debug] [MainThread]: Command `dbt test` succeeded at 13:33:51.933891 after 7.10 seconds
[0m13:33:51.934491 [debug] [MainThread]: Sending event: {'category': 'dbt', 'action': 'invocation', 'label': 'end', 'context': [<snowplow_tracker.self_describing_json.SelfDescribingJson object at 0x00000269C176CB90>, <snowplow_tracker.self_describing_json.SelfDescribingJson object at 0x00000269D7E93E30>, <snowplow_tracker.self_describing_json.SelfDescribingJson object at 0x00000269D7E93B70>]}
[0m13:33:51.934923 [debug] [MainThread]: Flushing usage events
[0m13:33:52.131909 [debug] [MainThread]: An error was encountered while trying to flush usage events
[0m18:50:42.235088 [debug] [MainThread]: Sending event: {'category': 'dbt', 'action': 'invocation', 'label': 'start', 'context': [<snowplow_tracker.self_describing_json.SelfDescribingJson object at 0x000001E5EA934C20>, <snowplow_tracker.self_describing_json.SelfDescribingJson object at 0x000001E5E8478910>, <snowplow_tracker.self_describing_json.SelfDescribingJson object at 0x000001E5EB408910>]}


============================== 18:50:42.242709 | 22095dca-8173-4b04-8b44-04282fa2cca6 ==============================
[0m18:50:42.242709 [info ] [MainThread]: Running with dbt=1.11.7
[0m18:50:42.243974 [debug] [MainThread]: running dbt with arguments {'version_check': 'True', 'no_print': 'None', 'static_parser': 'True', 'warn_error_options': 'WarnErrorOptionsV2(error=[], warn=[], silence=[])', 'target_path': 'None', 'printer_width': '80', 'write_json': 'True', 'empty': 'None', 'log_cache_events': 'False', 'introspect': 'True', 'cache_selected_only': 'False', 'fail_fast': 'False', 'debug': 'False', 'log_format': 'default', 'partial_parse': 'True', 'send_anonymous_usage_stats': 'True', 'quiet': 'False', 'warn_error': 'None', 'profiles_dir': 'C:\\Users\\Admin\\.dbt', 'indirect_selection': 'eager', 'use_colors': 'True', 'invocation_command': 'dbt debug', 'use_experimental_parser': 'False', 'log_path': 'C:\\Users\\Admin\\workspace\\DE_2025\\Project3_Covid19_JW\\covid_19\\logs'}
[0m18:50:42.291336 [info ] [MainThread]: dbt version: 1.11.7
[0m18:50:42.292327 [info ] [MainThread]: python version: 3.13.12
[0m18:50:42.293174 [info ] [MainThread]: python path: C:\Users\Admin\workspace\DE_2025\Project3_Covid19_JW\.venv\Scripts\python.exe
[0m18:50:42.294395 [info ] [MainThread]: os info: Windows-10-10.0.19045-SP0
[0m18:50:47.141929 [debug] [MainThread]: Snowflake adapter: Setting snowflake.connector to ERROR (file logging only)
[0m18:50:47.142564 [debug] [MainThread]: Snowflake adapter: Setting botocore to ERROR (file logging only)
[0m18:50:47.143054 [debug] [MainThread]: Snowflake adapter: Setting boto3 to ERROR (file logging only)
[0m18:50:47.241341 [info ] [MainThread]: Using profiles dir at C:\Users\Admin\.dbt
[0m18:50:47.242206 [info ] [MainThread]: Using profiles.yml file at C:\Users\Admin\.dbt\profiles.yml
[0m18:50:47.243161 [info ] [MainThread]: Using dbt_project.yml file at C:\Users\Admin\workspace\DE_2025\Project3_Covid19_JW\covid_19\dbt_project.yml
[0m18:50:47.246324 [info ] [MainThread]: adapter type: snowflake
[0m18:50:47.247264 [info ] [MainThread]: adapter version: 1.11.3
[0m18:50:47.443672 [info ] [MainThread]: Configuration:
[0m18:50:47.444594 [info ] [MainThread]:   profiles.yml file [[32mOK found and valid[0m]
[0m18:50:47.445305 [info ] [MainThread]:   dbt_project.yml file [[32mOK found and valid[0m]
[0m18:50:47.446163 [info ] [MainThread]: Required dependencies:
[0m18:50:47.447131 [debug] [MainThread]: Executing "git --help"
[0m18:50:47.488162 [debug] [MainThread]: STDOUT: "b"usage: git [-v | --version] [-h | --help] [-C <path>] [-c <name>=<value>]\n           [--exec-path[=<path>]] [--html-path] [--man-path] [--info-path]\n           [-p | --paginate | -P | --no-pager] [--no-replace-objects] [--bare]\n           [--git-dir=<path>] [--work-tree=<path>] [--namespace=<name>]\n           [--config-env=<name>=<envvar>] <command> [<args>]\n\nThese are common Git commands used in various situations:\n\nstart a working area (see also: git help tutorial)\n   clone     Clone a repository into a new directory\n   init      Create an empty Git repository or reinitialize an existing one\n\nwork on the current change (see also: git help everyday)\n   add       Add file contents to the index\n   mv        Move or rename a file, a directory, or a symlink\n   restore   Restore working tree files\n   rm        Remove files from the working tree and from the index\n\nexamine the history and state (see also: git help revisions)\n   bisect    Use binary search to find the commit that introduced a bug\n   diff      Show changes between commits, commit and working tree, etc\n   grep      Print lines matching a pattern\n   log       Show commit logs\n   show      Show various types of objects\n   status    Show the working tree status\n\ngrow, mark and tweak your common history\n   branch    List, create, or delete branches\n   commit    Record changes to the repository\n   merge     Join two or more development histories together\n   rebase    Reapply commits on top of another base tip\n   reset     Reset current HEAD to the specified state\n   switch    Switch branches\n   tag       Create, list, delete or verify a tag object signed with GPG\n\ncollaborate (see also: git help workflows)\n   fetch     Download objects and refs from another repository\n   pull      Fetch from and integrate with another repository or a local branch\n   push      Update remote refs along with associated objects\n\n'git help -a' and 'git help -g' list available subcommands and some\nconcept guides. See 'git help <command>' or 'git help <concept>'\nto read about a specific subcommand or concept.\nSee 'git help git' for an overview of the system.\n""
[0m18:50:47.488852 [debug] [MainThread]: STDERR: "b''"
[0m18:50:47.489387 [info ] [MainThread]:  - git [[32mOK found[0m]

[0m18:50:47.490180 [info ] [MainThread]: Connection:
[0m18:50:47.491041 [info ] [MainThread]:   account: nfsqmyv-ce67328
[0m18:50:47.491836 [info ] [MainThread]:   user: WILMERSAENZ81
[0m18:50:47.492783 [info ] [MainThread]:   database: COVID_DB
[0m18:50:47.493970 [info ] [MainThread]:   warehouse: COMPUTE_WH
[0m18:50:47.495247 [info ] [MainThread]:   role: ACCOUNTADMIN
[0m18:50:47.496647 [info ] [MainThread]:   schema: RAW
[0m18:50:47.497710 [info ] [MainThread]:   authenticator: None
[0m18:50:47.498620 [info ] [MainThread]:   oauth_client_id: None
[0m18:50:47.499437 [info ] [MainThread]:   query_tag: None
[0m18:50:47.500373 [info ] [MainThread]:   client_session_keep_alive: False
[0m18:50:47.501393 [info ] [MainThread]:   host: None
[0m18:50:47.502447 [info ] [MainThread]:   port: None
[0m18:50:47.503388 [info ] [MainThread]:   proxy_host: None
[0m18:50:47.504379 [info ] [MainThread]:   proxy_port: None
[0m18:50:47.505377 [info ] [MainThread]:   protocol: None
[0m18:50:47.506423 [info ] [MainThread]:   connect_retries: 1
[0m18:50:47.507426 [info ] [MainThread]:   connect_timeout: None
[0m18:50:47.508385 [info ] [MainThread]:   retry_on_database_errors: False
[0m18:50:47.509481 [info ] [MainThread]:   retry_all: False
[0m18:50:47.511246 [info ] [MainThread]:   insecure_mode: False
[0m18:50:47.512821 [info ] [MainThread]:   reuse_connections: True
[0m18:50:47.513934 [info ] [MainThread]:   s3_stage_vpce_dns_name: None
[0m18:50:47.514975 [info ] [MainThread]:   platform_detection_timeout_seconds: 0.0
[0m18:50:47.516305 [info ] [MainThread]: Registered adapter: snowflake=1.11.3
[0m18:50:48.450294 [debug] [MainThread]: Acquiring new snowflake connection 'debug'
[0m18:50:51.917016 [debug] [MainThread]: Using snowflake connection "debug"
[0m18:50:51.917524 [debug] [MainThread]: On debug: select 1 as id
[0m18:50:51.917998 [debug] [MainThread]: Opening a new connection, currently in state init
[0m18:50:53.636299 [debug] [MainThread]: SQL status: SUCCESS 1 in 1.718 seconds
[0m18:50:53.637353 [info ] [MainThread]:   Connection test: [[32mOK connection ok[0m]

[0m18:50:53.638069 [info ] [MainThread]: [32mAll checks passed![0m
[0m18:50:53.639353 [debug] [MainThread]: Command `dbt debug` succeeded at 18:50:53.639217 after 11.61 seconds
[0m18:50:53.639777 [debug] [MainThread]: Connection 'debug' was left open.
[0m18:50:53.640204 [debug] [MainThread]: On debug: Close
[0m18:50:53.776674 [debug] [MainThread]: Sending event: {'category': 'dbt', 'action': 'invocation', 'label': 'end', 'context': [<snowplow_tracker.self_describing_json.SelfDescribingJson object at 0x000001E580880640>, <snowplow_tracker.self_describing_json.SelfDescribingJson object at 0x000001E5804F72F0>, <snowplow_tracker.self_describing_json.SelfDescribingJson object at 0x000001E5802EFF00>]}
[0m18:50:53.777250 [debug] [MainThread]: Flushing usage events
[0m18:50:53.979225 [debug] [MainThread]: An error was encountered while trying to flush usage events
[0m06:45:56.054596 [debug] [MainThread]: Sending event: {'category': 'dbt', 'action': 'invocation', 'label': 'start', 'context': [<snowplow_tracker.self_describing_json.SelfDescribingJson object at 0x000001E7A2544C20>, <snowplow_tracker.self_describing_json.SelfDescribingJson object at 0x000001E7A0078910>, <snowplow_tracker.self_describing_json.SelfDescribingJson object at 0x000001E7A3018910>]}


============================== 06:45:56.060421 | e733b331-50af-4a86-8283-afb84434edbd ==============================
[0m06:45:56.060421 [info ] [MainThread]: Running with dbt=1.11.7
[0m06:45:56.061387 [debug] [MainThread]: running dbt with arguments {'version_check': 'True', 'no_print': 'None', 'static_parser': 'True', 'warn_error_options': 'WarnErrorOptionsV2(error=[], warn=[], silence=[])', 'target_path': 'None', 'printer_width': '80', 'write_json': 'True', 'empty': 'False', 'log_cache_events': 'False', 'introspect': 'True', 'cache_selected_only': 'False', 'log_format': 'default', 'debug': 'False', 'fail_fast': 'False', 'partial_parse': 'True', 'send_anonymous_usage_stats': 'True', 'quiet': 'False', 'warn_error': 'None', 'profiles_dir': 'C:\\Users\\Admin\\.dbt', 'indirect_selection': 'eager', 'invocation_command': 'dbt run', 'use_colors': 'True', 'use_experimental_parser': 'False', 'log_path': 'C:\\Users\\Admin\\workspace\\DE_2025\\Project3_Covid19_JW\\covid_19\\logs'}
[0m06:45:57.322881 [debug] [MainThread]: Snowflake adapter: Setting snowflake.connector to ERROR (file logging only)
[0m06:45:57.323773 [debug] [MainThread]: Snowflake adapter: Setting botocore to ERROR (file logging only)
[0m06:45:57.324469 [debug] [MainThread]: Snowflake adapter: Setting boto3 to ERROR (file logging only)
[0m06:45:57.670155 [debug] [MainThread]: Sending event: {'category': 'dbt', 'action': 'project_id', 'label': 'e733b331-50af-4a86-8283-afb84434edbd', 'context': [<snowplow_tracker.self_describing_json.SelfDescribingJson object at 0x000001E7A298EEA0>]}
[0m06:45:57.756437 [debug] [MainThread]: Sending event: {'category': 'dbt', 'action': 'adapter_info', 'label': 'e733b331-50af-4a86-8283-afb84434edbd', 'context': [<snowplow_tracker.self_describing_json.SelfDescribingJson object at 0x000001E7B7F7D370>]}
[0m06:45:57.758262 [info ] [MainThread]: Registered adapter: snowflake=1.11.3
[0m06:45:58.587490 [debug] [MainThread]: checksum: b80718358155fc17c3559352095564dd56ada1cc1a1c0ef2e62c857e71583775, vars: {}, profile: , target: , version: 1.11.7
[0m06:46:00.842432 [debug] [MainThread]: Partial parsing enabled: 0 files deleted, 0 files added, 0 files changed.
[0m06:46:00.842924 [debug] [MainThread]: Nothing changed, skipping partial parsing.
[0m06:46:00.843296 [debug] [MainThread]: Partial parsing enabled, no changes found, skipping parsing
[0m06:46:00.914607 [debug] [MainThread]: Sending event: {'category': 'dbt', 'action': 'load_project', 'label': 'e733b331-50af-4a86-8283-afb84434edbd', 'context': [<snowplow_tracker.self_describing_json.SelfDescribingJson object at 0x000001E7B7F8DE50>]}
[0m06:46:01.050050 [debug] [MainThread]: Wrote artifact WritableManifest to C:\Users\Admin\workspace\DE_2025\Project3_Covid19_JW\covid_19\target\manifest.json
[0m06:46:01.067623 [debug] [MainThread]: Wrote artifact SemanticManifest to C:\Users\Admin\workspace\DE_2025\Project3_Covid19_JW\covid_19\target\semantic_manifest.json
[0m06:46:01.113778 [debug] [MainThread]: Sending event: {'category': 'dbt', 'action': 'resource_counts', 'label': 'e733b331-50af-4a86-8283-afb84434edbd', 'context': [<snowplow_tracker.self_describing_json.SelfDescribingJson object at 0x000001E7A20AD8B0>]}
[0m06:46:01.114396 [info ] [MainThread]: Found 12 models, 26 data tests, 3 sources, 639 macros
[0m06:46:01.115140 [debug] [MainThread]: Sending event: {'category': 'dbt', 'action': 'runnable_timing', 'label': 'e733b331-50af-4a86-8283-afb84434edbd', 'context': [<snowplow_tracker.self_describing_json.SelfDescribingJson object at 0x000001E7B8023070>]}
[0m06:46:01.118153 [info ] [MainThread]: 
[0m06:46:01.118991 [info ] [MainThread]: Concurrency: 4 threads (target='dev')
[0m06:46:01.119842 [info ] [MainThread]: 
[0m06:46:01.120817 [debug] [MainThread]: Acquiring new snowflake connection 'master'
[0m06:46:01.128143 [debug] [ThreadPool]: Acquiring new snowflake connection 'list_COVID_DB'
[0m06:46:01.139094 [debug] [ThreadPool]: Acquiring new snowflake connection 'list_COVID_DB'
[0m06:46:01.158793 [debug] [ThreadPool]: Acquiring new snowflake connection 'list_COVID_DB'
[0m06:46:03.863027 [debug] [ThreadPool]: Using snowflake connection "list_COVID_DB"
[0m06:46:03.863662 [debug] [ThreadPool]: Using snowflake connection "list_COVID_DB"
[0m06:46:03.864105 [debug] [ThreadPool]: On list_COVID_DB: show terse schemas in database COVID_DB
    limit 10000
/* {"app": "dbt", "dbt_version": "1.11.7", "profile_name": "covid_pipeline", "target_name": "dev", "connection_name": "list_COVID_DB"} */
[0m06:46:03.864738 [debug] [ThreadPool]: Using snowflake connection "list_COVID_DB"
[0m06:46:03.865264 [debug] [ThreadPool]: On list_COVID_DB: show terse schemas in database COVID_DB
    limit 10000
/* {"app": "dbt", "dbt_version": "1.11.7", "profile_name": "covid_pipeline", "target_name": "dev", "connection_name": "list_COVID_DB"} */
[0m06:46:03.866690 [debug] [ThreadPool]: Opening a new connection, currently in state init
[0m06:46:03.866224 [debug] [ThreadPool]: On list_COVID_DB: show terse schemas in database COVID_DB
    limit 10000
/* {"app": "dbt", "dbt_version": "1.11.7", "profile_name": "covid_pipeline", "target_name": "dev", "connection_name": "list_COVID_DB"} */
[0m06:46:03.865740 [debug] [ThreadPool]: Opening a new connection, currently in state init
[0m06:46:03.867244 [debug] [ThreadPool]: Opening a new connection, currently in state init
[0m06:46:04.916082 [debug] [ThreadPool]: SQL status: SUCCESS 6 in 1.049 seconds
[0m06:46:04.936405 [debug] [ThreadPool]: SQL status: SUCCESS 6 in 1.070 seconds
[0m06:46:04.949960 [debug] [ThreadPool]: SQL status: SUCCESS 6 in 1.084 seconds
[0m06:46:04.954102 [debug] [ThreadPool]: Acquiring new snowflake connection 'list_COVID_DB_STAGING'
[0m06:46:04.960768 [debug] [ThreadPool]: Acquiring new snowflake connection 'list_COVID_DB_MARTS'
[0m06:46:04.971776 [debug] [ThreadPool]: Using snowflake connection "list_COVID_DB_MARTS"
[0m06:46:04.976280 [debug] [ThreadPool]: On list_COVID_DB_MARTS: show objects in COVID_DB.MARTS
    limit 10000
    

/* {"app": "dbt", "dbt_version": "1.11.7", "profile_name": "covid_pipeline", "target_name": "dev", "connection_name": "list_COVID_DB_MARTS"} */;
[0m06:46:04.976026 [debug] [ThreadPool]: Using snowflake connection "list_COVID_DB_STAGING"
[0m06:46:04.977229 [debug] [ThreadPool]: Opening a new connection, currently in state init
[0m06:46:04.977676 [debug] [ThreadPool]: On list_COVID_DB_STAGING: show objects in COVID_DB.STAGING
    limit 10000
    

/* {"app": "dbt", "dbt_version": "1.11.7", "profile_name": "covid_pipeline", "target_name": "dev", "connection_name": "list_COVID_DB_STAGING"} */;
[0m06:46:04.978217 [debug] [ThreadPool]: Acquiring new snowflake connection 'list_COVID_DB_INTERMEDIATE'
[0m06:46:04.978934 [debug] [ThreadPool]: Opening a new connection, currently in state init
[0m06:46:04.981075 [debug] [ThreadPool]: Using snowflake connection "list_COVID_DB_INTERMEDIATE"
[0m06:46:04.981656 [debug] [ThreadPool]: On list_COVID_DB_INTERMEDIATE: show objects in COVID_DB.INTERMEDIATE
    limit 10000
    

/* {"app": "dbt", "dbt_version": "1.11.7", "profile_name": "covid_pipeline", "target_name": "dev", "connection_name": "list_COVID_DB_INTERMEDIATE"} */;
[0m06:46:04.982015 [debug] [ThreadPool]: Opening a new connection, currently in state init
[0m06:46:05.696342 [debug] [ThreadPool]: SQL status: SUCCESS 2 in 0.714 seconds
[0m06:46:05.794976 [debug] [ThreadPool]: SQL status: SUCCESS 3 in 0.816 seconds
[0m06:46:06.060411 [debug] [ThreadPool]: SQL status: SUCCESS 7 in 1.083 seconds
[0m06:46:06.064293 [debug] [MainThread]: Sending event: {'category': 'dbt', 'action': 'runnable_timing', 'label': 'e733b331-50af-4a86-8283-afb84434edbd', 'context': [<snowplow_tracker.self_describing_json.SelfDescribingJson object at 0x000001E7B8BEA680>]}
[0m06:46:06.072171 [debug] [Thread-3 (]: Began running node model.covid_pipeline.stg_population
[0m06:46:06.071793 [debug] [Thread-2 (]: Began running node model.covid_pipeline.stg_covid_cases
[0m06:46:06.073344 [debug] [Thread-4 (]: Began running node model.covid_pipeline.stg_vaccinations
[0m06:46:06.074274 [info ] [Thread-3 (]: 2 of 12 START sql view model STAGING.stg_population ............................ [RUN]
[0m06:46:06.077164 [debug] [Thread-3 (]: Acquiring new snowflake connection 'model.covid_pipeline.stg_population'
[0m06:46:06.075234 [info ] [Thread-2 (]: 1 of 12 START sql view model STAGING.stg_covid_cases ........................... [RUN]
[0m06:46:06.078109 [debug] [Thread-3 (]: Began compiling node model.covid_pipeline.stg_population
[0m06:46:06.079069 [debug] [Thread-2 (]: Acquiring new snowflake connection 'model.covid_pipeline.stg_covid_cases'
[0m06:46:06.076196 [info ] [Thread-4 (]: 3 of 12 START sql view model STAGING.stg_vaccinations .......................... [RUN]
[0m06:46:06.091541 [debug] [Thread-3 (]: Writing injected SQL for node "model.covid_pipeline.stg_population"
[0m06:46:06.092300 [debug] [Thread-2 (]: Began compiling node model.covid_pipeline.stg_covid_cases
[0m06:46:06.093017 [debug] [Thread-4 (]: Acquiring new snowflake connection 'model.covid_pipeline.stg_vaccinations'
[0m06:46:06.097320 [debug] [Thread-2 (]: Writing injected SQL for node "model.covid_pipeline.stg_covid_cases"
[0m06:46:06.098023 [debug] [Thread-4 (]: Began compiling node model.covid_pipeline.stg_vaccinations
[0m06:46:06.101456 [debug] [Thread-4 (]: Writing injected SQL for node "model.covid_pipeline.stg_vaccinations"
[0m06:46:06.102732 [debug] [Thread-3 (]: Began executing node model.covid_pipeline.stg_population
[0m06:46:06.112316 [debug] [Thread-2 (]: Began executing node model.covid_pipeline.stg_covid_cases
[0m06:46:06.165061 [debug] [Thread-2 (]: Writing runtime sql for node "model.covid_pipeline.stg_covid_cases"
[0m06:46:06.165997 [debug] [Thread-3 (]: Writing runtime sql for node "model.covid_pipeline.stg_population"
[0m06:46:06.166657 [debug] [Thread-4 (]: Began executing node model.covid_pipeline.stg_vaccinations
[0m06:46:06.170357 [debug] [Thread-4 (]: Writing runtime sql for node "model.covid_pipeline.stg_vaccinations"
[0m06:46:06.173151 [debug] [Thread-2 (]: Using snowflake connection "model.covid_pipeline.stg_covid_cases"
[0m06:46:06.173820 [debug] [Thread-2 (]: On model.covid_pipeline.stg_covid_cases: create or replace   view COVID_DB.STAGING.stg_covid_cases
  
  
  
  
  as (
    -- Staging: CDC COVID-19 cases
-- Light cleaning only — no business logic here.
-- Column names mapped from actual RAW_COVID_CASES schema (verified 2026-03-31).

with source as (
    select * from COVID_DB.RAW.raw_covid_cases
),

cleaned as (
    select
        -- Build a 5-digit FIPS key for joining
        lpad(state_fips_code, 2, '0') || lpad(county_fips_code, 3, '0') as county_fips,
        lpad(state_fips_code, 2, '0')                                    as state_fips,

        -- Normalize month to a proper date (first day of the month)
        try_to_date(case_month, 'YYYY-MM')                               as case_month,

        -- Geographic fields
        nullif(trim(res_state), '')   as res_state,
        nullif(trim(res_county), '')  as res_county,

        -- Demographic fields
        nullif(trim(age_group), '')   as age_group,
        nullif(trim(sex), '')         as sex,
        nullif(trim(race), '')        as race,
        nullif(trim(ethnicity), '')   as ethnicity,

        -- Clinical status fields
        nullif(trim(current_status), '')             as current_status,
        nullif(trim(symptom_status), '')             as symptom_status,
        nullif(trim(hosp_yn), '')                    as hosp_yn,
        nullif(trim(icu_yn), '')                     as icu_yn,
        nullif(trim(death_yn), '')                   as death_yn,
        nullif(trim(underlying_conditions_yn), '')   as underlying_conditions_yn,

        -- Derived binary flags for easier aggregation in intermediate/marts
        case when upper(death_yn) = 'YES' then 1 else 0 end   as is_death,
        case when upper(hosp_yn)  = 'YES' then 1 else 0 end   as is_hospitalized,
        case when upper(icu_yn)   = 'YES' then 1 else 0 end   as is_icu,

        current_timestamp() as _loaded_at

    from source
    where state_fips_code is not null
      and case_month is not null
)

select * from cleaned
  )
/* {"app": "dbt", "dbt_version": "1.11.7", "profile_name": "covid_pipeline", "target_name": "dev", "node_id": "model.covid_pipeline.stg_covid_cases"} */;
[0m06:46:06.175069 [debug] [Thread-3 (]: Using snowflake connection "model.covid_pipeline.stg_population"
[0m06:46:06.175612 [debug] [Thread-2 (]: Opening a new connection, currently in state init
[0m06:46:06.176265 [debug] [Thread-3 (]: On model.covid_pipeline.stg_population: create or replace   view COVID_DB.STAGING.stg_population
  
  
  
  
  as (
    -- Staging: US Census 2023 county population estimates
-- Static dataset — one row per county.

with source as (
    select * from COVID_DB.RAW.raw_population
),

cleaned as (
    select
        lpad(fips, 5, '0')          as county_fips,
        lpad(state, 2, '0')         as state_fips,
        lpad(county, 3, '0')        as county_code,
        trim(name)                   as county_name,
        try_to_number(pop)           as population,

        current_timestamp() as _loaded_at

    from source
    where fips is not null
      and pop is not null
)

select * from cleaned
  )
/* {"app": "dbt", "dbt_version": "1.11.7", "profile_name": "covid_pipeline", "target_name": "dev", "node_id": "model.covid_pipeline.stg_population"} */;
[0m06:46:06.178716 [debug] [Thread-4 (]: Using snowflake connection "model.covid_pipeline.stg_vaccinations"
[0m06:46:06.179438 [debug] [Thread-3 (]: Opening a new connection, currently in state init
[0m06:46:06.180128 [debug] [Thread-4 (]: On model.covid_pipeline.stg_vaccinations: create or replace   view COVID_DB.STAGING.stg_vaccinations
  
  
  
  
  as (
    -- Staging: CDC COVID-19 vaccinations by county
-- Light cleaning only — cast types, normalize FIPS, drop junk rows.

with source as (
    select * from COVID_DB.RAW.raw_vaccinations
),

cleaned as (
    select
        lpad(fips, 5, '0')                    as county_fips,
        nullif(trim(recip_county), '')         as county_name,
        upper(trim(recip_state))               as state_abbrev,
        try_to_date(date)                      as vaccination_date,

        try_to_number(administered_dose1_recip)  as dose1_cumulative,
        try_to_number(series_complete_yes)        as series_complete_cumulative,
        try_to_number(booster_doses)              as booster_cumulative,
        try_to_number(census2019)                 as census2019_pop,

        current_timestamp() as _loaded_at

    from source
    where fips is not null
      and fips not in ('UNK', 'UNKNOWN', '')
      and date is not null
)

select * from cleaned
  )
/* {"app": "dbt", "dbt_version": "1.11.7", "profile_name": "covid_pipeline", "target_name": "dev", "node_id": "model.covid_pipeline.stg_vaccinations"} */;
[0m06:46:06.181682 [debug] [Thread-4 (]: Opening a new connection, currently in state init
[0m06:46:06.971349 [debug] [Thread-3 (]: SQL status: SUCCESS 1 in 0.792 seconds
[0m06:46:06.996262 [debug] [Thread-4 (]: SQL status: SUCCESS 1 in 0.815 seconds
[0m06:46:06.999132 [debug] [Thread-2 (]: SQL status: SUCCESS 1 in 0.824 seconds
[0m06:46:07.002051 [debug] [Thread-3 (]: Sending event: {'category': 'dbt', 'action': 'run_model', 'label': 'e733b331-50af-4a86-8283-afb84434edbd', 'context': [<snowplow_tracker.self_describing_json.SelfDescribingJson object at 0x000001E7B86A0F50>]}
[0m06:46:07.003316 [debug] [Thread-4 (]: Sending event: {'category': 'dbt', 'action': 'run_model', 'label': 'e733b331-50af-4a86-8283-afb84434edbd', 'context': [<snowplow_tracker.self_describing_json.SelfDescribingJson object at 0x000001E7B9D520A0>]}
[0m06:46:07.002855 [info ] [Thread-3 (]: 2 of 12 OK created sql view model STAGING.stg_population ....................... [[32mSUCCESS 1[0m in 0.92s]
[0m06:46:07.004608 [debug] [Thread-2 (]: Sending event: {'category': 'dbt', 'action': 'run_model', 'label': 'e733b331-50af-4a86-8283-afb84434edbd', 'context': [<snowplow_tracker.self_describing_json.SelfDescribingJson object at 0x000001E7A2943F70>]}
[0m06:46:07.005353 [debug] [Thread-3 (]: Finished running node model.covid_pipeline.stg_population
[0m06:46:07.004220 [info ] [Thread-4 (]: 3 of 12 OK created sql view model STAGING.stg_vaccinations ..................... [[32mSUCCESS 1[0m in 0.91s]
[0m06:46:07.006176 [info ] [Thread-2 (]: 1 of 12 OK created sql view model STAGING.stg_covid_cases ...................... [[32mSUCCESS 1[0m in 0.92s]
[0m06:46:07.007155 [debug] [Thread-4 (]: Finished running node model.covid_pipeline.stg_vaccinations
[0m06:46:07.007824 [debug] [Thread-2 (]: Finished running node model.covid_pipeline.stg_covid_cases
[0m06:46:07.008722 [debug] [Thread-3 (]: Began running node model.covid_pipeline.int_vaccinations_with_population
[0m06:46:07.009676 [debug] [Thread-4 (]: Began running node model.covid_pipeline.mart_data_freshness
[0m06:46:07.010176 [debug] [Thread-5 (]: Began running node model.covid_pipeline.int_cases_with_population
[0m06:46:07.009258 [info ] [Thread-3 (]: 5 of 12 START sql view model INTERMEDIATE.int_vaccinations_with_population ..... [RUN]
[0m06:46:07.011004 [info ] [Thread-4 (]: 6 of 12 START sql table model MARTS.mart_data_freshness ........................ [RUN]
[0m06:46:07.012345 [debug] [Thread-3 (]: Re-using an available connection from the pool (formerly model.covid_pipeline.stg_population, now model.covid_pipeline.int_vaccinations_with_population)
[0m06:46:07.012912 [debug] [Thread-4 (]: Re-using an available connection from the pool (formerly model.covid_pipeline.stg_vaccinations, now model.covid_pipeline.mart_data_freshness)
[0m06:46:07.011623 [info ] [Thread-5 (]: 4 of 12 START sql view model INTERMEDIATE.int_cases_with_population ............ [RUN]
[0m06:46:07.013421 [debug] [Thread-3 (]: Began compiling node model.covid_pipeline.int_vaccinations_with_population
[0m06:46:07.014257 [debug] [Thread-4 (]: Began compiling node model.covid_pipeline.mart_data_freshness
[0m06:46:07.015107 [debug] [Thread-5 (]: Acquiring new snowflake connection 'model.covid_pipeline.int_cases_with_population'
[0m06:46:07.019696 [debug] [Thread-3 (]: Writing injected SQL for node "model.covid_pipeline.int_vaccinations_with_population"
[0m06:46:07.023735 [debug] [Thread-4 (]: Writing injected SQL for node "model.covid_pipeline.mart_data_freshness"
[0m06:46:07.024339 [debug] [Thread-5 (]: Began compiling node model.covid_pipeline.int_cases_with_population
[0m06:46:07.029080 [debug] [Thread-5 (]: Writing injected SQL for node "model.covid_pipeline.int_cases_with_population"
[0m06:46:07.030085 [debug] [Thread-4 (]: Began executing node model.covid_pipeline.mart_data_freshness
[0m06:46:07.030719 [debug] [Thread-3 (]: Began executing node model.covid_pipeline.int_vaccinations_with_population
[0m06:46:07.064262 [debug] [Thread-4 (]: Writing runtime sql for node "model.covid_pipeline.mart_data_freshness"
[0m06:46:07.067497 [debug] [Thread-3 (]: Writing runtime sql for node "model.covid_pipeline.int_vaccinations_with_population"
[0m06:46:07.068427 [debug] [Thread-5 (]: Began executing node model.covid_pipeline.int_cases_with_population
[0m06:46:07.071767 [debug] [Thread-5 (]: Writing runtime sql for node "model.covid_pipeline.int_cases_with_population"
[0m06:46:07.073743 [debug] [Thread-4 (]: Using snowflake connection "model.covid_pipeline.mart_data_freshness"
[0m06:46:07.074289 [debug] [Thread-4 (]: On model.covid_pipeline.mart_data_freshness: create or replace transient table COVID_DB.MARTS.mart_data_freshness
    
    
    
    as (-- Mart: Data freshness report by source
-- Shows when each source was last loaded by reading _loaded_at from staging views.
-- Staging models add current_timestamp() as _loaded_at on every dbt run.

with freshness as (
    select
        'raw_covid_cases'    as source_table,
        'CDC SODA n8mc-b4w4' as source_name,
        max(_loaded_at)      as last_loaded_at
    from COVID_DB.STAGING.stg_covid_cases

    union all

    select
        'raw_vaccinations'   as source_table,
        'CDC SODA 8xkx-amqh' as source_name,
        max(_loaded_at)      as last_loaded_at
    from COVID_DB.STAGING.stg_vaccinations

    union all

    select
        'raw_population'     as source_table,
        'US Census PEP 2023' as source_name,
        max(_loaded_at)      as last_loaded_at
    from COVID_DB.STAGING.stg_population
)

select
    source_table,
    source_name,
    last_loaded_at,
    datediff('hour', last_loaded_at, current_timestamp())  as hours_since_load,
    case
        when datediff('day', last_loaded_at, current_timestamp()) <= 1  then 'Fresh'
        when datediff('day', last_loaded_at, current_timestamp()) <= 7  then 'Recent'
        when datediff('day', last_loaded_at, current_timestamp()) <= 30 then 'Stale'
        else 'Very Stale'
    end as freshness_status

from freshness
order by source_table
    )

/* {"app": "dbt", "dbt_version": "1.11.7", "profile_name": "covid_pipeline", "target_name": "dev", "node_id": "model.covid_pipeline.mart_data_freshness"} */;
[0m06:46:07.076345 [debug] [Thread-3 (]: Using snowflake connection "model.covid_pipeline.int_vaccinations_with_population"
[0m06:46:07.076857 [debug] [Thread-3 (]: On model.covid_pipeline.int_vaccinations_with_population: create or replace   view COVID_DB.INTERMEDIATE.int_vaccinations_with_population
  
  
  
  
  as (
    -- Intermediate: CDC vaccinations enriched with Census population
-- Takes the latest vaccination snapshot per county (max date),
-- joins population for coverage rate calculations.
-- Used by: mart_vaccination_vs_cases

with vaccinations as (
    select
        county_fips,
        state_abbrev,
        county_name,
        vaccination_date,
        dose1_cumulative,
        series_complete_cumulative,
        booster_cumulative,
        census2019_pop,
        -- Rank to get the most recent snapshot per county
        row_number() over (
            partition by county_fips
            order by vaccination_date desc
        ) as rn
    from COVID_DB.STAGING.stg_vaccinations
),

latest as (
    select * from vaccinations where rn = 1
),

population as (
    select county_fips, population
    from COVID_DB.STAGING.stg_population
),

joined as (
    select
        v.county_fips,
        v.state_abbrev,
        v.county_name,
        v.vaccination_date                as latest_vaccination_date,
        v.dose1_cumulative,
        v.series_complete_cumulative,
        v.booster_cumulative,
        coalesce(p.population, v.census2019_pop) as population,

        -- Coverage rates (cap at 100% to handle reporting artifacts)
        least(
            round(v.series_complete_cumulative * 100.0 / nullif(coalesce(p.population, v.census2019_pop), 0), 2),
            100
        ) as pct_series_complete,

        least(
            round(v.booster_cumulative * 100.0 / nullif(coalesce(p.population, v.census2019_pop), 0), 2),
            100
        ) as pct_boosted

    from latest v
    left join population p on v.county_fips = p.county_fips
)

select * from joined
  )
/* {"app": "dbt", "dbt_version": "1.11.7", "profile_name": "covid_pipeline", "target_name": "dev", "node_id": "model.covid_pipeline.int_vaccinations_with_population"} */;
[0m06:46:07.079154 [debug] [Thread-5 (]: Using snowflake connection "model.covid_pipeline.int_cases_with_population"
[0m06:46:07.079645 [debug] [Thread-5 (]: On model.covid_pipeline.int_cases_with_population: create or replace   view COVID_DB.INTERMEDIATE.int_cases_with_population
  
  
  
  
  as (
    -- Intermediate: CDC cases enriched with Census population
-- Aggregates case counts to monthly county level, then joins population.
-- Used by: mart_cases_per_100k, mart_case_fatality_rate, mart_rolling_avg_cases

with cases as (
    select
        county_fips,
        state_fips,
        case_month,
        count(*)        as total_cases,
        sum(is_death)   as total_deaths,
        sum(is_hospitalized) as total_hospitalizations
    from COVID_DB.STAGING.stg_covid_cases
    group by 1, 2, 3
),

population as (
    select
        county_fips,
        county_name,
        population
    from COVID_DB.STAGING.stg_population
),

joined as (
    select
        c.county_fips,
        c.state_fips,
        c.case_month,
        c.total_cases,
        c.total_deaths,
        c.total_hospitalizations,
        p.county_name,
        p.population
    from cases c
    left join population p
        on c.county_fips = p.county_fips
)

select * from joined
  )
/* {"app": "dbt", "dbt_version": "1.11.7", "profile_name": "covid_pipeline", "target_name": "dev", "node_id": "model.covid_pipeline.int_cases_with_population"} */;
[0m06:46:07.080105 [debug] [Thread-5 (]: Opening a new connection, currently in state init
[0m06:46:07.647512 [debug] [Thread-3 (]: SQL status: SUCCESS 1 in 0.569 seconds
[0m06:46:07.650167 [debug] [Thread-3 (]: Sending event: {'category': 'dbt', 'action': 'run_model', 'label': 'e733b331-50af-4a86-8283-afb84434edbd', 'context': [<snowplow_tracker.self_describing_json.SelfDescribingJson object at 0x000001E7B876A650>]}
[0m06:46:07.651043 [info ] [Thread-3 (]: 5 of 12 OK created sql view model INTERMEDIATE.int_vaccinations_with_population  [[32mSUCCESS 1[0m in 0.64s]
[0m06:46:07.652658 [debug] [Thread-3 (]: Finished running node model.covid_pipeline.int_vaccinations_with_population
[0m06:46:08.140533 [debug] [Thread-5 (]: SQL status: SUCCESS 1 in 1.060 seconds
[0m06:46:08.142806 [debug] [Thread-5 (]: Sending event: {'category': 'dbt', 'action': 'run_model', 'label': 'e733b331-50af-4a86-8283-afb84434edbd', 'context': [<snowplow_tracker.self_describing_json.SelfDescribingJson object at 0x000001E7B9E32580>]}
[0m06:46:08.143515 [info ] [Thread-5 (]: 4 of 12 OK created sql view model INTERMEDIATE.int_cases_with_population ....... [[32mSUCCESS 1[0m in 1.13s]
[0m06:46:08.144522 [debug] [Thread-5 (]: Finished running node model.covid_pipeline.int_cases_with_population
[0m06:46:08.145358 [debug] [Thread-2 (]: Began running node model.covid_pipeline.mart_case_fatality_rate
[0m06:46:08.146352 [debug] [Thread-3 (]: Began running node model.covid_pipeline.mart_cases_per_100k
[0m06:46:08.147313 [debug] [Thread-5 (]: Began running node model.covid_pipeline.mart_hospitalization_rate
[0m06:46:08.145928 [info ] [Thread-2 (]: 7 of 12 START sql table model MARTS.mart_case_fatality_rate .................... [RUN]
[0m06:46:08.148421 [debug] [Thread-2 (]: Re-using an available connection from the pool (formerly model.covid_pipeline.stg_covid_cases, now model.covid_pipeline.mart_case_fatality_rate)
[0m06:46:08.148876 [debug] [Thread-2 (]: Began compiling node model.covid_pipeline.mart_case_fatality_rate
[0m06:46:08.151718 [debug] [Thread-2 (]: Writing injected SQL for node "model.covid_pipeline.mart_case_fatality_rate"
[0m06:46:08.146905 [info ] [Thread-3 (]: 8 of 12 START sql table model MARTS.mart_cases_per_100k ........................ [RUN]
[0m06:46:08.153154 [debug] [Thread-3 (]: Re-using an available connection from the pool (formerly model.covid_pipeline.int_vaccinations_with_population, now model.covid_pipeline.mart_cases_per_100k)
[0m06:46:08.147846 [info ] [Thread-5 (]: 9 of 12 START sql table model MARTS.mart_hospitalization_rate .................. [RUN]
[0m06:46:08.154098 [debug] [Thread-3 (]: Began compiling node model.covid_pipeline.mart_cases_per_100k
[0m06:46:08.154702 [debug] [Thread-2 (]: Began executing node model.covid_pipeline.mart_case_fatality_rate
[0m06:46:08.155258 [debug] [Thread-5 (]: Re-using an available connection from the pool (formerly model.covid_pipeline.int_cases_with_population, now model.covid_pipeline.mart_hospitalization_rate)
[0m06:46:08.158979 [debug] [Thread-3 (]: Writing injected SQL for node "model.covid_pipeline.mart_cases_per_100k"
[0m06:46:08.162263 [debug] [Thread-2 (]: Writing runtime sql for node "model.covid_pipeline.mart_case_fatality_rate"
[0m06:46:08.162913 [debug] [Thread-5 (]: Began compiling node model.covid_pipeline.mart_hospitalization_rate
[0m06:46:08.166424 [debug] [Thread-5 (]: Writing injected SQL for node "model.covid_pipeline.mart_hospitalization_rate"
[0m06:46:08.167431 [debug] [Thread-3 (]: Began executing node model.covid_pipeline.mart_cases_per_100k
[0m06:46:08.173495 [debug] [Thread-2 (]: Using snowflake connection "model.covid_pipeline.mart_case_fatality_rate"
[0m06:46:08.174105 [debug] [Thread-5 (]: Began executing node model.covid_pipeline.mart_hospitalization_rate
[0m06:46:08.175054 [debug] [Thread-3 (]: Writing runtime sql for node "model.covid_pipeline.mart_cases_per_100k"
[0m06:46:08.175860 [debug] [Thread-2 (]: On model.covid_pipeline.mart_case_fatality_rate: create or replace transient table COVID_DB.MARTS.mart_case_fatality_rate
    
    
    
    as (-- Mart: Case fatality rate (CFR) by state and month
-- CFR = deaths / confirmed_cases × 100
-- Highlights regional healthcare capacity differences over time.

with base as (
    select
        state_fips,
        case_month,
        sum(total_cases)  as total_cases,
        sum(total_deaths) as total_deaths
    from COVID_DB.INTERMEDIATE.int_cases_with_population
    group by 1, 2
)

select
    state_fips,
    case_month,
    total_cases,
    total_deaths,
    round(
        total_deaths * 100.0 / nullif(total_cases, 0),
        4
    ) as case_fatality_rate_pct
from base
order by state_fips, case_month
    )

/* {"app": "dbt", "dbt_version": "1.11.7", "profile_name": "covid_pipeline", "target_name": "dev", "node_id": "model.covid_pipeline.mart_case_fatality_rate"} */;
[0m06:46:08.180169 [debug] [Thread-5 (]: Writing runtime sql for node "model.covid_pipeline.mart_hospitalization_rate"
[0m06:46:08.183978 [debug] [Thread-3 (]: Using snowflake connection "model.covid_pipeline.mart_cases_per_100k"
[0m06:46:08.184614 [debug] [Thread-3 (]: On model.covid_pipeline.mart_cases_per_100k: create or replace transient table COVID_DB.MARTS.mart_cases_per_100k
    
    
    
    as (-- Mart: Cases per 100k population by county and month
-- Normalizes case counts for fair comparison across counties of different sizes.

select
    county_fips,
    county_name,
    state_fips,
    case_month,
    total_cases,
    population,
    round(
        total_cases * 100000.0 / nullif(population, 0),
        2
    ) as cases_per_100k
from COVID_DB.INTERMEDIATE.int_cases_with_population
where population is not null
order by state_fips, county_fips, case_month
    )

/* {"app": "dbt", "dbt_version": "1.11.7", "profile_name": "covid_pipeline", "target_name": "dev", "node_id": "model.covid_pipeline.mart_cases_per_100k"} */;
[0m06:46:08.186033 [debug] [Thread-5 (]: Using snowflake connection "model.covid_pipeline.mart_hospitalization_rate"
[0m06:46:08.187790 [debug] [Thread-5 (]: On model.covid_pipeline.mart_hospitalization_rate: create or replace transient table COVID_DB.MARTS.mart_hospitalization_rate
    
    
    
    as (-- Mart: Hospitalization Rate by State and Month
-- Custom metric: what percentage of confirmed cases required hospitalization?
-- Rationale: CFR shows who died, but hospitalization rate shows healthcare system burden.
-- A region with high hospitalization rate signals stress on hospital capacity even
-- if the fatality rate is low (e.g. due to better ICU care).

with base as (
    select
        state_fips,
        case_month,
        sum(total_cases)            as total_cases,
        sum(total_hospitalizations) as total_hospitalizations,
        sum(total_deaths)           as total_deaths
    from COVID_DB.INTERMEDIATE.int_cases_with_population
    where total_cases > 0
    group by 1, 2
),

with_rate as (
    select
        state_fips,
        case_month,
        total_cases,
        total_hospitalizations,
        total_deaths,
        round(
            100.0 * total_hospitalizations / nullif(total_cases, 0),
            4
        ) as hospitalization_rate_pct
    from base
)

select * from with_rate
order by state_fips, case_month
    )

/* {"app": "dbt", "dbt_version": "1.11.7", "profile_name": "covid_pipeline", "target_name": "dev", "node_id": "model.covid_pipeline.mart_hospitalization_rate"} */;
[0m06:46:10.082127 [debug] [Thread-4 (]: SQL status: SUCCESS 3 in 3.007 seconds
[0m06:46:10.084032 [debug] [Thread-4 (]: Sending event: {'category': 'dbt', 'action': 'run_model', 'label': 'e733b331-50af-4a86-8283-afb84434edbd', 'context': [<snowplow_tracker.self_describing_json.SelfDescribingJson object at 0x000001E7B9CE5FD0>]}
[0m06:46:10.084631 [info ] [Thread-4 (]: 6 of 12 OK created sql table model MARTS.mart_data_freshness ................... [[32mSUCCESS 3[0m in 3.07s]
[0m06:46:10.085772 [debug] [Thread-4 (]: Finished running node model.covid_pipeline.mart_data_freshness
[0m06:46:10.086478 [debug] [Thread-4 (]: Began running node model.covid_pipeline.mart_rolling_avg_cases
[0m06:46:10.087294 [info ] [Thread-4 (]: 10 of 12 START sql table model MARTS.mart_rolling_avg_cases .................... [RUN]
[0m06:46:10.088149 [debug] [Thread-4 (]: Re-using an available connection from the pool (formerly model.covid_pipeline.mart_data_freshness, now model.covid_pipeline.mart_rolling_avg_cases)
[0m06:46:10.088566 [debug] [Thread-4 (]: Began compiling node model.covid_pipeline.mart_rolling_avg_cases
[0m06:46:10.091144 [debug] [Thread-4 (]: Writing injected SQL for node "model.covid_pipeline.mart_rolling_avg_cases"
[0m06:46:10.092067 [debug] [Thread-4 (]: Began executing node model.covid_pipeline.mart_rolling_avg_cases
[0m06:46:10.094930 [debug] [Thread-4 (]: Writing runtime sql for node "model.covid_pipeline.mart_rolling_avg_cases"
[0m06:46:10.096426 [debug] [Thread-4 (]: Using snowflake connection "model.covid_pipeline.mart_rolling_avg_cases"
[0m06:46:10.096890 [debug] [Thread-4 (]: On model.covid_pipeline.mart_rolling_avg_cases: create or replace transient table COVID_DB.MARTS.mart_rolling_avg_cases
    
    
    
    as (-- Mart: 7-day rolling average of new cases (approximated at monthly granularity)
-- Note: CDC cases data is monthly. We compute a 3-month rolling average as a
-- reasonable proxy — document this in the dashboard.

with monthly as (
    select
        state_fips,
        case_month,
        sum(total_cases) as monthly_cases
    from COVID_DB.INTERMEDIATE.int_cases_with_population
    group by 1, 2
),

rolling as (
    select
        state_fips,
        case_month,
        monthly_cases,
        avg(monthly_cases) over (
            partition by state_fips
            order by case_month
            rows between 2 preceding and current row
        ) as rolling_3mo_avg_cases
    from monthly
)

select * from rolling
order by state_fips, case_month
    )

/* {"app": "dbt", "dbt_version": "1.11.7", "profile_name": "covid_pipeline", "target_name": "dev", "node_id": "model.covid_pipeline.mart_rolling_avg_cases"} */;
[0m06:46:11.520393 [debug] [Thread-3 (]: SQL status: SUCCESS 680 in 3.334 seconds
[0m06:46:11.522280 [debug] [Thread-3 (]: Sending event: {'category': 'dbt', 'action': 'run_model', 'label': 'e733b331-50af-4a86-8283-afb84434edbd', 'context': [<snowplow_tracker.self_describing_json.SelfDescribingJson object at 0x000001E7B9DDE8D0>]}
[0m06:46:11.522880 [info ] [Thread-3 (]: 8 of 12 OK created sql table model MARTS.mart_cases_per_100k ................... [[32mSUCCESS 680[0m in 3.37s]
[0m06:46:11.523951 [debug] [Thread-3 (]: Finished running node model.covid_pipeline.mart_cases_per_100k
[0m06:46:11.524591 [debug] [Thread-3 (]: Began running node model.covid_pipeline.mart_severity_index
[0m06:46:11.525302 [info ] [Thread-3 (]: 11 of 12 START sql table model MARTS.mart_severity_index ....................... [RUN]
[0m06:46:11.526058 [debug] [Thread-3 (]: Re-using an available connection from the pool (formerly model.covid_pipeline.mart_cases_per_100k, now model.covid_pipeline.mart_severity_index)
[0m06:46:11.526462 [debug] [Thread-3 (]: Began compiling node model.covid_pipeline.mart_severity_index
[0m06:46:11.529372 [debug] [Thread-3 (]: Writing injected SQL for node "model.covid_pipeline.mart_severity_index"
[0m06:46:11.530282 [debug] [Thread-3 (]: Began executing node model.covid_pipeline.mart_severity_index
[0m06:46:11.533185 [debug] [Thread-3 (]: Writing runtime sql for node "model.covid_pipeline.mart_severity_index"
[0m06:46:11.535326 [debug] [Thread-3 (]: Using snowflake connection "model.covid_pipeline.mart_severity_index"
[0m06:46:11.535833 [debug] [Thread-3 (]: On model.covid_pipeline.mart_severity_index: create or replace transient table COVID_DB.MARTS.mart_severity_index
    
    
    
    as (-- Mart: Severity Index by County
-- Custom metric: composite score combining hospitalization rate, ICU rate, and CFR.
-- Rationale: a single number that helps public health officials rank counties by
-- overall disease severity — useful for resource allocation and early warning.
--
-- Formula:
--   severity_index = (hosp_rate * 0.4) + (icu_rate * 0.4) + (cfr * 0.2)
-- Weights reflect that ICU burden and hospitalization are the strongest signals
-- of healthcare system stress, while CFR can lag due to reporting delays.

with cases_agg as (
    select
        county_fips,
        state_fips,
        county_name,
        sum(total_cases)            as total_cases,
        sum(total_hospitalizations) as total_hospitalizations,
        sum(total_deaths)           as total_deaths
    from COVID_DB.INTERMEDIATE.int_cases_with_population
    where total_cases > 0
    group by 1, 2, 3
),

icu_agg as (
    select
        county_fips,
        sum(is_icu) as total_icu_cases
    from COVID_DB.STAGING.stg_covid_cases
    group by 1
),

joined as (
    select
        c.county_fips,
        c.state_fips,
        c.county_name,
        c.total_cases,
        c.total_hospitalizations,
        c.total_deaths,
        coalesce(i.total_icu_cases, 0) as total_icu_cases,

        round(100.0 * c.total_hospitalizations / nullif(c.total_cases, 0), 4) as hosp_rate_pct,
        round(100.0 * i.total_icu_cases        / nullif(c.total_cases, 0), 4) as icu_rate_pct,
        round(100.0 * c.total_deaths           / nullif(c.total_cases, 0), 4) as cfr_pct
    from cases_agg c
    left join icu_agg i on c.county_fips = i.county_fips
),

with_index as (
    select
        *,
        round(
            (coalesce(hosp_rate_pct, 0) * 0.4)
            + (coalesce(icu_rate_pct, 0) * 0.4)
            + (coalesce(cfr_pct, 0) * 0.2),
            4
        ) as severity_index
    from joined
)

select * from with_index
order by severity_index desc
    )

/* {"app": "dbt", "dbt_version": "1.11.7", "profile_name": "covid_pipeline", "target_name": "dev", "node_id": "model.covid_pipeline.mart_severity_index"} */;
[0m06:46:13.461873 [debug] [Thread-2 (]: SQL status: SUCCESS 1276 in 5.281 seconds
[0m06:46:13.465272 [debug] [Thread-2 (]: Sending event: {'category': 'dbt', 'action': 'run_model', 'label': 'e733b331-50af-4a86-8283-afb84434edbd', 'context': [<snowplow_tracker.self_describing_json.SelfDescribingJson object at 0x000001E7B9CE52B0>]}
[0m06:46:13.466399 [info ] [Thread-2 (]: 7 of 12 OK created sql table model MARTS.mart_case_fatality_rate ............... [[32mSUCCESS 1276[0m in 5.32s]
[0m06:46:13.468166 [debug] [Thread-2 (]: Finished running node model.covid_pipeline.mart_case_fatality_rate
[0m06:46:13.468952 [debug] [Thread-2 (]: Began running node model.covid_pipeline.mart_vaccination_vs_cases
[0m06:46:13.470035 [info ] [Thread-2 (]: 12 of 12 START sql table model MARTS.mart_vaccination_vs_cases ................. [RUN]
[0m06:46:13.471170 [debug] [Thread-2 (]: Re-using an available connection from the pool (formerly model.covid_pipeline.mart_case_fatality_rate, now model.covid_pipeline.mart_vaccination_vs_cases)
[0m06:46:13.471804 [debug] [Thread-2 (]: Began compiling node model.covid_pipeline.mart_vaccination_vs_cases
[0m06:46:13.475438 [debug] [Thread-2 (]: Writing injected SQL for node "model.covid_pipeline.mart_vaccination_vs_cases"
[0m06:46:13.476568 [debug] [Thread-2 (]: Began executing node model.covid_pipeline.mart_vaccination_vs_cases
[0m06:46:13.479833 [debug] [Thread-2 (]: Writing runtime sql for node "model.covid_pipeline.mart_vaccination_vs_cases"
[0m06:46:13.482091 [debug] [Thread-2 (]: Using snowflake connection "model.covid_pipeline.mart_vaccination_vs_cases"
[0m06:46:13.482965 [debug] [Thread-2 (]: On model.covid_pipeline.mart_vaccination_vs_cases: create or replace transient table COVID_DB.MARTS.mart_vaccination_vs_cases
    
    
    
    as (-- Mart: Vaccination coverage vs case rate by county
-- Joins the latest vaccination snapshot with cumulative case counts.
-- Enables correlation analysis: do more-vaccinated counties show fewer cases?

with cases_cumulative as (
    select
        county_fips,
        sum(total_cases)  as total_cases,
        sum(total_deaths) as total_deaths,
        max(population)   as population
    from COVID_DB.INTERMEDIATE.int_cases_with_population
    group by 1
),

vaccinations as (
    select * from COVID_DB.INTERMEDIATE.int_vaccinations_with_population
)

select
    v.county_fips,
    v.state_abbrev,
    v.county_name,
    v.latest_vaccination_date,
    v.pct_series_complete,
    v.pct_boosted,
    c.total_cases,
    c.total_deaths,
    c.population,
    round(
        c.total_cases * 100000.0 / nullif(c.population, 0),
        2
    ) as cumulative_cases_per_100k

from vaccinations v
left join cases_cumulative c on v.county_fips = c.county_fips
order by v.state_abbrev, v.county_fips
    )

/* {"app": "dbt", "dbt_version": "1.11.7", "profile_name": "covid_pipeline", "target_name": "dev", "node_id": "model.covid_pipeline.mart_vaccination_vs_cases"} */;
[0m06:46:14.406867 [debug] [Thread-5 (]: SQL status: SUCCESS 1276 in 6.218 seconds
[0m06:46:14.409194 [debug] [Thread-5 (]: Sending event: {'category': 'dbt', 'action': 'run_model', 'label': 'e733b331-50af-4a86-8283-afb84434edbd', 'context': [<snowplow_tracker.self_describing_json.SelfDescribingJson object at 0x000001E7B9DDE030>]}
[0m06:46:14.409850 [info ] [Thread-5 (]: 9 of 12 OK created sql table model MARTS.mart_hospitalization_rate ............. [[32mSUCCESS 1276[0m in 6.25s]
[0m06:46:14.410744 [debug] [Thread-5 (]: Finished running node model.covid_pipeline.mart_hospitalization_rate
[0m06:46:14.428165 [debug] [Thread-4 (]: SQL status: SUCCESS 1276 in 4.331 seconds
[0m06:46:14.431409 [debug] [Thread-4 (]: Sending event: {'category': 'dbt', 'action': 'run_model', 'label': 'e733b331-50af-4a86-8283-afb84434edbd', 'context': [<snowplow_tracker.self_describing_json.SelfDescribingJson object at 0x000001E7B9CE4770>]}
[0m06:46:14.432859 [info ] [Thread-4 (]: 10 of 12 OK created sql table model MARTS.mart_rolling_avg_cases ............... [[32mSUCCESS 1276[0m in 4.34s]
[0m06:46:14.434663 [debug] [Thread-4 (]: Finished running node model.covid_pipeline.mart_rolling_avg_cases
[0m06:46:17.004615 [debug] [Thread-2 (]: SQL status: SUCCESS 6435 in 3.521 seconds
[0m06:46:17.006470 [debug] [Thread-2 (]: Sending event: {'category': 'dbt', 'action': 'run_model', 'label': 'e733b331-50af-4a86-8283-afb84434edbd', 'context': [<snowplow_tracker.self_describing_json.SelfDescribingJson object at 0x000001E7B9D7AB70>]}
[0m06:46:17.007061 [info ] [Thread-2 (]: 12 of 12 OK created sql table model MARTS.mart_vaccination_vs_cases ............ [[32mSUCCESS 6435[0m in 3.54s]
[0m06:46:17.008060 [debug] [Thread-2 (]: Finished running node model.covid_pipeline.mart_vaccination_vs_cases
[0m06:46:17.914677 [debug] [Thread-3 (]: SQL status: SUCCESS 151 in 6.378 seconds
[0m06:46:17.916631 [debug] [Thread-3 (]: Sending event: {'category': 'dbt', 'action': 'run_model', 'label': 'e733b331-50af-4a86-8283-afb84434edbd', 'context': [<snowplow_tracker.self_describing_json.SelfDescribingJson object at 0x000001E7B9DDDC70>]}
[0m06:46:17.917258 [info ] [Thread-3 (]: 11 of 12 OK created sql table model MARTS.mart_severity_index .................. [[32mSUCCESS 151[0m in 6.39s]
[0m06:46:17.918243 [debug] [Thread-3 (]: Finished running node model.covid_pipeline.mart_severity_index
[0m06:46:17.920068 [debug] [MainThread]: Connection 'master' was properly closed.
[0m06:46:17.920520 [debug] [MainThread]: Connection 'list_COVID_DB' was left open.
[0m06:46:17.920859 [debug] [MainThread]: On list_COVID_DB: Close
[0m06:46:18.032262 [debug] [MainThread]: Connection 'list_COVID_DB' was left open.
[0m06:46:18.032730 [debug] [MainThread]: On list_COVID_DB: Close
[0m06:46:18.391949 [debug] [MainThread]: Connection 'list_COVID_DB' was left open.
[0m06:46:18.392405 [debug] [MainThread]: On list_COVID_DB: Close
[0m06:46:18.491786 [debug] [MainThread]: Connection 'list_COVID_DB_STAGING' was left open.
[0m06:46:18.492228 [debug] [MainThread]: On list_COVID_DB_STAGING: Close
[0m06:46:18.596353 [debug] [MainThread]: Connection 'list_COVID_DB_MARTS' was left open.
[0m06:46:18.596859 [debug] [MainThread]: On list_COVID_DB_MARTS: Close
[0m06:46:18.713955 [debug] [MainThread]: Connection 'list_COVID_DB_INTERMEDIATE' was left open.
[0m06:46:18.714731 [debug] [MainThread]: On list_COVID_DB_INTERMEDIATE: Close
[0m06:46:18.847673 [debug] [MainThread]: Connection 'model.covid_pipeline.mart_severity_index' was left open.
[0m06:46:18.848546 [debug] [MainThread]: On model.covid_pipeline.mart_severity_index: Close
[0m06:46:18.968542 [debug] [MainThread]: Connection 'model.covid_pipeline.mart_vaccination_vs_cases' was left open.
[0m06:46:18.969120 [debug] [MainThread]: On model.covid_pipeline.mart_vaccination_vs_cases: Close
[0m06:46:19.082120 [debug] [MainThread]: Connection 'model.covid_pipeline.mart_rolling_avg_cases' was left open.
[0m06:46:19.082651 [debug] [MainThread]: On model.covid_pipeline.mart_rolling_avg_cases: Close
[0m06:46:19.192863 [debug] [MainThread]: Connection 'model.covid_pipeline.mart_hospitalization_rate' was left open.
[0m06:46:19.193380 [debug] [MainThread]: On model.covid_pipeline.mart_hospitalization_rate: Close
[0m06:46:19.293601 [info ] [MainThread]: 
[0m06:46:19.294317 [info ] [MainThread]: Finished running 7 table models, 5 view models in 0 hours 0 minutes and 18.17 seconds (18.17s).
[0m06:46:19.297352 [debug] [MainThread]: Command end result
[0m06:46:19.349892 [debug] [MainThread]: Wrote artifact WritableManifest to C:\Users\Admin\workspace\DE_2025\Project3_Covid19_JW\covid_19\target\manifest.json
[0m06:46:19.354231 [debug] [MainThread]: Wrote artifact SemanticManifest to C:\Users\Admin\workspace\DE_2025\Project3_Covid19_JW\covid_19\target\semantic_manifest.json
[0m06:46:19.365999 [debug] [MainThread]: Wrote artifact RunExecutionResult to C:\Users\Admin\workspace\DE_2025\Project3_Covid19_JW\covid_19\target\run_results.json
[0m06:46:19.366714 [info ] [MainThread]: 
[0m06:46:19.367556 [info ] [MainThread]: [32mCompleted successfully[0m
[0m06:46:19.368275 [info ] [MainThread]: 
[0m06:46:19.368983 [info ] [MainThread]: Done. PASS=12 WARN=0 ERROR=0 SKIP=0 NO-OP=0 TOTAL=12
[0m06:46:19.371015 [debug] [MainThread]: Command `dbt run` succeeded at 06:46:19.370797 after 23.51 seconds
[0m06:46:19.371663 [debug] [MainThread]: Sending event: {'category': 'dbt', 'action': 'invocation', 'label': 'end', 'context': [<snowplow_tracker.self_describing_json.SelfDescribingJson object at 0x000001E7A00420F0>, <snowplow_tracker.self_describing_json.SelfDescribingJson object at 0x000001E7B9D65430>, <snowplow_tracker.self_describing_json.SelfDescribingJson object at 0x000001E7B9D670B0>]}
[0m06:46:19.372372 [debug] [MainThread]: Flushing usage events
[0m06:46:19.578501 [debug] [MainThread]: An error was encountered while trying to flush usage events
[0m06:46:32.612700 [debug] [MainThread]: Sending event: {'category': 'dbt', 'action': 'invocation', 'label': 'start', 'context': [<snowplow_tracker.self_describing_json.SelfDescribingJson object at 0x000002073E4F4C20>, <snowplow_tracker.self_describing_json.SelfDescribingJson object at 0x000002073C028910>, <snowplow_tracker.self_describing_json.SelfDescribingJson object at 0x000002073EFCC910>]}


============================== 06:46:32.618232 | bae5456e-3917-422b-bcdd-23d8630ae3dc ==============================
[0m06:46:32.618232 [info ] [MainThread]: Running with dbt=1.11.7
[0m06:46:32.619189 [debug] [MainThread]: running dbt with arguments {'version_check': 'True', 'no_print': 'None', 'static_parser': 'True', 'warn_error_options': 'WarnErrorOptionsV2(error=[], warn=[], silence=[])', 'target_path': 'None', 'printer_width': '80', 'write_json': 'True', 'empty': 'None', 'log_cache_events': 'False', 'introspect': 'True', 'cache_selected_only': 'False', 'log_format': 'default', 'debug': 'False', 'fail_fast': 'False', 'partial_parse': 'True', 'send_anonymous_usage_stats': 'True', 'quiet': 'False', 'warn_error': 'None', 'profiles_dir': 'C:\\Users\\Admin\\.dbt', 'invocation_command': 'dbt test', 'indirect_selection': 'eager', 'use_colors': 'True', 'use_experimental_parser': 'False', 'log_path': 'C:\\Users\\Admin\\workspace\\DE_2025\\Project3_Covid19_JW\\covid_19\\logs'}
[0m06:46:33.835141 [debug] [MainThread]: Snowflake adapter: Setting snowflake.connector to ERROR (file logging only)
[0m06:46:33.835731 [debug] [MainThread]: Snowflake adapter: Setting botocore to ERROR (file logging only)
[0m06:46:33.836181 [debug] [MainThread]: Snowflake adapter: Setting boto3 to ERROR (file logging only)
[0m06:46:34.130101 [debug] [MainThread]: Sending event: {'category': 'dbt', 'action': 'project_id', 'label': 'bae5456e-3917-422b-bcdd-23d8630ae3dc', 'context': [<snowplow_tracker.self_describing_json.SelfDescribingJson object at 0x000002073E93EEA0>]}
[0m06:46:34.226288 [debug] [MainThread]: Sending event: {'category': 'dbt', 'action': 'adapter_info', 'label': 'bae5456e-3917-422b-bcdd-23d8630ae3dc', 'context': [<snowplow_tracker.self_describing_json.SelfDescribingJson object at 0x0000020753EFD370>]}
[0m06:46:34.227949 [info ] [MainThread]: Registered adapter: snowflake=1.11.3
[0m06:46:34.891468 [debug] [MainThread]: checksum: b80718358155fc17c3559352095564dd56ada1cc1a1c0ef2e62c857e71583775, vars: {}, profile: , target: , version: 1.11.7
[0m06:46:35.138931 [debug] [MainThread]: Partial parsing enabled: 0 files deleted, 0 files added, 0 files changed.
[0m06:46:35.139482 [debug] [MainThread]: Nothing changed, skipping partial parsing.
[0m06:46:35.140143 [debug] [MainThread]: Partial parsing enabled, no changes found, skipping parsing
[0m06:46:35.209099 [debug] [MainThread]: Sending event: {'category': 'dbt', 'action': 'load_project', 'label': 'bae5456e-3917-422b-bcdd-23d8630ae3dc', 'context': [<snowplow_tracker.self_describing_json.SelfDescribingJson object at 0x0000020753F0CF50>]}
[0m06:46:35.353049 [debug] [MainThread]: Wrote artifact WritableManifest to C:\Users\Admin\workspace\DE_2025\Project3_Covid19_JW\covid_19\target\manifest.json
[0m06:46:35.356949 [debug] [MainThread]: Wrote artifact SemanticManifest to C:\Users\Admin\workspace\DE_2025\Project3_Covid19_JW\covid_19\target\semantic_manifest.json
[0m06:46:35.414064 [debug] [MainThread]: Sending event: {'category': 'dbt', 'action': 'resource_counts', 'label': 'bae5456e-3917-422b-bcdd-23d8630ae3dc', 'context': [<snowplow_tracker.self_describing_json.SelfDescribingJson object at 0x00000207546B9220>]}
[0m06:46:35.414700 [info ] [MainThread]: Found 12 models, 26 data tests, 3 sources, 639 macros
[0m06:46:35.415487 [debug] [MainThread]: Sending event: {'category': 'dbt', 'action': 'runnable_timing', 'label': 'bae5456e-3917-422b-bcdd-23d8630ae3dc', 'context': [<snowplow_tracker.self_describing_json.SelfDescribingJson object at 0x00000207546F3850>]}
[0m06:46:35.421169 [info ] [MainThread]: 
[0m06:46:35.422053 [info ] [MainThread]: Concurrency: 4 threads (target='dev')
[0m06:46:35.422880 [info ] [MainThread]: 
[0m06:46:35.424208 [debug] [MainThread]: Acquiring new snowflake connection 'master'
[0m06:46:35.431160 [debug] [ThreadPool]: Acquiring new snowflake connection 'list_COVID_DB_INTERMEDIATE'
[0m06:46:35.439356 [debug] [ThreadPool]: Acquiring new snowflake connection 'list_COVID_DB_MARTS'
[0m06:46:35.471514 [debug] [ThreadPool]: Acquiring new snowflake connection 'list_COVID_DB_STAGING'
[0m06:46:35.568816 [debug] [ThreadPool]: Using snowflake connection "list_COVID_DB_MARTS"
[0m06:46:35.569467 [debug] [ThreadPool]: Using snowflake connection "list_COVID_DB_STAGING"
[0m06:46:35.569952 [debug] [ThreadPool]: On list_COVID_DB_MARTS: show objects in COVID_DB.MARTS
    limit 10000
    

/* {"app": "dbt", "dbt_version": "1.11.7", "profile_name": "covid_pipeline", "target_name": "dev", "connection_name": "list_COVID_DB_MARTS"} */;
[0m06:46:35.570576 [debug] [ThreadPool]: Using snowflake connection "list_COVID_DB_INTERMEDIATE"
[0m06:46:35.571088 [debug] [ThreadPool]: On list_COVID_DB_STAGING: show objects in COVID_DB.STAGING
    limit 10000
    

/* {"app": "dbt", "dbt_version": "1.11.7", "profile_name": "covid_pipeline", "target_name": "dev", "connection_name": "list_COVID_DB_STAGING"} */;
[0m06:46:35.571541 [debug] [ThreadPool]: Opening a new connection, currently in state init
[0m06:46:35.572061 [debug] [ThreadPool]: On list_COVID_DB_INTERMEDIATE: show objects in COVID_DB.INTERMEDIATE
    limit 10000
    

/* {"app": "dbt", "dbt_version": "1.11.7", "profile_name": "covid_pipeline", "target_name": "dev", "connection_name": "list_COVID_DB_INTERMEDIATE"} */;
[0m06:46:35.572580 [debug] [ThreadPool]: Opening a new connection, currently in state init
[0m06:46:35.573338 [debug] [ThreadPool]: Opening a new connection, currently in state init
[0m06:46:36.474772 [debug] [ThreadPool]: SQL status: SUCCESS 7 in 0.903 seconds
[0m06:46:36.494622 [debug] [ThreadPool]: SQL status: SUCCESS 3 in 0.922 seconds
[0m06:46:36.515517 [debug] [ThreadPool]: SQL status: SUCCESS 2 in 0.942 seconds
[0m06:46:36.518455 [debug] [MainThread]: Sending event: {'category': 'dbt', 'action': 'runnable_timing', 'label': 'bae5456e-3917-422b-bcdd-23d8630ae3dc', 'context': [<snowplow_tracker.self_describing_json.SelfDescribingJson object at 0x00000207546B3C70>]}
[0m06:46:36.524599 [debug] [Thread-4 (]: Began running node test.covid_pipeline.assert_case_month_after_2020
[0m06:46:36.525135 [debug] [Thread-5 (]: Began running node test.covid_pipeline.assert_cases_per_100k_not_negative
[0m06:46:36.525602 [debug] [Thread-3 (]: Began running node test.covid_pipeline.assert_case_fatality_rate_in_range
[0m06:46:36.526524 [debug] [Thread-2 (]: Began running node test.covid_pipeline.accepted_values_mart_data_freshness_freshness_status__Fresh__Recent__Stale__Very_Stale.a93cf2ba0c
[0m06:46:36.526080 [info ] [Thread-4 (]: 3 of 26 START test assert_case_month_after_2020 ................................ [RUN]
[0m06:46:36.527094 [info ] [Thread-5 (]: 4 of 26 START test assert_cases_per_100k_not_negative .......................... [RUN]
[0m06:46:36.528994 [debug] [Thread-4 (]: Acquiring new snowflake connection 'test.covid_pipeline.assert_case_month_after_2020'
[0m06:46:36.529686 [debug] [Thread-5 (]: Acquiring new snowflake connection 'test.covid_pipeline.assert_cases_per_100k_not_negative'
[0m06:46:36.530169 [debug] [Thread-4 (]: Began compiling node test.covid_pipeline.assert_case_month_after_2020
[0m06:46:36.527834 [info ] [Thread-3 (]: 2 of 26 START test assert_case_fatality_rate_in_range .......................... [RUN]
[0m06:46:36.530789 [debug] [Thread-5 (]: Began compiling node test.covid_pipeline.assert_cases_per_100k_not_negative
[0m06:46:36.528250 [info ] [Thread-2 (]: 1 of 26 START test accepted_values_mart_data_freshness_freshness_status__Fresh__Recent__Stale__Very_Stale  [RUN]
[0m06:46:36.539510 [debug] [Thread-4 (]: Writing injected SQL for node "test.covid_pipeline.assert_case_month_after_2020"
[0m06:46:36.540209 [debug] [Thread-3 (]: Acquiring new snowflake connection 'test.covid_pipeline.assert_case_fatality_rate_in_range'
[0m06:46:36.543848 [debug] [Thread-5 (]: Writing injected SQL for node "test.covid_pipeline.assert_cases_per_100k_not_negative"
[0m06:46:36.544584 [debug] [Thread-2 (]: Acquiring new snowflake connection 'test.covid_pipeline.accepted_values_mart_data_freshness_freshness_status__Fresh__Recent__Stale__Very_Stale.a93cf2ba0c'
[0m06:46:36.545241 [debug] [Thread-3 (]: Began compiling node test.covid_pipeline.assert_case_fatality_rate_in_range
[0m06:46:36.546091 [debug] [Thread-2 (]: Began compiling node test.covid_pipeline.accepted_values_mart_data_freshness_freshness_status__Fresh__Recent__Stale__Very_Stale.a93cf2ba0c
[0m06:46:36.550591 [debug] [Thread-3 (]: Writing injected SQL for node "test.covid_pipeline.assert_case_fatality_rate_in_range"
[0m06:46:36.551293 [debug] [Thread-4 (]: Began executing node test.covid_pipeline.assert_case_month_after_2020
[0m06:46:36.558357 [debug] [Thread-5 (]: Began executing node test.covid_pipeline.assert_cases_per_100k_not_negative
[0m06:46:36.607478 [debug] [Thread-2 (]: Writing injected SQL for node "test.covid_pipeline.accepted_values_mart_data_freshness_freshness_status__Fresh__Recent__Stale__Very_Stale.a93cf2ba0c"
[0m06:46:36.627040 [debug] [Thread-4 (]: Writing runtime sql for node "test.covid_pipeline.assert_case_month_after_2020"
[0m06:46:36.630575 [debug] [Thread-5 (]: Writing runtime sql for node "test.covid_pipeline.assert_cases_per_100k_not_negative"
[0m06:46:36.631857 [debug] [Thread-3 (]: Began executing node test.covid_pipeline.assert_case_fatality_rate_in_range
[0m06:46:36.637718 [debug] [Thread-4 (]: Using snowflake connection "test.covid_pipeline.assert_case_month_after_2020"
[0m06:46:36.639322 [debug] [Thread-3 (]: Writing runtime sql for node "test.covid_pipeline.assert_case_fatality_rate_in_range"
[0m06:46:36.640608 [debug] [Thread-4 (]: On test.covid_pipeline.assert_case_month_after_2020: select
      count(*) as failures,
      count(*) != 0 as should_warn,
      count(*) != 0 as should_error
    from (
      
    
  -- Custom test: all case records must be from 2020 or later.
-- COVID-19 did not exist before 2020 — earlier dates indicate bad data.
-- Returns rows that FAIL the test (dbt expects 0 rows for a passing test).

select
    state_fips,
    case_month,
    total_cases
from COVID_DB.INTERMEDIATE.int_cases_with_population
where case_month < '2020-01-01'
  
  
      
    ) dbt_internal_test
/* {"app": "dbt", "dbt_version": "1.11.7", "profile_name": "covid_pipeline", "target_name": "dev", "node_id": "test.covid_pipeline.assert_case_month_after_2020"} */
[0m06:46:36.642405 [debug] [Thread-5 (]: Using snowflake connection "test.covid_pipeline.assert_cases_per_100k_not_negative"
[0m06:46:36.643199 [debug] [Thread-2 (]: Began executing node test.covid_pipeline.accepted_values_mart_data_freshness_freshness_status__Fresh__Recent__Stale__Very_Stale.a93cf2ba0c
[0m06:46:36.644063 [debug] [Thread-4 (]: Opening a new connection, currently in state init
[0m06:46:36.645016 [debug] [Thread-5 (]: On test.covid_pipeline.assert_cases_per_100k_not_negative: select
      count(*) as failures,
      count(*) != 0 as should_warn,
      count(*) != 0 as should_error
    from (
      
    
  -- Custom test: cases_per_100k should never be negative.
-- A negative value would indicate a data error in case counts or population.
-- Returns rows that FAIL the test (dbt expects 0 rows for a passing test).

select
    county_fips,
    county_name,
    case_month,
    cases_per_100k
from COVID_DB.MARTS.mart_cases_per_100k
where cases_per_100k < 0
  
  
      
    ) dbt_internal_test
/* {"app": "dbt", "dbt_version": "1.11.7", "profile_name": "covid_pipeline", "target_name": "dev", "node_id": "test.covid_pipeline.assert_cases_per_100k_not_negative"} */
[0m06:46:36.649350 [debug] [Thread-2 (]: Writing runtime sql for node "test.covid_pipeline.accepted_values_mart_data_freshness_freshness_status__Fresh__Recent__Stale__Very_Stale.a93cf2ba0c"
[0m06:46:36.650882 [debug] [Thread-3 (]: Using snowflake connection "test.covid_pipeline.assert_case_fatality_rate_in_range"
[0m06:46:36.651712 [debug] [Thread-5 (]: Opening a new connection, currently in state init
[0m06:46:36.653344 [debug] [Thread-3 (]: On test.covid_pipeline.assert_case_fatality_rate_in_range: select
      count(*) as failures,
      count(*) != 0 as should_warn,
      count(*) != 0 as should_error
    from (
      
    
  -- Custom test: case fatality rate must be between 0% and 100%.
-- Values outside this range indicate bad case or death counts.
-- Returns rows that FAIL the test (dbt expects 0 rows for a passing test).

select
    state_fips,
    case_month,
    total_cases,
    total_deaths,
    case_fatality_rate_pct
from COVID_DB.MARTS.mart_case_fatality_rate
where case_fatality_rate_pct < 0
   or case_fatality_rate_pct > 100
  
  
      
    ) dbt_internal_test
/* {"app": "dbt", "dbt_version": "1.11.7", "profile_name": "covid_pipeline", "target_name": "dev", "node_id": "test.covid_pipeline.assert_case_fatality_rate_in_range"} */
[0m06:46:36.654561 [debug] [Thread-3 (]: Opening a new connection, currently in state init
[0m06:46:36.655909 [debug] [Thread-2 (]: Using snowflake connection "test.covid_pipeline.accepted_values_mart_data_freshness_freshness_status__Fresh__Recent__Stale__Very_Stale.a93cf2ba0c"
[0m06:46:36.657570 [debug] [Thread-2 (]: On test.covid_pipeline.accepted_values_mart_data_freshness_freshness_status__Fresh__Recent__Stale__Very_Stale.a93cf2ba0c: select
      count(*) as failures,
      count(*) != 0 as should_warn,
      count(*) != 0 as should_error
    from (
      
    
  
    
    

with all_values as (

    select
        freshness_status as value_field,
        count(*) as n_records

    from COVID_DB.MARTS.mart_data_freshness
    group by freshness_status

)

select *
from all_values
where value_field not in (
    'Fresh','Recent','Stale','Very Stale'
)



  
  
      
    ) dbt_internal_test
/* {"app": "dbt", "dbt_version": "1.11.7", "profile_name": "covid_pipeline", "target_name": "dev", "node_id": "test.covid_pipeline.accepted_values_mart_data_freshness_freshness_status__Fresh__Recent__Stale__Very_Stale.a93cf2ba0c"} */
[0m06:46:36.659231 [debug] [Thread-2 (]: Opening a new connection, currently in state init
[0m06:46:37.317159 [debug] [Thread-2 (]: SQL status: SUCCESS 1 in 0.658 seconds
[0m06:46:37.327161 [info ] [Thread-2 (]: 1 of 26 PASS accepted_values_mart_data_freshness_freshness_status__Fresh__Recent__Stale__Very_Stale  [[32mPASS[0m in 0.78s]
[0m06:46:37.328329 [debug] [Thread-2 (]: Finished running node test.covid_pipeline.accepted_values_mart_data_freshness_freshness_status__Fresh__Recent__Stale__Very_Stale.a93cf2ba0c
[0m06:46:37.328816 [debug] [Thread-2 (]: Began running node test.covid_pipeline.not_null_mart_case_fatality_rate_case_fatality_rate_pct.a4f0405f94
[0m06:46:37.329263 [info ] [Thread-2 (]: 5 of 26 START test not_null_mart_case_fatality_rate_case_fatality_rate_pct ..... [RUN]
[0m06:46:37.330047 [debug] [Thread-2 (]: Re-using an available connection from the pool (formerly test.covid_pipeline.accepted_values_mart_data_freshness_freshness_status__Fresh__Recent__Stale__Very_Stale.a93cf2ba0c, now test.covid_pipeline.not_null_mart_case_fatality_rate_case_fatality_rate_pct.a4f0405f94)
[0m06:46:37.330498 [debug] [Thread-2 (]: Began compiling node test.covid_pipeline.not_null_mart_case_fatality_rate_case_fatality_rate_pct.a4f0405f94
[0m06:46:37.337704 [debug] [Thread-2 (]: Writing injected SQL for node "test.covid_pipeline.not_null_mart_case_fatality_rate_case_fatality_rate_pct.a4f0405f94"
[0m06:46:37.339394 [debug] [Thread-5 (]: SQL status: SUCCESS 1 in 0.688 seconds
[0m06:46:37.341582 [info ] [Thread-5 (]: 4 of 26 PASS assert_cases_per_100k_not_negative ................................ [[32mPASS[0m in 0.81s]
[0m06:46:37.342487 [debug] [Thread-2 (]: Began executing node test.covid_pipeline.not_null_mart_case_fatality_rate_case_fatality_rate_pct.a4f0405f94
[0m06:46:37.343271 [debug] [Thread-5 (]: Finished running node test.covid_pipeline.assert_cases_per_100k_not_negative
[0m06:46:37.346729 [debug] [Thread-2 (]: Writing runtime sql for node "test.covid_pipeline.not_null_mart_case_fatality_rate_case_fatality_rate_pct.a4f0405f94"
[0m06:46:37.347411 [debug] [Thread-5 (]: Began running node test.covid_pipeline.not_null_mart_case_fatality_rate_case_month.9ed9496d51
[0m06:46:37.348230 [info ] [Thread-5 (]: 6 of 26 START test not_null_mart_case_fatality_rate_case_month ................. [RUN]
[0m06:46:37.349062 [debug] [Thread-5 (]: Re-using an available connection from the pool (formerly test.covid_pipeline.assert_cases_per_100k_not_negative, now test.covid_pipeline.not_null_mart_case_fatality_rate_case_month.9ed9496d51)
[0m06:46:37.349697 [debug] [Thread-5 (]: Began compiling node test.covid_pipeline.not_null_mart_case_fatality_rate_case_month.9ed9496d51
[0m06:46:37.355957 [debug] [Thread-5 (]: Writing injected SQL for node "test.covid_pipeline.not_null_mart_case_fatality_rate_case_month.9ed9496d51"
[0m06:46:37.357427 [debug] [Thread-2 (]: Using snowflake connection "test.covid_pipeline.not_null_mart_case_fatality_rate_case_fatality_rate_pct.a4f0405f94"
[0m06:46:37.358004 [debug] [Thread-2 (]: On test.covid_pipeline.not_null_mart_case_fatality_rate_case_fatality_rate_pct.a4f0405f94: select
      count(*) as failures,
      count(*) != 0 as should_warn,
      count(*) != 0 as should_error
    from (
      
    
  
    
    



select case_fatality_rate_pct
from COVID_DB.MARTS.mart_case_fatality_rate
where case_fatality_rate_pct is null



  
  
      
    ) dbt_internal_test
/* {"app": "dbt", "dbt_version": "1.11.7", "profile_name": "covid_pipeline", "target_name": "dev", "node_id": "test.covid_pipeline.not_null_mart_case_fatality_rate_case_fatality_rate_pct.a4f0405f94"} */
[0m06:46:37.359737 [debug] [Thread-5 (]: Began executing node test.covid_pipeline.not_null_mart_case_fatality_rate_case_month.9ed9496d51
[0m06:46:37.363006 [debug] [Thread-5 (]: Writing runtime sql for node "test.covid_pipeline.not_null_mart_case_fatality_rate_case_month.9ed9496d51"
[0m06:46:37.364801 [debug] [Thread-5 (]: Using snowflake connection "test.covid_pipeline.not_null_mart_case_fatality_rate_case_month.9ed9496d51"
[0m06:46:37.365387 [debug] [Thread-5 (]: On test.covid_pipeline.not_null_mart_case_fatality_rate_case_month.9ed9496d51: select
      count(*) as failures,
      count(*) != 0 as should_warn,
      count(*) != 0 as should_error
    from (
      
    
  
    
    



select case_month
from COVID_DB.MARTS.mart_case_fatality_rate
where case_month is null



  
  
      
    ) dbt_internal_test
/* {"app": "dbt", "dbt_version": "1.11.7", "profile_name": "covid_pipeline", "target_name": "dev", "node_id": "test.covid_pipeline.not_null_mart_case_fatality_rate_case_month.9ed9496d51"} */
[0m06:46:37.458170 [debug] [Thread-3 (]: SQL status: SUCCESS 1 in 0.804 seconds
[0m06:46:37.460307 [info ] [Thread-3 (]: 2 of 26 PASS assert_case_fatality_rate_in_range ................................ [[32mPASS[0m in 0.92s]
[0m06:46:37.461570 [debug] [Thread-3 (]: Finished running node test.covid_pipeline.assert_case_fatality_rate_in_range
[0m06:46:37.462302 [debug] [Thread-3 (]: Began running node test.covid_pipeline.not_null_mart_case_fatality_rate_state_fips.ff74c298a6
[0m06:46:37.462985 [info ] [Thread-3 (]: 7 of 26 START test not_null_mart_case_fatality_rate_state_fips ................. [RUN]
[0m06:46:37.463838 [debug] [Thread-3 (]: Re-using an available connection from the pool (formerly test.covid_pipeline.assert_case_fatality_rate_in_range, now test.covid_pipeline.not_null_mart_case_fatality_rate_state_fips.ff74c298a6)
[0m06:46:37.464295 [debug] [Thread-3 (]: Began compiling node test.covid_pipeline.not_null_mart_case_fatality_rate_state_fips.ff74c298a6
[0m06:46:37.468335 [debug] [Thread-3 (]: Writing injected SQL for node "test.covid_pipeline.not_null_mart_case_fatality_rate_state_fips.ff74c298a6"
[0m06:46:37.469662 [debug] [Thread-3 (]: Began executing node test.covid_pipeline.not_null_mart_case_fatality_rate_state_fips.ff74c298a6
[0m06:46:37.474263 [debug] [Thread-3 (]: Writing runtime sql for node "test.covid_pipeline.not_null_mart_case_fatality_rate_state_fips.ff74c298a6"
[0m06:46:37.475870 [debug] [Thread-3 (]: Using snowflake connection "test.covid_pipeline.not_null_mart_case_fatality_rate_state_fips.ff74c298a6"
[0m06:46:37.476416 [debug] [Thread-3 (]: On test.covid_pipeline.not_null_mart_case_fatality_rate_state_fips.ff74c298a6: select
      count(*) as failures,
      count(*) != 0 as should_warn,
      count(*) != 0 as should_error
    from (
      
    
  
    
    



select state_fips
from COVID_DB.MARTS.mart_case_fatality_rate
where state_fips is null



  
  
      
    ) dbt_internal_test
/* {"app": "dbt", "dbt_version": "1.11.7", "profile_name": "covid_pipeline", "target_name": "dev", "node_id": "test.covid_pipeline.not_null_mart_case_fatality_rate_state_fips.ff74c298a6"} */
[0m06:46:37.548489 [debug] [Thread-5 (]: SQL status: SUCCESS 1 in 0.182 seconds
[0m06:46:37.550703 [info ] [Thread-5 (]: 6 of 26 PASS not_null_mart_case_fatality_rate_case_month ....................... [[32mPASS[0m in 0.20s]
[0m06:46:37.551994 [debug] [Thread-5 (]: Finished running node test.covid_pipeline.not_null_mart_case_fatality_rate_case_month.9ed9496d51
[0m06:46:37.552727 [debug] [Thread-5 (]: Began running node test.covid_pipeline.not_null_mart_cases_per_100k_case_month.4773fb69da
[0m06:46:37.553430 [info ] [Thread-5 (]: 8 of 26 START test not_null_mart_cases_per_100k_case_month ..................... [RUN]
[0m06:46:37.554583 [debug] [Thread-5 (]: Re-using an available connection from the pool (formerly test.covid_pipeline.not_null_mart_case_fatality_rate_case_month.9ed9496d51, now test.covid_pipeline.not_null_mart_cases_per_100k_case_month.4773fb69da)
[0m06:46:37.555267 [debug] [Thread-5 (]: Began compiling node test.covid_pipeline.not_null_mart_cases_per_100k_case_month.4773fb69da
[0m06:46:37.559991 [debug] [Thread-5 (]: Writing injected SQL for node "test.covid_pipeline.not_null_mart_cases_per_100k_case_month.4773fb69da"
[0m06:46:37.561286 [debug] [Thread-5 (]: Began executing node test.covid_pipeline.not_null_mart_cases_per_100k_case_month.4773fb69da
[0m06:46:37.564673 [debug] [Thread-5 (]: Writing runtime sql for node "test.covid_pipeline.not_null_mart_cases_per_100k_case_month.4773fb69da"
[0m06:46:37.566375 [debug] [Thread-2 (]: SQL status: SUCCESS 1 in 0.208 seconds
[0m06:46:37.568486 [info ] [Thread-2 (]: 5 of 26 PASS not_null_mart_case_fatality_rate_case_fatality_rate_pct ........... [[32mPASS[0m in 0.24s]
[0m06:46:37.570765 [debug] [Thread-5 (]: Using snowflake connection "test.covid_pipeline.not_null_mart_cases_per_100k_case_month.4773fb69da"
[0m06:46:37.569692 [debug] [Thread-2 (]: Finished running node test.covid_pipeline.not_null_mart_case_fatality_rate_case_fatality_rate_pct.a4f0405f94
[0m06:46:37.571720 [debug] [Thread-5 (]: On test.covid_pipeline.not_null_mart_cases_per_100k_case_month.4773fb69da: select
      count(*) as failures,
      count(*) != 0 as should_warn,
      count(*) != 0 as should_error
    from (
      
    
  
    
    



select case_month
from COVID_DB.MARTS.mart_cases_per_100k
where case_month is null



  
  
      
    ) dbt_internal_test
/* {"app": "dbt", "dbt_version": "1.11.7", "profile_name": "covid_pipeline", "target_name": "dev", "node_id": "test.covid_pipeline.not_null_mart_cases_per_100k_case_month.4773fb69da"} */
[0m06:46:37.572325 [debug] [Thread-2 (]: Began running node test.covid_pipeline.not_null_mart_cases_per_100k_cases_per_100k.7e883eee3a
[0m06:46:37.573960 [info ] [Thread-2 (]: 9 of 26 START test not_null_mart_cases_per_100k_cases_per_100k ................. [RUN]
[0m06:46:37.575138 [debug] [Thread-2 (]: Re-using an available connection from the pool (formerly test.covid_pipeline.not_null_mart_case_fatality_rate_case_fatality_rate_pct.a4f0405f94, now test.covid_pipeline.not_null_mart_cases_per_100k_cases_per_100k.7e883eee3a)
[0m06:46:37.575812 [debug] [Thread-2 (]: Began compiling node test.covid_pipeline.not_null_mart_cases_per_100k_cases_per_100k.7e883eee3a
[0m06:46:37.580306 [debug] [Thread-2 (]: Writing injected SQL for node "test.covid_pipeline.not_null_mart_cases_per_100k_cases_per_100k.7e883eee3a"
[0m06:46:37.581870 [debug] [Thread-2 (]: Began executing node test.covid_pipeline.not_null_mart_cases_per_100k_cases_per_100k.7e883eee3a
[0m06:46:37.584924 [debug] [Thread-2 (]: Writing runtime sql for node "test.covid_pipeline.not_null_mart_cases_per_100k_cases_per_100k.7e883eee3a"
[0m06:46:37.586241 [debug] [Thread-2 (]: Using snowflake connection "test.covid_pipeline.not_null_mart_cases_per_100k_cases_per_100k.7e883eee3a"
[0m06:46:37.586744 [debug] [Thread-2 (]: On test.covid_pipeline.not_null_mart_cases_per_100k_cases_per_100k.7e883eee3a: select
      count(*) as failures,
      count(*) != 0 as should_warn,
      count(*) != 0 as should_error
    from (
      
    
  
    
    



select cases_per_100k
from COVID_DB.MARTS.mart_cases_per_100k
where cases_per_100k is null



  
  
      
    ) dbt_internal_test
/* {"app": "dbt", "dbt_version": "1.11.7", "profile_name": "covid_pipeline", "target_name": "dev", "node_id": "test.covid_pipeline.not_null_mart_cases_per_100k_cases_per_100k.7e883eee3a"} */
[0m06:46:37.669175 [debug] [Thread-3 (]: SQL status: SUCCESS 1 in 0.192 seconds
[0m06:46:37.671555 [info ] [Thread-3 (]: 7 of 26 PASS not_null_mart_case_fatality_rate_state_fips ....................... [[32mPASS[0m in 0.21s]
[0m06:46:37.672788 [debug] [Thread-3 (]: Finished running node test.covid_pipeline.not_null_mart_case_fatality_rate_state_fips.ff74c298a6
[0m06:46:37.673346 [debug] [Thread-3 (]: Began running node test.covid_pipeline.not_null_mart_cases_per_100k_county_fips.f6c5500509
[0m06:46:37.673842 [info ] [Thread-3 (]: 10 of 26 START test not_null_mart_cases_per_100k_county_fips ................... [RUN]
[0m06:46:37.674736 [debug] [Thread-3 (]: Re-using an available connection from the pool (formerly test.covid_pipeline.not_null_mart_case_fatality_rate_state_fips.ff74c298a6, now test.covid_pipeline.not_null_mart_cases_per_100k_county_fips.f6c5500509)
[0m06:46:37.675221 [debug] [Thread-3 (]: Began compiling node test.covid_pipeline.not_null_mart_cases_per_100k_county_fips.f6c5500509
[0m06:46:37.679285 [debug] [Thread-3 (]: Writing injected SQL for node "test.covid_pipeline.not_null_mart_cases_per_100k_county_fips.f6c5500509"
[0m06:46:37.680303 [debug] [Thread-3 (]: Began executing node test.covid_pipeline.not_null_mart_cases_per_100k_county_fips.f6c5500509
[0m06:46:37.683165 [debug] [Thread-3 (]: Writing runtime sql for node "test.covid_pipeline.not_null_mart_cases_per_100k_county_fips.f6c5500509"
[0m06:46:37.684496 [debug] [Thread-3 (]: Using snowflake connection "test.covid_pipeline.not_null_mart_cases_per_100k_county_fips.f6c5500509"
[0m06:46:37.684988 [debug] [Thread-3 (]: On test.covid_pipeline.not_null_mart_cases_per_100k_county_fips.f6c5500509: select
      count(*) as failures,
      count(*) != 0 as should_warn,
      count(*) != 0 as should_error
    from (
      
    
  
    
    



select county_fips
from COVID_DB.MARTS.mart_cases_per_100k
where county_fips is null



  
  
      
    ) dbt_internal_test
/* {"app": "dbt", "dbt_version": "1.11.7", "profile_name": "covid_pipeline", "target_name": "dev", "node_id": "test.covid_pipeline.not_null_mart_cases_per_100k_county_fips.f6c5500509"} */
[0m06:46:37.730471 [debug] [Thread-5 (]: SQL status: SUCCESS 1 in 0.157 seconds
[0m06:46:37.732627 [info ] [Thread-5 (]: 8 of 26 PASS not_null_mart_cases_per_100k_case_month ........................... [[32mPASS[0m in 0.18s]
[0m06:46:37.733684 [debug] [Thread-5 (]: Finished running node test.covid_pipeline.not_null_mart_cases_per_100k_case_month.4773fb69da
[0m06:46:37.734185 [debug] [Thread-5 (]: Began running node test.covid_pipeline.not_null_mart_data_freshness_freshness_status.d73145837c
[0m06:46:37.734638 [info ] [Thread-5 (]: 11 of 26 START test not_null_mart_data_freshness_freshness_status .............. [RUN]
[0m06:46:37.735391 [debug] [Thread-5 (]: Re-using an available connection from the pool (formerly test.covid_pipeline.not_null_mart_cases_per_100k_case_month.4773fb69da, now test.covid_pipeline.not_null_mart_data_freshness_freshness_status.d73145837c)
[0m06:46:37.735864 [debug] [Thread-5 (]: Began compiling node test.covid_pipeline.not_null_mart_data_freshness_freshness_status.d73145837c
[0m06:46:37.741287 [debug] [Thread-5 (]: Writing injected SQL for node "test.covid_pipeline.not_null_mart_data_freshness_freshness_status.d73145837c"
[0m06:46:37.742406 [debug] [Thread-5 (]: Began executing node test.covid_pipeline.not_null_mart_data_freshness_freshness_status.d73145837c
[0m06:46:37.745197 [debug] [Thread-5 (]: Writing runtime sql for node "test.covid_pipeline.not_null_mart_data_freshness_freshness_status.d73145837c"
[0m06:46:37.746713 [debug] [Thread-5 (]: Using snowflake connection "test.covid_pipeline.not_null_mart_data_freshness_freshness_status.d73145837c"
[0m06:46:37.747276 [debug] [Thread-5 (]: On test.covid_pipeline.not_null_mart_data_freshness_freshness_status.d73145837c: select
      count(*) as failures,
      count(*) != 0 as should_warn,
      count(*) != 0 as should_error
    from (
      
    
  
    
    



select freshness_status
from COVID_DB.MARTS.mart_data_freshness
where freshness_status is null



  
  
      
    ) dbt_internal_test
/* {"app": "dbt", "dbt_version": "1.11.7", "profile_name": "covid_pipeline", "target_name": "dev", "node_id": "test.covid_pipeline.not_null_mart_data_freshness_freshness_status.d73145837c"} */
[0m06:46:37.787630 [debug] [Thread-2 (]: SQL status: SUCCESS 1 in 0.200 seconds
[0m06:46:37.790697 [info ] [Thread-2 (]: 9 of 26 PASS not_null_mart_cases_per_100k_cases_per_100k ....................... [[32mPASS[0m in 0.22s]
[0m06:46:37.792359 [debug] [Thread-2 (]: Finished running node test.covid_pipeline.not_null_mart_cases_per_100k_cases_per_100k.7e883eee3a
[0m06:46:37.793223 [debug] [Thread-2 (]: Began running node test.covid_pipeline.not_null_mart_data_freshness_source_table.2fc2ee7ce6
[0m06:46:37.793994 [info ] [Thread-2 (]: 12 of 26 START test not_null_mart_data_freshness_source_table .................. [RUN]
[0m06:46:37.795045 [debug] [Thread-2 (]: Re-using an available connection from the pool (formerly test.covid_pipeline.not_null_mart_cases_per_100k_cases_per_100k.7e883eee3a, now test.covid_pipeline.not_null_mart_data_freshness_source_table.2fc2ee7ce6)
[0m06:46:37.795553 [debug] [Thread-2 (]: Began compiling node test.covid_pipeline.not_null_mart_data_freshness_source_table.2fc2ee7ce6
[0m06:46:37.800029 [debug] [Thread-2 (]: Writing injected SQL for node "test.covid_pipeline.not_null_mart_data_freshness_source_table.2fc2ee7ce6"
[0m06:46:37.801068 [debug] [Thread-2 (]: Began executing node test.covid_pipeline.not_null_mart_data_freshness_source_table.2fc2ee7ce6
[0m06:46:37.803569 [debug] [Thread-2 (]: Writing runtime sql for node "test.covid_pipeline.not_null_mart_data_freshness_source_table.2fc2ee7ce6"
[0m06:46:37.804908 [debug] [Thread-2 (]: Using snowflake connection "test.covid_pipeline.not_null_mart_data_freshness_source_table.2fc2ee7ce6"
[0m06:46:37.805522 [debug] [Thread-2 (]: On test.covid_pipeline.not_null_mart_data_freshness_source_table.2fc2ee7ce6: select
      count(*) as failures,
      count(*) != 0 as should_warn,
      count(*) != 0 as should_error
    from (
      
    
  
    
    



select source_table
from COVID_DB.MARTS.mart_data_freshness
where source_table is null



  
  
      
    ) dbt_internal_test
/* {"app": "dbt", "dbt_version": "1.11.7", "profile_name": "covid_pipeline", "target_name": "dev", "node_id": "test.covid_pipeline.not_null_mart_data_freshness_source_table.2fc2ee7ce6"} */
[0m06:46:37.924526 [debug] [Thread-3 (]: SQL status: SUCCESS 1 in 0.239 seconds
[0m06:46:37.926582 [info ] [Thread-3 (]: 10 of 26 PASS not_null_mart_cases_per_100k_county_fips ......................... [[32mPASS[0m in 0.25s]
[0m06:46:37.927832 [debug] [Thread-3 (]: Finished running node test.covid_pipeline.not_null_mart_cases_per_100k_county_fips.f6c5500509
[0m06:46:37.928546 [debug] [Thread-3 (]: Began running node test.covid_pipeline.not_null_mart_hospitalization_rate_case_month.bd81e0cdda
[0m06:46:37.929215 [info ] [Thread-3 (]: 13 of 26 START test not_null_mart_hospitalization_rate_case_month .............. [RUN]
[0m06:46:37.930319 [debug] [Thread-3 (]: Re-using an available connection from the pool (formerly test.covid_pipeline.not_null_mart_cases_per_100k_county_fips.f6c5500509, now test.covid_pipeline.not_null_mart_hospitalization_rate_case_month.bd81e0cdda)
[0m06:46:37.930774 [debug] [Thread-3 (]: Began compiling node test.covid_pipeline.not_null_mart_hospitalization_rate_case_month.bd81e0cdda
[0m06:46:37.939277 [debug] [Thread-3 (]: Writing injected SQL for node "test.covid_pipeline.not_null_mart_hospitalization_rate_case_month.bd81e0cdda"
[0m06:46:37.940685 [debug] [Thread-4 (]: SQL status: SUCCESS 1 in 1.297 seconds
[0m06:46:37.943195 [info ] [Thread-4 (]: 3 of 26 PASS assert_case_month_after_2020 ...................................... [[32mPASS[0m in 1.41s]
[0m06:46:37.944255 [debug] [Thread-3 (]: Began executing node test.covid_pipeline.not_null_mart_hospitalization_rate_case_month.bd81e0cdda
[0m06:46:37.945186 [debug] [Thread-4 (]: Finished running node test.covid_pipeline.assert_case_month_after_2020
[0m06:46:37.949700 [debug] [Thread-3 (]: Writing runtime sql for node "test.covid_pipeline.not_null_mart_hospitalization_rate_case_month.bd81e0cdda"
[0m06:46:37.950678 [debug] [Thread-4 (]: Began running node test.covid_pipeline.not_null_mart_hospitalization_rate_hospitalization_rate_pct.c2e3edbe7a
[0m06:46:37.951814 [info ] [Thread-4 (]: 14 of 26 START test not_null_mart_hospitalization_rate_hospitalization_rate_pct  [RUN]
[0m06:46:37.953395 [debug] [Thread-4 (]: Re-using an available connection from the pool (formerly test.covid_pipeline.assert_case_month_after_2020, now test.covid_pipeline.not_null_mart_hospitalization_rate_hospitalization_rate_pct.c2e3edbe7a)
[0m06:46:37.954344 [debug] [Thread-4 (]: Began compiling node test.covid_pipeline.not_null_mart_hospitalization_rate_hospitalization_rate_pct.c2e3edbe7a
[0m06:46:37.955948 [debug] [Thread-3 (]: Using snowflake connection "test.covid_pipeline.not_null_mart_hospitalization_rate_case_month.bd81e0cdda"
[0m06:46:37.963737 [debug] [Thread-4 (]: Writing injected SQL for node "test.covid_pipeline.not_null_mart_hospitalization_rate_hospitalization_rate_pct.c2e3edbe7a"
[0m06:46:37.964664 [debug] [Thread-3 (]: On test.covid_pipeline.not_null_mart_hospitalization_rate_case_month.bd81e0cdda: select
      count(*) as failures,
      count(*) != 0 as should_warn,
      count(*) != 0 as should_error
    from (
      
    
  
    
    



select case_month
from COVID_DB.MARTS.mart_hospitalization_rate
where case_month is null



  
  
      
    ) dbt_internal_test
/* {"app": "dbt", "dbt_version": "1.11.7", "profile_name": "covid_pipeline", "target_name": "dev", "node_id": "test.covid_pipeline.not_null_mart_hospitalization_rate_case_month.bd81e0cdda"} */
[0m06:46:37.967583 [debug] [Thread-4 (]: Began executing node test.covid_pipeline.not_null_mart_hospitalization_rate_hospitalization_rate_pct.c2e3edbe7a
[0m06:46:37.972174 [debug] [Thread-4 (]: Writing runtime sql for node "test.covid_pipeline.not_null_mart_hospitalization_rate_hospitalization_rate_pct.c2e3edbe7a"
[0m06:46:37.974907 [debug] [Thread-4 (]: Using snowflake connection "test.covid_pipeline.not_null_mart_hospitalization_rate_hospitalization_rate_pct.c2e3edbe7a"
[0m06:46:37.975897 [debug] [Thread-4 (]: On test.covid_pipeline.not_null_mart_hospitalization_rate_hospitalization_rate_pct.c2e3edbe7a: select
      count(*) as failures,
      count(*) != 0 as should_warn,
      count(*) != 0 as should_error
    from (
      
    
  
    
    



select hospitalization_rate_pct
from COVID_DB.MARTS.mart_hospitalization_rate
where hospitalization_rate_pct is null



  
  
      
    ) dbt_internal_test
/* {"app": "dbt", "dbt_version": "1.11.7", "profile_name": "covid_pipeline", "target_name": "dev", "node_id": "test.covid_pipeline.not_null_mart_hospitalization_rate_hospitalization_rate_pct.c2e3edbe7a"} */
[0m06:46:38.023487 [debug] [Thread-5 (]: SQL status: SUCCESS 1 in 0.276 seconds
[0m06:46:38.025944 [info ] [Thread-5 (]: 11 of 26 PASS not_null_mart_data_freshness_freshness_status .................... [[32mPASS[0m in 0.29s]
[0m06:46:38.027378 [debug] [Thread-5 (]: Finished running node test.covid_pipeline.not_null_mart_data_freshness_freshness_status.d73145837c
[0m06:46:38.028196 [debug] [Thread-5 (]: Began running node test.covid_pipeline.not_null_mart_hospitalization_rate_state_fips.32b9524483
[0m06:46:38.029015 [info ] [Thread-5 (]: 15 of 26 START test not_null_mart_hospitalization_rate_state_fips .............. [RUN]
[0m06:46:38.029958 [debug] [Thread-5 (]: Re-using an available connection from the pool (formerly test.covid_pipeline.not_null_mart_data_freshness_freshness_status.d73145837c, now test.covid_pipeline.not_null_mart_hospitalization_rate_state_fips.32b9524483)
[0m06:46:38.030756 [debug] [Thread-5 (]: Began compiling node test.covid_pipeline.not_null_mart_hospitalization_rate_state_fips.32b9524483
[0m06:46:38.038302 [debug] [Thread-5 (]: Writing injected SQL for node "test.covid_pipeline.not_null_mart_hospitalization_rate_state_fips.32b9524483"
[0m06:46:38.040162 [debug] [Thread-5 (]: Began executing node test.covid_pipeline.not_null_mart_hospitalization_rate_state_fips.32b9524483
[0m06:46:38.043311 [debug] [Thread-5 (]: Writing runtime sql for node "test.covid_pipeline.not_null_mart_hospitalization_rate_state_fips.32b9524483"
[0m06:46:38.044779 [debug] [Thread-5 (]: Using snowflake connection "test.covid_pipeline.not_null_mart_hospitalization_rate_state_fips.32b9524483"
[0m06:46:38.045342 [debug] [Thread-5 (]: On test.covid_pipeline.not_null_mart_hospitalization_rate_state_fips.32b9524483: select
      count(*) as failures,
      count(*) != 0 as should_warn,
      count(*) != 0 as should_error
    from (
      
    
  
    
    



select state_fips
from COVID_DB.MARTS.mart_hospitalization_rate
where state_fips is null



  
  
      
    ) dbt_internal_test
/* {"app": "dbt", "dbt_version": "1.11.7", "profile_name": "covid_pipeline", "target_name": "dev", "node_id": "test.covid_pipeline.not_null_mart_hospitalization_rate_state_fips.32b9524483"} */
[0m06:46:38.063367 [debug] [Thread-2 (]: SQL status: SUCCESS 1 in 0.257 seconds
[0m06:46:38.065829 [info ] [Thread-2 (]: 12 of 26 PASS not_null_mart_data_freshness_source_table ........................ [[32mPASS[0m in 0.27s]
[0m06:46:38.066931 [debug] [Thread-2 (]: Finished running node test.covid_pipeline.not_null_mart_data_freshness_source_table.2fc2ee7ce6
[0m06:46:38.067466 [debug] [Thread-2 (]: Began running node test.covid_pipeline.not_null_mart_hospitalization_rate_total_cases.9667a988a2
[0m06:46:38.068087 [info ] [Thread-2 (]: 16 of 26 START test not_null_mart_hospitalization_rate_total_cases ............. [RUN]
[0m06:46:38.068968 [debug] [Thread-2 (]: Re-using an available connection from the pool (formerly test.covid_pipeline.not_null_mart_data_freshness_source_table.2fc2ee7ce6, now test.covid_pipeline.not_null_mart_hospitalization_rate_total_cases.9667a988a2)
[0m06:46:38.069485 [debug] [Thread-2 (]: Began compiling node test.covid_pipeline.not_null_mart_hospitalization_rate_total_cases.9667a988a2
[0m06:46:38.075782 [debug] [Thread-2 (]: Writing injected SQL for node "test.covid_pipeline.not_null_mart_hospitalization_rate_total_cases.9667a988a2"
[0m06:46:38.077923 [debug] [Thread-2 (]: Began executing node test.covid_pipeline.not_null_mart_hospitalization_rate_total_cases.9667a988a2
[0m06:46:38.082692 [debug] [Thread-2 (]: Writing runtime sql for node "test.covid_pipeline.not_null_mart_hospitalization_rate_total_cases.9667a988a2"
[0m06:46:38.084964 [debug] [Thread-2 (]: Using snowflake connection "test.covid_pipeline.not_null_mart_hospitalization_rate_total_cases.9667a988a2"
[0m06:46:38.085818 [debug] [Thread-2 (]: On test.covid_pipeline.not_null_mart_hospitalization_rate_total_cases.9667a988a2: select
      count(*) as failures,
      count(*) != 0 as should_warn,
      count(*) != 0 as should_error
    from (
      
    
  
    
    



select total_cases
from COVID_DB.MARTS.mart_hospitalization_rate
where total_cases is null



  
  
      
    ) dbt_internal_test
/* {"app": "dbt", "dbt_version": "1.11.7", "profile_name": "covid_pipeline", "target_name": "dev", "node_id": "test.covid_pipeline.not_null_mart_hospitalization_rate_total_cases.9667a988a2"} */
[0m06:46:38.166688 [debug] [Thread-3 (]: SQL status: SUCCESS 1 in 0.201 seconds
[0m06:46:38.169199 [info ] [Thread-3 (]: 13 of 26 PASS not_null_mart_hospitalization_rate_case_month .................... [[32mPASS[0m in 0.24s]
[0m06:46:38.171923 [debug] [Thread-5 (]: SQL status: SUCCESS 1 in 0.126 seconds
[0m06:46:38.173082 [debug] [Thread-3 (]: Finished running node test.covid_pipeline.not_null_mart_hospitalization_rate_case_month.bd81e0cdda
[0m06:46:38.173746 [debug] [Thread-4 (]: SQL status: SUCCESS 1 in 0.194 seconds
[0m06:46:38.176746 [debug] [Thread-3 (]: Began running node test.covid_pipeline.not_null_mart_rolling_avg_cases_case_month.6480b6c0cc
[0m06:46:38.176147 [info ] [Thread-5 (]: 15 of 26 PASS not_null_mart_hospitalization_rate_state_fips .................... [[32mPASS[0m in 0.15s]
[0m06:46:38.181886 [debug] [Thread-5 (]: Finished running node test.covid_pipeline.not_null_mart_hospitalization_rate_state_fips.32b9524483
[0m06:46:38.182431 [debug] [Thread-5 (]: Began running node test.covid_pipeline.not_null_mart_rolling_avg_cases_monthly_cases.76aa447b37
[0m06:46:38.179971 [info ] [Thread-4 (]: 14 of 26 PASS not_null_mart_hospitalization_rate_hospitalization_rate_pct ...... [[32mPASS[0m in 0.23s]
[0m06:46:38.183908 [debug] [Thread-4 (]: Finished running node test.covid_pipeline.not_null_mart_hospitalization_rate_hospitalization_rate_pct.c2e3edbe7a
[0m06:46:38.184481 [debug] [Thread-4 (]: Began running node test.covid_pipeline.not_null_mart_rolling_avg_cases_rolling_3mo_avg_cases.0af87146df
[0m06:46:38.180998 [info ] [Thread-3 (]: 17 of 26 START test not_null_mart_rolling_avg_cases_case_month ................. [RUN]
[0m06:46:38.186050 [debug] [Thread-3 (]: Re-using an available connection from the pool (formerly test.covid_pipeline.not_null_mart_hospitalization_rate_case_month.bd81e0cdda, now test.covid_pipeline.not_null_mart_rolling_avg_cases_case_month.6480b6c0cc)
[0m06:46:38.186586 [debug] [Thread-3 (]: Began compiling node test.covid_pipeline.not_null_mart_rolling_avg_cases_case_month.6480b6c0cc
[0m06:46:38.192566 [debug] [Thread-3 (]: Writing injected SQL for node "test.covid_pipeline.not_null_mart_rolling_avg_cases_case_month.6480b6c0cc"
[0m06:46:38.183045 [info ] [Thread-5 (]: 18 of 26 START test not_null_mart_rolling_avg_cases_monthly_cases .............. [RUN]
[0m06:46:38.194054 [debug] [Thread-5 (]: Re-using an available connection from the pool (formerly test.covid_pipeline.not_null_mart_hospitalization_rate_state_fips.32b9524483, now test.covid_pipeline.not_null_mart_rolling_avg_cases_monthly_cases.76aa447b37)
[0m06:46:38.185105 [info ] [Thread-4 (]: 19 of 26 START test not_null_mart_rolling_avg_cases_rolling_3mo_avg_cases ...... [RUN]
[0m06:46:38.195142 [debug] [Thread-5 (]: Began compiling node test.covid_pipeline.not_null_mart_rolling_avg_cases_monthly_cases.76aa447b37
[0m06:46:38.195943 [debug] [Thread-4 (]: Re-using an available connection from the pool (formerly test.covid_pipeline.not_null_mart_hospitalization_rate_hospitalization_rate_pct.c2e3edbe7a, now test.covid_pipeline.not_null_mart_rolling_avg_cases_rolling_3mo_avg_cases.0af87146df)
[0m06:46:38.200469 [debug] [Thread-5 (]: Writing injected SQL for node "test.covid_pipeline.not_null_mart_rolling_avg_cases_monthly_cases.76aa447b37"
[0m06:46:38.201148 [debug] [Thread-4 (]: Began compiling node test.covid_pipeline.not_null_mart_rolling_avg_cases_rolling_3mo_avg_cases.0af87146df
[0m06:46:38.201858 [debug] [Thread-3 (]: Began executing node test.covid_pipeline.not_null_mart_rolling_avg_cases_case_month.6480b6c0cc
[0m06:46:38.207125 [debug] [Thread-4 (]: Writing injected SQL for node "test.covid_pipeline.not_null_mart_rolling_avg_cases_rolling_3mo_avg_cases.0af87146df"
[0m06:46:38.211105 [debug] [Thread-3 (]: Writing runtime sql for node "test.covid_pipeline.not_null_mart_rolling_avg_cases_case_month.6480b6c0cc"
[0m06:46:38.212389 [debug] [Thread-5 (]: Began executing node test.covid_pipeline.not_null_mart_rolling_avg_cases_monthly_cases.76aa447b37
[0m06:46:38.217022 [debug] [Thread-5 (]: Writing runtime sql for node "test.covid_pipeline.not_null_mart_rolling_avg_cases_monthly_cases.76aa447b37"
[0m06:46:38.217595 [debug] [Thread-4 (]: Began executing node test.covid_pipeline.not_null_mart_rolling_avg_cases_rolling_3mo_avg_cases.0af87146df
[0m06:46:38.220377 [debug] [Thread-4 (]: Writing runtime sql for node "test.covid_pipeline.not_null_mart_rolling_avg_cases_rolling_3mo_avg_cases.0af87146df"
[0m06:46:38.221454 [debug] [Thread-3 (]: Using snowflake connection "test.covid_pipeline.not_null_mart_rolling_avg_cases_case_month.6480b6c0cc"
[0m06:46:38.221990 [debug] [Thread-3 (]: On test.covid_pipeline.not_null_mart_rolling_avg_cases_case_month.6480b6c0cc: select
      count(*) as failures,
      count(*) != 0 as should_warn,
      count(*) != 0 as should_error
    from (
      
    
  
    
    



select case_month
from COVID_DB.MARTS.mart_rolling_avg_cases
where case_month is null



  
  
      
    ) dbt_internal_test
/* {"app": "dbt", "dbt_version": "1.11.7", "profile_name": "covid_pipeline", "target_name": "dev", "node_id": "test.covid_pipeline.not_null_mart_rolling_avg_cases_case_month.6480b6c0cc"} */
[0m06:46:38.226306 [debug] [Thread-4 (]: Using snowflake connection "test.covid_pipeline.not_null_mart_rolling_avg_cases_rolling_3mo_avg_cases.0af87146df"
[0m06:46:38.227348 [debug] [Thread-4 (]: On test.covid_pipeline.not_null_mart_rolling_avg_cases_rolling_3mo_avg_cases.0af87146df: select
      count(*) as failures,
      count(*) != 0 as should_warn,
      count(*) != 0 as should_error
    from (
      
    
  
    
    



select rolling_3mo_avg_cases
from COVID_DB.MARTS.mart_rolling_avg_cases
where rolling_3mo_avg_cases is null



  
  
      
    ) dbt_internal_test
/* {"app": "dbt", "dbt_version": "1.11.7", "profile_name": "covid_pipeline", "target_name": "dev", "node_id": "test.covid_pipeline.not_null_mart_rolling_avg_cases_rolling_3mo_avg_cases.0af87146df"} */
[0m06:46:38.228302 [debug] [Thread-5 (]: Using snowflake connection "test.covid_pipeline.not_null_mart_rolling_avg_cases_monthly_cases.76aa447b37"
[0m06:46:38.230053 [debug] [Thread-5 (]: On test.covid_pipeline.not_null_mart_rolling_avg_cases_monthly_cases.76aa447b37: select
      count(*) as failures,
      count(*) != 0 as should_warn,
      count(*) != 0 as should_error
    from (
      
    
  
    
    



select monthly_cases
from COVID_DB.MARTS.mart_rolling_avg_cases
where monthly_cases is null



  
  
      
    ) dbt_internal_test
/* {"app": "dbt", "dbt_version": "1.11.7", "profile_name": "covid_pipeline", "target_name": "dev", "node_id": "test.covid_pipeline.not_null_mart_rolling_avg_cases_monthly_cases.76aa447b37"} */
[0m06:46:38.262373 [debug] [Thread-2 (]: SQL status: SUCCESS 1 in 0.176 seconds
[0m06:46:38.264701 [info ] [Thread-2 (]: 16 of 26 PASS not_null_mart_hospitalization_rate_total_cases ................... [[32mPASS[0m in 0.20s]
[0m06:46:38.265804 [debug] [Thread-2 (]: Finished running node test.covid_pipeline.not_null_mart_hospitalization_rate_total_cases.9667a988a2
[0m06:46:38.266349 [debug] [Thread-2 (]: Began running node test.covid_pipeline.not_null_mart_rolling_avg_cases_state_fips.8e09741ccb
[0m06:46:38.266851 [info ] [Thread-2 (]: 20 of 26 START test not_null_mart_rolling_avg_cases_state_fips ................. [RUN]
[0m06:46:38.267648 [debug] [Thread-2 (]: Re-using an available connection from the pool (formerly test.covid_pipeline.not_null_mart_hospitalization_rate_total_cases.9667a988a2, now test.covid_pipeline.not_null_mart_rolling_avg_cases_state_fips.8e09741ccb)
[0m06:46:38.268141 [debug] [Thread-2 (]: Began compiling node test.covid_pipeline.not_null_mart_rolling_avg_cases_state_fips.8e09741ccb
[0m06:46:38.273604 [debug] [Thread-2 (]: Writing injected SQL for node "test.covid_pipeline.not_null_mart_rolling_avg_cases_state_fips.8e09741ccb"
[0m06:46:38.274818 [debug] [Thread-2 (]: Began executing node test.covid_pipeline.not_null_mart_rolling_avg_cases_state_fips.8e09741ccb
[0m06:46:38.277581 [debug] [Thread-2 (]: Writing runtime sql for node "test.covid_pipeline.not_null_mart_rolling_avg_cases_state_fips.8e09741ccb"
[0m06:46:38.279018 [debug] [Thread-2 (]: Using snowflake connection "test.covid_pipeline.not_null_mart_rolling_avg_cases_state_fips.8e09741ccb"
[0m06:46:38.279562 [debug] [Thread-2 (]: On test.covid_pipeline.not_null_mart_rolling_avg_cases_state_fips.8e09741ccb: select
      count(*) as failures,
      count(*) != 0 as should_warn,
      count(*) != 0 as should_error
    from (
      
    
  
    
    



select state_fips
from COVID_DB.MARTS.mart_rolling_avg_cases
where state_fips is null



  
  
      
    ) dbt_internal_test
/* {"app": "dbt", "dbt_version": "1.11.7", "profile_name": "covid_pipeline", "target_name": "dev", "node_id": "test.covid_pipeline.not_null_mart_rolling_avg_cases_state_fips.8e09741ccb"} */
[0m06:46:38.425467 [debug] [Thread-4 (]: SQL status: SUCCESS 1 in 0.197 seconds
[0m06:46:38.427742 [info ] [Thread-4 (]: 19 of 26 PASS not_null_mart_rolling_avg_cases_rolling_3mo_avg_cases ............ [[32mPASS[0m in 0.23s]
[0m06:46:38.428836 [debug] [Thread-4 (]: Finished running node test.covid_pipeline.not_null_mart_rolling_avg_cases_rolling_3mo_avg_cases.0af87146df
[0m06:46:38.429331 [debug] [Thread-4 (]: Began running node test.covid_pipeline.not_null_mart_severity_index_county_fips.a1e81f5577
[0m06:46:38.429795 [info ] [Thread-4 (]: 21 of 26 START test not_null_mart_severity_index_county_fips ................... [RUN]
[0m06:46:38.430545 [debug] [Thread-4 (]: Re-using an available connection from the pool (formerly test.covid_pipeline.not_null_mart_rolling_avg_cases_rolling_3mo_avg_cases.0af87146df, now test.covid_pipeline.not_null_mart_severity_index_county_fips.a1e81f5577)
[0m06:46:38.431003 [debug] [Thread-4 (]: Began compiling node test.covid_pipeline.not_null_mart_severity_index_county_fips.a1e81f5577
[0m06:46:38.435830 [debug] [Thread-4 (]: Writing injected SQL for node "test.covid_pipeline.not_null_mart_severity_index_county_fips.a1e81f5577"
[0m06:46:38.436983 [debug] [Thread-4 (]: Began executing node test.covid_pipeline.not_null_mart_severity_index_county_fips.a1e81f5577
[0m06:46:38.440143 [debug] [Thread-4 (]: Writing runtime sql for node "test.covid_pipeline.not_null_mart_severity_index_county_fips.a1e81f5577"
[0m06:46:38.442271 [debug] [Thread-4 (]: Using snowflake connection "test.covid_pipeline.not_null_mart_severity_index_county_fips.a1e81f5577"
[0m06:46:38.443131 [debug] [Thread-4 (]: On test.covid_pipeline.not_null_mart_severity_index_county_fips.a1e81f5577: select
      count(*) as failures,
      count(*) != 0 as should_warn,
      count(*) != 0 as should_error
    from (
      
    
  
    
    



select county_fips
from COVID_DB.MARTS.mart_severity_index
where county_fips is null



  
  
      
    ) dbt_internal_test
/* {"app": "dbt", "dbt_version": "1.11.7", "profile_name": "covid_pipeline", "target_name": "dev", "node_id": "test.covid_pipeline.not_null_mart_severity_index_county_fips.a1e81f5577"} */
[0m06:46:38.450072 [debug] [Thread-3 (]: SQL status: SUCCESS 1 in 0.227 seconds
[0m06:46:38.452244 [info ] [Thread-3 (]: 17 of 26 PASS not_null_mart_rolling_avg_cases_case_month ....................... [[32mPASS[0m in 0.27s]
[0m06:46:38.453325 [debug] [Thread-3 (]: Finished running node test.covid_pipeline.not_null_mart_rolling_avg_cases_case_month.6480b6c0cc
[0m06:46:38.453890 [debug] [Thread-3 (]: Began running node test.covid_pipeline.not_null_mart_severity_index_severity_index.4d29796c01
[0m06:46:38.454371 [info ] [Thread-3 (]: 22 of 26 START test not_null_mart_severity_index_severity_index ................ [RUN]
[0m06:46:38.455272 [debug] [Thread-3 (]: Re-using an available connection from the pool (formerly test.covid_pipeline.not_null_mart_rolling_avg_cases_case_month.6480b6c0cc, now test.covid_pipeline.not_null_mart_severity_index_severity_index.4d29796c01)
[0m06:46:38.455861 [debug] [Thread-3 (]: Began compiling node test.covid_pipeline.not_null_mart_severity_index_severity_index.4d29796c01
[0m06:46:38.461550 [debug] [Thread-3 (]: Writing injected SQL for node "test.covid_pipeline.not_null_mart_severity_index_severity_index.4d29796c01"
[0m06:46:38.462674 [debug] [Thread-3 (]: Began executing node test.covid_pipeline.not_null_mart_severity_index_severity_index.4d29796c01
[0m06:46:38.465206 [debug] [Thread-3 (]: Writing runtime sql for node "test.covid_pipeline.not_null_mart_severity_index_severity_index.4d29796c01"
[0m06:46:38.466499 [debug] [Thread-3 (]: Using snowflake connection "test.covid_pipeline.not_null_mart_severity_index_severity_index.4d29796c01"
[0m06:46:38.467005 [debug] [Thread-3 (]: On test.covid_pipeline.not_null_mart_severity_index_severity_index.4d29796c01: select
      count(*) as failures,
      count(*) != 0 as should_warn,
      count(*) != 0 as should_error
    from (
      
    
  
    
    



select severity_index
from COVID_DB.MARTS.mart_severity_index
where severity_index is null



  
  
      
    ) dbt_internal_test
/* {"app": "dbt", "dbt_version": "1.11.7", "profile_name": "covid_pipeline", "target_name": "dev", "node_id": "test.covid_pipeline.not_null_mart_severity_index_severity_index.4d29796c01"} */
[0m06:46:38.469728 [debug] [Thread-5 (]: SQL status: SUCCESS 1 in 0.239 seconds
[0m06:46:38.471882 [info ] [Thread-5 (]: 18 of 26 PASS not_null_mart_rolling_avg_cases_monthly_cases .................... [[32mPASS[0m in 0.28s]
[0m06:46:38.473430 [debug] [Thread-5 (]: Finished running node test.covid_pipeline.not_null_mart_rolling_avg_cases_monthly_cases.76aa447b37
[0m06:46:38.474349 [debug] [Thread-5 (]: Began running node test.covid_pipeline.not_null_mart_vaccination_vs_cases_county_fips.407223a3c6
[0m06:46:38.475258 [info ] [Thread-5 (]: 23 of 26 START test not_null_mart_vaccination_vs_cases_county_fips ............. [RUN]
[0m06:46:38.476125 [debug] [Thread-5 (]: Re-using an available connection from the pool (formerly test.covid_pipeline.not_null_mart_rolling_avg_cases_monthly_cases.76aa447b37, now test.covid_pipeline.not_null_mart_vaccination_vs_cases_county_fips.407223a3c6)
[0m06:46:38.476607 [debug] [Thread-5 (]: Began compiling node test.covid_pipeline.not_null_mart_vaccination_vs_cases_county_fips.407223a3c6
[0m06:46:38.481375 [debug] [Thread-5 (]: Writing injected SQL for node "test.covid_pipeline.not_null_mart_vaccination_vs_cases_county_fips.407223a3c6"
[0m06:46:38.482462 [debug] [Thread-5 (]: Began executing node test.covid_pipeline.not_null_mart_vaccination_vs_cases_county_fips.407223a3c6
[0m06:46:38.485029 [debug] [Thread-5 (]: Writing runtime sql for node "test.covid_pipeline.not_null_mart_vaccination_vs_cases_county_fips.407223a3c6"
[0m06:46:38.486345 [debug] [Thread-5 (]: Using snowflake connection "test.covid_pipeline.not_null_mart_vaccination_vs_cases_county_fips.407223a3c6"
[0m06:46:38.486851 [debug] [Thread-5 (]: On test.covid_pipeline.not_null_mart_vaccination_vs_cases_county_fips.407223a3c6: select
      count(*) as failures,
      count(*) != 0 as should_warn,
      count(*) != 0 as should_error
    from (
      
    
  
    
    



select county_fips
from COVID_DB.MARTS.mart_vaccination_vs_cases
where county_fips is null



  
  
      
    ) dbt_internal_test
/* {"app": "dbt", "dbt_version": "1.11.7", "profile_name": "covid_pipeline", "target_name": "dev", "node_id": "test.covid_pipeline.not_null_mart_vaccination_vs_cases_county_fips.407223a3c6"} */
[0m06:46:38.504182 [debug] [Thread-2 (]: SQL status: SUCCESS 1 in 0.224 seconds
[0m06:46:38.506621 [info ] [Thread-2 (]: 20 of 26 PASS not_null_mart_rolling_avg_cases_state_fips ....................... [[32mPASS[0m in 0.24s]
[0m06:46:38.508108 [debug] [Thread-2 (]: Finished running node test.covid_pipeline.not_null_mart_rolling_avg_cases_state_fips.8e09741ccb
[0m06:46:38.509209 [debug] [Thread-2 (]: Began running node test.covid_pipeline.unique_mart_data_freshness_source_table.d8eb64dde4
[0m06:46:38.510690 [info ] [Thread-2 (]: 24 of 26 START test unique_mart_data_freshness_source_table .................... [RUN]
[0m06:46:38.511818 [debug] [Thread-2 (]: Re-using an available connection from the pool (formerly test.covid_pipeline.not_null_mart_rolling_avg_cases_state_fips.8e09741ccb, now test.covid_pipeline.unique_mart_data_freshness_source_table.d8eb64dde4)
[0m06:46:38.512441 [debug] [Thread-2 (]: Began compiling node test.covid_pipeline.unique_mart_data_freshness_source_table.d8eb64dde4
[0m06:46:38.519873 [debug] [Thread-2 (]: Writing injected SQL for node "test.covid_pipeline.unique_mart_data_freshness_source_table.d8eb64dde4"
[0m06:46:38.520986 [debug] [Thread-2 (]: Began executing node test.covid_pipeline.unique_mart_data_freshness_source_table.d8eb64dde4
[0m06:46:38.523853 [debug] [Thread-2 (]: Writing runtime sql for node "test.covid_pipeline.unique_mart_data_freshness_source_table.d8eb64dde4"
[0m06:46:38.526174 [debug] [Thread-2 (]: Using snowflake connection "test.covid_pipeline.unique_mart_data_freshness_source_table.d8eb64dde4"
[0m06:46:38.527007 [debug] [Thread-2 (]: On test.covid_pipeline.unique_mart_data_freshness_source_table.d8eb64dde4: select
      count(*) as failures,
      count(*) != 0 as should_warn,
      count(*) != 0 as should_error
    from (
      
    
  
    
    

select
    source_table as unique_field,
    count(*) as n_records

from COVID_DB.MARTS.mart_data_freshness
where source_table is not null
group by source_table
having count(*) > 1



  
  
      
    ) dbt_internal_test
/* {"app": "dbt", "dbt_version": "1.11.7", "profile_name": "covid_pipeline", "target_name": "dev", "node_id": "test.covid_pipeline.unique_mart_data_freshness_source_table.d8eb64dde4"} */
[0m06:46:38.709015 [debug] [Thread-4 (]: SQL status: SUCCESS 1 in 0.265 seconds
[0m06:46:38.712430 [info ] [Thread-4 (]: 21 of 26 PASS not_null_mart_severity_index_county_fips ......................... [[32mPASS[0m in 0.28s]
[0m06:46:38.714321 [debug] [Thread-4 (]: Finished running node test.covid_pipeline.not_null_mart_severity_index_county_fips.a1e81f5577
[0m06:46:38.715272 [debug] [Thread-4 (]: Began running node test.covid_pipeline.unique_mart_severity_index_county_fips.a529dba7d2
[0m06:46:38.717130 [debug] [Thread-3 (]: SQL status: SUCCESS 1 in 0.250 seconds
[0m06:46:38.716024 [info ] [Thread-4 (]: 25 of 26 START test unique_mart_severity_index_county_fips ..................... [RUN]
[0m06:46:38.721472 [debug] [Thread-4 (]: Re-using an available connection from the pool (formerly test.covid_pipeline.not_null_mart_severity_index_county_fips.a1e81f5577, now test.covid_pipeline.unique_mart_severity_index_county_fips.a529dba7d2)
[0m06:46:38.720599 [info ] [Thread-3 (]: 22 of 26 PASS not_null_mart_severity_index_severity_index ...................... [[32mPASS[0m in 0.27s]
[0m06:46:38.722934 [debug] [Thread-4 (]: Began compiling node test.covid_pipeline.unique_mart_severity_index_county_fips.a529dba7d2
[0m06:46:38.724209 [debug] [Thread-3 (]: Finished running node test.covid_pipeline.not_null_mart_severity_index_severity_index.4d29796c01
[0m06:46:38.730004 [debug] [Thread-4 (]: Writing injected SQL for node "test.covid_pipeline.unique_mart_severity_index_county_fips.a529dba7d2"
[0m06:46:38.730679 [debug] [Thread-3 (]: Began running node test.covid_pipeline.unique_mart_vaccination_vs_cases_county_fips.114454f6db
[0m06:46:38.731435 [info ] [Thread-3 (]: 26 of 26 START test unique_mart_vaccination_vs_cases_county_fips ............... [RUN]
[0m06:46:38.732304 [debug] [Thread-3 (]: Re-using an available connection from the pool (formerly test.covid_pipeline.not_null_mart_severity_index_severity_index.4d29796c01, now test.covid_pipeline.unique_mart_vaccination_vs_cases_county_fips.114454f6db)
[0m06:46:38.732804 [debug] [Thread-3 (]: Began compiling node test.covid_pipeline.unique_mart_vaccination_vs_cases_county_fips.114454f6db
[0m06:46:38.737216 [debug] [Thread-3 (]: Writing injected SQL for node "test.covid_pipeline.unique_mart_vaccination_vs_cases_county_fips.114454f6db"
[0m06:46:38.738112 [debug] [Thread-4 (]: Began executing node test.covid_pipeline.unique_mart_severity_index_county_fips.a529dba7d2
[0m06:46:38.742193 [debug] [Thread-4 (]: Writing runtime sql for node "test.covid_pipeline.unique_mart_severity_index_county_fips.a529dba7d2"
[0m06:46:38.743684 [debug] [Thread-3 (]: Began executing node test.covid_pipeline.unique_mart_vaccination_vs_cases_county_fips.114454f6db
[0m06:46:38.746616 [debug] [Thread-3 (]: Writing runtime sql for node "test.covid_pipeline.unique_mart_vaccination_vs_cases_county_fips.114454f6db"
[0m06:46:38.747936 [debug] [Thread-4 (]: Using snowflake connection "test.covid_pipeline.unique_mart_severity_index_county_fips.a529dba7d2"
[0m06:46:38.748482 [debug] [Thread-4 (]: On test.covid_pipeline.unique_mart_severity_index_county_fips.a529dba7d2: select
      count(*) as failures,
      count(*) != 0 as should_warn,
      count(*) != 0 as should_error
    from (
      
    
  
    
    

select
    county_fips as unique_field,
    count(*) as n_records

from COVID_DB.MARTS.mart_severity_index
where county_fips is not null
group by county_fips
having count(*) > 1



  
  
      
    ) dbt_internal_test
/* {"app": "dbt", "dbt_version": "1.11.7", "profile_name": "covid_pipeline", "target_name": "dev", "node_id": "test.covid_pipeline.unique_mart_severity_index_county_fips.a529dba7d2"} */
[0m06:46:38.751438 [debug] [Thread-3 (]: Using snowflake connection "test.covid_pipeline.unique_mart_vaccination_vs_cases_county_fips.114454f6db"
[0m06:46:38.752014 [debug] [Thread-3 (]: On test.covid_pipeline.unique_mart_vaccination_vs_cases_county_fips.114454f6db: select
      count(*) as failures,
      count(*) != 0 as should_warn,
      count(*) != 0 as should_error
    from (
      
    
  
    
    

select
    county_fips as unique_field,
    count(*) as n_records

from COVID_DB.MARTS.mart_vaccination_vs_cases
where county_fips is not null
group by county_fips
having count(*) > 1



  
  
      
    ) dbt_internal_test
/* {"app": "dbt", "dbt_version": "1.11.7", "profile_name": "covid_pipeline", "target_name": "dev", "node_id": "test.covid_pipeline.unique_mart_vaccination_vs_cases_county_fips.114454f6db"} */
[0m06:46:38.925296 [debug] [Thread-2 (]: SQL status: SUCCESS 1 in 0.398 seconds
[0m06:46:38.935054 [debug] [Thread-5 (]: SQL status: SUCCESS 1 in 0.448 seconds
[0m06:46:38.951695 [debug] [Thread-3 (]: SQL status: SUCCESS 1 in 0.199 seconds
[0m06:46:38.928964 [info ] [Thread-2 (]: 24 of 26 PASS unique_mart_data_freshness_source_table .......................... [[32mPASS[0m in 0.42s]
[0m06:46:38.957097 [debug] [Thread-2 (]: Finished running node test.covid_pipeline.unique_mart_data_freshness_source_table.d8eb64dde4
[0m06:46:38.938724 [info ] [Thread-5 (]: 23 of 26 PASS not_null_mart_vaccination_vs_cases_county_fips ................... [[32mPASS[0m in 0.46s]
[0m06:46:38.969498 [debug] [Thread-5 (]: Finished running node test.covid_pipeline.not_null_mart_vaccination_vs_cases_county_fips.407223a3c6
[0m06:46:38.973876 [debug] [Thread-4 (]: SQL status: SUCCESS 1 in 0.225 seconds
[0m06:46:38.955551 [warn ] [Thread-3 (]: 26 of 26 WARN 3211 unique_mart_vaccination_vs_cases_county_fips ................ [[33mWARN 3211[0m in 0.22s]
[0m06:46:38.979865 [debug] [Thread-3 (]: Finished running node test.covid_pipeline.unique_mart_vaccination_vs_cases_county_fips.114454f6db
[0m06:46:38.978166 [info ] [Thread-4 (]: 25 of 26 PASS unique_mart_severity_index_county_fips ........................... [[32mPASS[0m in 0.26s]
[0m06:46:38.992447 [debug] [Thread-4 (]: Finished running node test.covid_pipeline.unique_mart_severity_index_county_fips.a529dba7d2
[0m06:46:38.995290 [debug] [MainThread]: Connection 'master' was properly closed.
[0m06:46:38.996224 [debug] [MainThread]: Connection 'list_COVID_DB_INTERMEDIATE' was left open.
[0m06:46:38.997341 [debug] [MainThread]: On list_COVID_DB_INTERMEDIATE: Close
[0m06:46:39.102760 [debug] [MainThread]: Connection 'list_COVID_DB_MARTS' was left open.
[0m06:46:39.103629 [debug] [MainThread]: On list_COVID_DB_MARTS: Close
[0m06:46:39.243593 [debug] [MainThread]: Connection 'list_COVID_DB_STAGING' was left open.
[0m06:46:39.244177 [debug] [MainThread]: On list_COVID_DB_STAGING: Close
[0m06:46:39.352221 [debug] [MainThread]: Connection 'test.covid_pipeline.unique_mart_severity_index_county_fips.a529dba7d2' was left open.
[0m06:46:39.352773 [debug] [MainThread]: On test.covid_pipeline.unique_mart_severity_index_county_fips.a529dba7d2: Close
[0m06:46:39.474976 [debug] [MainThread]: Connection 'test.covid_pipeline.not_null_mart_vaccination_vs_cases_county_fips.407223a3c6' was left open.
[0m06:46:39.475537 [debug] [MainThread]: On test.covid_pipeline.not_null_mart_vaccination_vs_cases_county_fips.407223a3c6: Close
[0m06:46:39.577197 [debug] [MainThread]: Connection 'test.covid_pipeline.unique_mart_vaccination_vs_cases_county_fips.114454f6db' was left open.
[0m06:46:39.577734 [debug] [MainThread]: On test.covid_pipeline.unique_mart_vaccination_vs_cases_county_fips.114454f6db: Close
[0m06:46:39.681310 [debug] [MainThread]: Connection 'test.covid_pipeline.unique_mart_data_freshness_source_table.d8eb64dde4' was left open.
[0m06:46:39.681852 [debug] [MainThread]: On test.covid_pipeline.unique_mart_data_freshness_source_table.d8eb64dde4: Close
[0m06:46:39.799541 [info ] [MainThread]: 
[0m06:46:39.800595 [info ] [MainThread]: Finished running 26 data tests in 0 hours 0 minutes and 4.38 seconds (4.38s).
[0m06:46:39.807653 [debug] [MainThread]: Command end result
[0m06:46:39.857123 [debug] [MainThread]: Wrote artifact WritableManifest to C:\Users\Admin\workspace\DE_2025\Project3_Covid19_JW\covid_19\target\manifest.json
[0m06:46:39.861239 [debug] [MainThread]: Wrote artifact SemanticManifest to C:\Users\Admin\workspace\DE_2025\Project3_Covid19_JW\covid_19\target\semantic_manifest.json
[0m06:46:39.871585 [debug] [MainThread]: Wrote artifact RunExecutionResult to C:\Users\Admin\workspace\DE_2025\Project3_Covid19_JW\covid_19\target\run_results.json
[0m06:46:39.872120 [info ] [MainThread]: 
[0m06:46:39.873253 [info ] [MainThread]: [33mCompleted with 1 warning:[0m
[0m06:46:39.874132 [info ] [MainThread]: 
[0m06:46:39.874921 [warn ] [MainThread]: [33mWarning in test unique_mart_vaccination_vs_cases_county_fips (models\marts\schema.yml)[0m
[0m06:46:39.875677 [warn ] [MainThread]: Got 3211 results, configured to warn if != 0
[0m06:46:39.876363 [info ] [MainThread]: 
[0m06:46:39.877116 [info ] [MainThread]:   compiled code at target\compiled\covid_pipeline\models\marts\schema.yml\unique_mart_vaccination_vs_cases_county_fips.sql
[0m06:46:39.877774 [info ] [MainThread]: 
[0m06:46:39.878424 [info ] [MainThread]: Done. PASS=25 WARN=1 ERROR=0 SKIP=0 NO-OP=0 TOTAL=26
[0m06:46:39.880433 [debug] [MainThread]: Command `dbt test` succeeded at 06:46:39.880211 after 7.42 seconds
[0m06:46:39.881021 [debug] [MainThread]: Sending event: {'category': 'dbt', 'action': 'invocation', 'label': 'end', 'context': [<snowplow_tracker.self_describing_json.SelfDescribingJson object at 0x000002073F54CB90>, <snowplow_tracker.self_describing_json.SelfDescribingJson object at 0x0000020754CABCD0>, <snowplow_tracker.self_describing_json.SelfDescribingJson object at 0x0000020754CAB6A0>]}
[0m06:46:39.881554 [debug] [MainThread]: Flushing usage events
[0m06:46:40.075769 [debug] [MainThread]: An error was encountered while trying to flush usage events
